audio_filename,split,engine,machinery_impact,non_machinery_impact,powered_saw,alert_signal,music,human_voice,dog
00_000066.wav,validate,1,0,0,0,0,0,0,0
00_000071.wav,validate,0,0,0,0,0,0,0,0
00_000085.wav,validate,0,0,0,0,0,0,0,0
00_000118.wav,validate,1,0,0,0,0,0,1,0
00_000179.wav,validate,0,0,0,0,0,0,0,0
00_000275.wav,validate,1,0,0,0,0,0,0,0
00_000277.wav,validate,1,0,0,0,1,0,0,0
00_000357.wav,validate,1,0,1,0,0,0,0,0
00_000436.wav,validate,1,0,0,0,0,0,0,0
00_000440.wav,validate,1,0,0,0,1,0,1,0
00_000553.wav,validate,0,1,0,0,0,0,0,0
00_000564.wav,validate,0,0,0,1,0,0,0,0
00_000612.wav,validate,1,0,1,0,1,0,0,0
00_000634.wav,validate,0,1,0,0,0,0,0,0
00_000643.wav,validate,0,0,0,1,0,0,0,0
00_000688.wav,validate,1,0,0,0,1,0,0,0
00_000765.wav,validate,0,0,1,0,0,0,1,1
00_000823.wav,validate,1,0,0,0,0,0,0,0
00_000901.wav,validate,0,0,0,0,0,0,0,0
00_000924.wav,validate,1,0,1,0,1,0,1,0
00_000925.wav,validate,0,0,1,0,0,0,0,0
00_000934.wav,validate,1,0,0,0,0,0,1,0
00_000970.wav,validate,1,0,0,0,0,0,0,0
00_000985.wav,validate,1,0,0,0,0,0,0,0
00_001108.wav,validate,1,0,0,0,0,0,0,0
00_001177.wav,validate,1,0,0,0,1,0,0,0
00_001263.wav,validate,1,0,0,0,0,0,0,0
00_001392.wav,validate,0,0,0,0,0,0,0,0
00_001414.wav,validate,0,0,1,0,0,0,1,0
00_001429.wav,validate,1,0,0,0,1,0,0,0
00_001448.wav,validate,0,0,0,0,0,0,0,0
00_001449.wav,validate,1,0,0,0,0,0,0,0
00_001460.wav,validate,0,0,0,0,0,0,0,0
00_001513.wav,validate,1,0,0,0,0,0,0,0
00_001590.wav,validate,1,0,0,0,0,0,0,0
00_001597.wav,validate,1,0,0,0,1,0,0,0
00_001641.wav,validate,1,0,0,0,0,0,0,0
00_001651.wav,validate,1,0,0,0,0,0,0,0
00_001697.wav,validate,1,0,0,0,0,0,0,0
00_001707.wav,validate,0,0,0,0,0,0,1,0
00_001756.wav,validate,0,0,0,0,0,0,1,0
00_001813.wav,validate,1,0,0,0,0,0,1,0
00_001840.wav,validate,1,0,0,0,0,0,0,0
00_001865.wav,validate,1,0,0,0,0,0,0,0
00_001897.wav,validate,1,0,0,0,0,0,0,0
00_001967.wav,validate,1,0,0,0,0,0,0,0
00_002020.wav,validate,1,0,0,0,0,0,0,0
00_002112.wav,validate,0,0,0,0,0,0,0,0
00_002122.wav,validate,1,0,0,0,0,0,0,0
00_002154.wav,validate,1,1,0,0,0,0,0,0
00_002185.wav,validate,0,0,0,0,0,0,0,0
00_002305.wav,validate,0,0,0,0,0,0,0,0
00_002325.wav,validate,1,0,0,0,0,0,0,0
00_002349.wav,validate,1,0,0,0,0,0,0,0
00_002383.wav,validate,0,0,0,0,0,0,0,0
00_002429.wav,validate,0,0,0,1,0,0,0,0
00_002445.wav,validate,0,0,0,0,0,0,0,0
00_002451.wav,validate,0,0,0,0,0,0,0,0
00_002472.wav,validate,0,0,0,1,0,0,0,0
00_002484.wav,validate,1,0,0,0,0,0,0,0
00_002535.wav,validate,0,0,0,0,0,0,0,0
00_002571.wav,validate,1,0,0,0,1,0,0,0
00_002600.wav,validate,0,0,0,0,1,0,0,0
00_002626.wav,validate,1,0,0,0,0,0,0,0
00_002749.wav,validate,1,0,0,1,0,0,0,0
00_002775.wav,validate,0,0,0,0,0,0,0,0
00_002822.wav,validate,1,0,0,0,0,0,0,0
00_002851.wav,validate,0,0,0,1,0,0,0,0
00_002872.wav,validate,1,0,0,0,0,0,0,0
00_002978.wav,validate,1,0,0,0,0,0,0,0
00_003186.wav,validate,0,0,0,0,0,0,0,0
00_003199.wav,validate,0,0,0,0,0,0,0,0
00_003328.wav,validate,1,0,0,0,1,0,0,0
00_003337.wav,validate,0,0,0,0,0,0,0,0
00_003407.wav,validate,0,0,0,0,0,0,1,0
00_003428.wav,validate,0,0,0,0,0,0,0,0
00_003480.wav,validate,1,0,0,0,0,0,0,0
00_003586.wav,validate,0,0,0,0,0,0,0,0
00_003631.wav,validate,0,0,0,0,1,0,0,0
00_003659.wav,validate,0,0,0,0,0,0,1,0
00_003673.wav,validate,0,0,0,0,0,0,1,0
00_003682.wav,validate,0,1,0,0,0,0,1,0
00_003802.wav,validate,1,0,0,0,0,0,0,0
00_003928.wav,validate,0,0,0,0,0,0,0,0
00_003940.wav,validate,1,0,0,0,0,0,0,0
00_003972.wav,validate,0,0,0,0,0,0,1,0
00_004050.wav,validate,1,0,0,0,0,0,0,0
00_004077.wav,validate,1,0,0,0,0,0,0,0
00_004108.wav,validate,0,0,0,0,0,0,0,0
00_004112.wav,validate,1,0,0,0,0,0,0,0
00_004139.wav,validate,0,0,0,1,0,0,0,0
00_004186.wav,validate,0,0,0,0,0,0,0,0
00_004187.wav,validate,1,0,0,0,0,0,0,0
00_004202.wav,validate,1,0,0,0,0,0,0,0
00_004233.wav,validate,1,0,0,0,1,0,0,0
00_004262.wav,validate,0,0,0,0,1,0,1,0
00_004273.wav,validate,1,0,0,0,0,0,0,0
00_004288.wav,validate,0,0,0,0,0,0,0,0
00_004312.wav,validate,1,0,0,0,0,0,0,0
00_004319.wav,validate,0,0,0,0,0,0,0,0
00_004334.wav,validate,0,0,0,0,0,0,0,0
00_004340.wav,validate,0,0,0,0,0,0,0,0
00_004369.wav,validate,0,0,0,0,0,0,0,0
00_004392.wav,validate,1,0,0,0,0,0,0,0
00_004397.wav,validate,0,0,0,0,0,0,0,0
00_004412.wav,validate,1,0,0,0,0,0,0,0
00_004421.wav,validate,1,0,0,0,0,0,0,0
00_004480.wav,validate,0,0,0,0,0,0,0,0
00_004527.wav,validate,0,1,0,0,0,0,0,0
00_004567.wav,validate,0,0,0,0,0,0,0,0
00_004619.wav,validate,0,0,0,0,1,0,0,0
00_004667.wav,validate,1,0,0,0,1,0,0,0
00_004715.wav,validate,1,0,0,0,0,0,0,0
00_004869.wav,validate,0,0,0,0,0,0,0,0
00_004913.wav,validate,0,0,0,0,0,0,0,0
00_004918.wav,validate,0,0,0,0,0,0,0,0
00_004940.wav,validate,0,0,0,0,1,0,0,0
00_004968.wav,validate,1,0,0,0,0,0,0,0
00_005032.wav,validate,0,0,0,0,0,0,0,0
00_005080.wav,validate,1,0,0,0,0,0,0,0
00_005106.wav,validate,0,0,0,0,1,0,0,0
00_005114.wav,validate,0,0,0,0,0,0,0,0
00_005123.wav,validate,0,1,0,0,0,0,0,0
00_005205.wav,validate,0,0,0,0,1,0,0,0
00_005214.wav,validate,1,0,0,0,0,0,0,0
00_005233.wav,validate,1,0,0,0,0,0,0,0
00_005249.wav,validate,0,0,0,0,1,0,0,0
00_005298.wav,validate,1,0,0,0,0,0,1,0
00_005304.wav,validate,0,0,0,0,0,0,0,0
00_005368.wav,validate,0,0,0,1,0,0,0,0
00_005372.wav,validate,0,0,0,0,0,0,0,0
00_005409.wav,validate,1,0,0,0,0,0,0,0
00_005412.wav,validate,0,0,0,0,0,0,0,0
00_005413.wav,validate,0,0,0,0,0,0,0,0
00_005438.wav,validate,0,0,0,0,1,0,0,0
00_005544.wav,validate,0,0,0,0,0,0,0,0
00_005615.wav,validate,0,0,0,0,0,0,0,0
00_005654.wav,validate,0,0,0,0,0,0,1,0
00_005656.wav,validate,0,0,0,0,1,0,0,0
00_005679.wav,validate,1,0,0,0,0,0,0,0
00_005694.wav,validate,0,0,0,0,0,0,0,0
00_005705.wav,validate,1,0,0,0,0,0,0,0
00_005706.wav,validate,1,0,0,0,0,0,1,0
00_005753.wav,validate,1,0,0,0,0,0,0,0
00_005779.wav,validate,0,1,0,0,0,0,0,0
00_005801.wav,validate,1,0,0,0,0,0,0,0
00_005872.wav,validate,0,0,0,0,1,0,0,0
00_005873.wav,validate,1,0,0,0,0,0,0,0
00_005895.wav,validate,0,0,0,0,1,0,0,0
00_005902.wav,validate,1,0,0,0,0,0,0,0
00_005938.wav,validate,1,0,0,0,1,0,0,0
00_005940.wav,validate,1,0,0,0,0,0,0,0
00_005954.wav,validate,0,0,0,0,0,0,0,0
00_006038.wav,validate,0,0,0,0,0,0,0,0
00_006044.wav,validate,0,0,0,1,0,0,0,0
00_006089.wav,validate,0,0,0,0,0,0,1,0
00_006160.wav,validate,1,0,0,0,0,0,0,0
00_006163.wav,validate,1,0,0,0,0,0,0,0
00_006168.wav,validate,1,0,0,0,1,0,0,0
00_006213.wav,validate,1,0,0,0,0,0,0,0
00_006215.wav,validate,0,0,0,0,0,1,0,0
00_006285.wav,validate,1,0,0,0,0,0,0,0
00_006321.wav,validate,0,0,0,0,1,0,0,0
00_006385.wav,validate,1,0,0,0,1,0,1,0
00_006449.wav,validate,0,0,0,1,0,0,0,0
00_006457.wav,validate,0,0,0,0,0,0,0,0
00_006482.wav,validate,0,0,0,0,1,0,0,0
00_006512.wav,validate,1,0,0,0,1,0,0,0
00_006532.wav,validate,0,0,0,0,0,0,0,0
00_006538.wav,validate,1,0,0,0,0,0,0,0
00_006573.wav,validate,1,0,0,0,0,0,0,0
00_006602.wav,validate,1,0,0,0,0,0,0,0
00_006677.wav,validate,0,0,0,1,0,0,0,0
00_006717.wav,validate,0,0,0,0,1,0,0,0
00_006738.wav,validate,0,0,0,0,0,0,0,0
00_006741.wav,validate,0,0,0,0,0,0,0,0
00_006789.wav,validate,0,0,0,0,0,0,0,0
00_006881.wav,validate,1,0,0,0,0,0,0,0
00_006914.wav,validate,0,0,0,0,0,0,0,0
00_006924.wav,validate,1,0,0,0,0,0,0,0
00_006926.wav,validate,0,0,0,0,0,0,0,0
00_006948.wav,validate,0,0,0,0,0,0,0,0
00_007030.wav,validate,0,0,0,0,0,0,0,0
00_007080.wav,validate,0,0,0,0,0,0,0,0
00_007092.wav,validate,1,0,0,0,0,0,0,0
00_007098.wav,validate,1,0,0,0,0,0,0,0
00_007104.wav,validate,1,0,0,0,0,0,0,0
00_007112.wav,validate,0,0,0,0,0,0,0,0
00_007120.wav,validate,0,0,0,0,0,0,0,0
00_007156.wav,validate,0,0,0,1,0,0,0,0
00_007184.wav,validate,0,0,0,0,1,0,1,0
00_007257.wav,validate,0,0,0,0,0,0,0,0
00_007280.wav,validate,0,0,0,0,0,0,0,0
00_007332.wav,validate,0,0,0,0,0,0,0,0
00_007340.wav,validate,0,0,0,0,1,0,0,0
00_007364.wav,validate,0,0,0,0,0,0,0,0
00_007377.wav,validate,1,0,0,0,0,0,0,0
00_007390.wav,validate,1,0,0,0,0,0,0,0
00_007402.wav,validate,0,0,0,0,0,0,0,0
00_007445.wav,validate,0,0,0,0,0,0,0,0
00_007503.wav,validate,0,0,0,0,0,0,0,0
00_007522.wav,validate,1,0,0,0,0,0,0,0
00_007540.wav,validate,0,1,0,0,0,0,0,0
00_007541.wav,validate,1,0,0,0,0,0,0,0
00_007637.wav,validate,0,0,0,0,0,0,0,0
00_007687.wav,validate,1,0,0,0,0,0,0,0
00_007713.wav,validate,1,0,0,0,0,0,1,0
00_007723.wav,validate,0,0,0,0,0,0,0,0
00_007727.wav,validate,1,0,0,0,1,0,0,0
00_007813.wav,validate,0,0,0,0,0,0,0,0
00_007827.wav,validate,1,0,0,0,0,0,1,0
00_007837.wav,validate,1,0,0,0,0,0,0,0
00_007884.wav,validate,1,0,0,0,0,0,0,0
00_007892.wav,validate,0,0,0,0,0,0,0,0
00_008028.wav,validate,1,0,0,0,0,0,0,0
00_008045.wav,validate,1,0,0,0,0,0,0,0
00_008058.wav,validate,1,0,0,0,0,0,0,0
00_008072.wav,validate,1,0,0,1,0,0,0,0
00_008093.wav,validate,0,0,1,0,0,0,0,0
00_008107.wav,validate,1,0,0,0,0,0,0,0
00_008154.wav,validate,1,0,0,0,0,0,0,0
00_008161.wav,validate,1,0,0,0,0,0,0,0
00_008177.wav,validate,0,0,0,0,0,0,0,0
00_008212.wav,validate,0,0,0,0,0,0,0,0
00_008214.wav,validate,1,0,0,0,0,0,0,0
00_008227.wav,validate,0,0,0,0,0,0,0,0
00_008239.wav,validate,0,0,0,0,0,0,0,0
00_008271.wav,validate,0,0,0,0,0,0,0,0
00_008274.wav,validate,1,0,0,0,0,0,0,0
00_008300.wav,validate,0,0,0,0,0,0,1,0
00_008403.wav,validate,1,0,0,0,0,0,0,0
00_008405.wav,validate,1,0,0,0,0,0,0,0
00_008464.wav,validate,0,0,0,0,1,0,0,0
00_008478.wav,validate,1,0,0,0,1,0,0,0
00_008542.wav,validate,1,0,0,0,0,0,0,0
00_008557.wav,validate,0,0,0,0,0,0,0,0
00_008588.wav,validate,0,0,0,0,0,0,0,0
00_008592.wav,validate,0,0,0,0,0,0,0,0
00_008697.wav,validate,0,0,0,0,0,0,0,0
00_008745.wav,validate,1,0,0,0,0,0,1,0
00_008800.wav,validate,0,0,0,0,0,0,0,0
00_008865.wav,validate,0,0,0,0,0,0,0,0
00_008922.wav,validate,0,0,0,0,0,0,1,0
00_008925.wav,validate,0,0,0,0,1,0,0,0
00_008938.wav,validate,0,0,0,0,0,0,1,0
00_009052.wav,validate,0,0,0,0,0,0,1,0
00_009066.wav,validate,0,0,0,0,0,0,1,0
00_009076.wav,validate,0,0,0,0,1,0,1,0
00_009122.wav,validate,1,0,0,0,0,0,0,0
00_009220.wav,validate,0,1,0,0,0,0,0,0
00_009223.wav,validate,1,0,0,0,0,0,1,0
00_009225.wav,validate,1,0,0,0,0,0,0,0
00_009229.wav,validate,1,0,0,0,0,0,0,0
00_009264.wav,validate,0,0,0,0,0,0,0,0
00_009356.wav,validate,1,0,0,0,0,0,0,0
00_009360.wav,validate,0,0,0,0,0,0,0,0
00_009377.wav,validate,1,0,0,0,0,0,0,0
00_009486.wav,validate,1,0,0,0,0,0,0,0
00_009580.wav,validate,1,0,0,0,0,0,1,0
00_009598.wav,validate,1,0,0,0,0,0,0,0
00_009736.wav,validate,0,0,0,0,0,0,1,0
00_009762.wav,validate,1,0,0,0,1,0,0,0
00_009837.wav,validate,1,0,0,0,0,0,0,0
00_009916.wav,validate,1,0,0,0,1,0,0,0
00_010047.wav,validate,1,0,0,0,0,0,0,0
00_010121.wav,validate,1,0,0,0,1,0,0,0
00_010145.wav,validate,0,0,0,0,0,0,1,0
00_010147.wav,validate,1,0,0,0,0,0,1,0
00_010169.wav,validate,1,0,0,0,1,0,0,0
00_010233.wav,validate,0,0,0,0,0,1,0,0
00_010285.wav,validate,0,0,0,1,0,0,0,0
00_010322.wav,validate,0,0,0,0,0,0,0,0
00_010346.wav,validate,1,1,0,0,0,0,0,0
00_010393.wav,validate,1,0,0,0,0,0,0,0
00_010426.wav,validate,1,0,0,0,0,0,0,0
00_010430.wav,validate,0,0,0,1,0,0,0,0
00_010453.wav,validate,1,0,0,0,0,0,0,0
00_010457.wav,validate,0,0,0,0,0,0,0,0
00_010471.wav,validate,1,0,0,0,1,0,0,0
00_010477.wav,validate,1,0,0,0,1,0,0,0
00_010496.wav,validate,0,1,0,0,0,0,0,0
00_010529.wav,validate,0,0,0,0,0,0,0,0
00_010577.wav,validate,0,1,0,0,1,0,0,0
00_010587.wav,validate,1,0,0,0,0,0,0,0
00_010591.wav,validate,1,0,0,0,0,0,0,0
00_010617.wav,validate,1,0,0,0,0,0,0,0
00_010710.wav,validate,1,0,0,0,0,0,0,0
00_010717.wav,validate,0,0,0,0,0,0,0,0
00_010741.wav,validate,0,0,0,0,0,0,0,0
00_010766.wav,validate,0,0,0,0,0,0,0,0
00_010829.wav,validate,1,0,0,0,0,0,0,0
00_010854.wav,validate,0,0,0,0,0,0,0,0
00_010859.wav,validate,0,0,0,0,0,0,0,0
00_010876.wav,validate,0,0,0,0,0,0,0,0
00_010900.wav,validate,0,0,0,0,1,0,0,0
00_010925.wav,validate,1,0,0,0,0,0,0,0
00_010991.wav,validate,0,0,0,0,0,0,0,0
00_011007.wav,validate,1,0,0,0,0,0,0,0
00_011039.wav,validate,1,0,0,0,0,0,0,0
00_011043.wav,validate,0,0,0,0,0,0,1,0
00_011076.wav,validate,0,0,0,0,0,0,1,0
00_011089.wav,validate,1,0,0,0,0,0,0,0
00_011113.wav,validate,0,0,0,0,0,0,0,0
00_011180.wav,validate,0,0,0,0,1,0,0,0
00_011228.wav,validate,0,0,0,0,0,0,0,0
00_011312.wav,validate,1,0,0,0,0,0,0,0
00_011319.wav,validate,0,0,0,0,0,0,0,0
00_011343.wav,validate,0,0,0,0,0,0,1,0
00_011382.wav,validate,0,0,0,0,1,0,0,0
00_011397.wav,validate,1,0,0,0,0,0,0,0
00_011443.wav,validate,1,0,0,0,0,0,0,0
00_011478.wav,validate,0,0,0,0,0,0,0,0
00_011508.wav,validate,1,1,0,0,0,0,0,0
00_011509.wav,validate,1,0,0,0,0,0,0,0
00_011642.wav,validate,0,0,0,0,1,0,0,0
00_011686.wav,validate,0,0,0,0,1,0,0,0
00_011767.wav,validate,1,0,0,0,0,0,0,0
00_011844.wav,validate,0,0,0,0,0,0,0,0
00_011883.wav,validate,0,0,0,0,0,0,0,0
00_011886.wav,validate,1,0,0,0,0,0,0,0
00_011903.wav,validate,0,0,0,0,0,0,0,0
00_011993.wav,validate,1,0,0,0,0,0,0,0
00_011996.wav,validate,0,0,0,0,0,0,0,0
00_011999.wav,validate,1,0,0,0,0,0,0,0
00_012016.wav,validate,0,0,0,0,0,0,0,0
00_012028.wav,validate,1,0,0,0,1,0,0,0
00_012042.wav,validate,0,0,0,0,0,0,0,0
00_012076.wav,validate,0,0,0,0,0,0,0,0
00_012095.wav,validate,1,0,0,0,0,0,0,0
00_012169.wav,validate,1,0,0,0,0,0,1,0
00_012196.wav,validate,0,0,0,0,1,0,0,0
00_012201.wav,validate,1,0,0,0,0,0,0,0
00_012233.wav,validate,0,0,0,0,0,0,0,0
00_012234.wav,validate,1,0,0,0,0,0,0,0
00_012339.wav,validate,1,0,0,0,1,0,0,0
00_012372.wav,validate,0,0,1,0,0,0,0,0
00_012388.wav,validate,0,0,0,0,1,0,0,0
00_012406.wav,validate,0,0,0,0,0,0,0,0
00_012410.wav,validate,0,1,0,0,0,0,0,0
00_012425.wav,validate,1,0,0,0,0,0,0,0
00_012435.wav,validate,0,0,0,0,1,0,0,0
00_012478.wav,validate,0,1,0,0,0,0,0,0
00_012520.wav,validate,1,0,0,0,0,0,0,0
00_012527.wav,validate,0,0,0,0,0,0,0,0
00_012534.wav,validate,1,0,0,0,0,0,0,0
00_012568.wav,validate,1,0,0,0,0,0,0,0
00_012591.wav,validate,0,0,0,0,0,0,0,0
00_012678.wav,validate,0,0,0,0,0,0,0,0
00_012685.wav,validate,0,0,0,0,0,0,0,0
00_012688.wav,validate,0,0,0,0,0,0,0,0
00_012709.wav,validate,1,0,0,0,0,0,0,0
00_012716.wav,validate,1,0,0,0,0,0,0,0
00_012726.wav,validate,0,0,0,0,0,0,0,0
00_012799.wav,validate,1,0,0,0,0,0,0,0
00_012849.wav,validate,0,0,0,0,0,0,0,0
00_012850.wav,validate,0,0,0,0,0,0,0,0
00_012870.wav,validate,0,0,0,0,1,0,0,0
00_012871.wav,validate,1,0,0,0,0,0,0,0
00_012878.wav,validate,0,0,0,0,0,0,0,0
00_012900.wav,validate,1,0,0,0,1,0,0,0
00_012921.wav,validate,1,0,0,0,0,0,0,0
00_012952.wav,validate,0,0,0,0,0,0,0,0
00_013013.wav,validate,0,0,0,1,0,0,0,0
00_013041.wav,validate,0,0,0,0,0,0,0,0
00_013043.wav,validate,0,0,0,0,0,0,0,0
00_013150.wav,validate,0,1,0,0,0,0,0,0
00_013258.wav,validate,1,0,0,0,0,0,0,0
00_013281.wav,validate,0,0,0,0,0,0,0,0
00_013283.wav,validate,0,0,0,1,0,0,0,0
00_013303.wav,validate,0,0,0,0,0,0,0,0
00_013336.wav,validate,0,0,0,0,0,0,0,0
00_013341.wav,validate,1,0,0,0,0,0,0,0
00_013357.wav,validate,1,0,0,0,0,0,0,0
00_013432.wav,validate,1,0,0,0,0,0,0,0
00_013457.wav,validate,0,0,0,0,0,0,0,0
00_013489.wav,validate,0,0,0,0,0,0,0,0
00_013543.wav,validate,1,0,0,0,0,0,0,0
00_013629.wav,validate,0,0,0,0,0,0,0,0
00_013635.wav,validate,1,0,0,0,0,0,0,0
00_013649.wav,validate,1,0,0,0,0,0,0,0
00_013674.wav,validate,0,0,0,0,0,0,0,0
00_013691.wav,validate,1,0,0,0,0,0,0,0
00_013701.wav,validate,0,0,0,0,1,0,0,0
00_013705.wav,validate,0,0,0,0,0,0,0,0
00_016411.wav,validate,1,0,0,0,0,0,0,0
00_016419.wav,validate,1,0,0,0,1,0,0,0
00_016607.wav,validate,0,0,0,0,1,0,0,0
00_016613.wav,validate,0,0,0,0,0,0,0,0
00_016736.wav,validate,0,0,0,0,0,0,1,0
00_016821.wav,validate,0,0,0,0,1,0,0,0
00_016958.wav,validate,0,0,0,0,0,1,0,0
00_017055.wav,validate,1,0,0,0,0,0,0,0
00_017093.wav,validate,1,0,0,0,1,0,0,0
00_017113.wav,validate,1,0,0,0,0,0,0,0
00_017121.wav,validate,1,0,0,0,0,0,1,0
00_017146.wav,validate,1,0,0,0,0,0,1,0
00_017182.wav,validate,0,0,0,0,0,0,0,0
00_017213.wav,validate,1,0,0,0,0,0,0,0
00_017270.wav,validate,1,0,0,0,1,0,0,0
00_017296.wav,validate,1,0,0,0,0,0,0,0
00_017298.wav,validate,1,0,0,0,0,0,0,0
00_017302.wav,validate,1,1,0,0,0,0,0,0
00_017337.wav,validate,0,0,0,0,1,0,0,0
00_017338.wav,validate,1,0,0,0,0,0,0,0
00_017389.wav,validate,1,0,0,0,0,0,0,0
00_017422.wav,validate,0,0,0,0,0,0,1,0
00_017476.wav,validate,1,0,0,0,0,0,1,0
00_017509.wav,validate,1,0,0,0,1,0,0,0
00_017560.wav,validate,0,0,0,0,0,0,0,0
00_017563.wav,validate,1,0,0,0,0,0,0,0
00_017583.wav,validate,1,0,0,0,0,0,0,0
00_017599.wav,validate,0,0,0,0,1,0,0,0
00_017600.wav,validate,0,0,0,0,0,0,0,0
00_017735.wav,validate,1,0,0,0,0,0,0,0
00_017736.wav,validate,1,0,0,0,1,0,0,0
00_017740.wav,validate,0,0,0,0,1,0,0,0
00_017761.wav,validate,1,0,0,0,0,0,1,0
00_017789.wav,validate,1,0,0,0,0,0,0,0
00_017821.wav,validate,0,1,0,0,0,0,0,0
00_017848.wav,validate,0,0,0,0,0,0,1,0
00_017887.wav,validate,0,0,0,0,0,0,0,0
00_017978.wav,validate,1,0,0,0,0,0,0,0
00_017996.wav,validate,0,0,0,0,0,0,0,0
00_018075.wav,validate,1,0,0,0,1,0,1,0
00_018158.wav,validate,0,0,0,0,1,0,0,0
00_018195.wav,validate,0,0,0,0,0,0,1,0
00_018250.wav,validate,1,0,0,0,0,0,0,0
00_018299.wav,validate,0,0,0,0,0,0,0,0
00_018335.wav,validate,1,0,0,0,0,0,0,0
00_018383.wav,validate,0,0,0,0,0,0,0,0
00_018400.wav,validate,1,0,0,0,0,0,0,0
00_018439.wav,validate,0,0,0,0,0,0,0,0
00_018443.wav,validate,0,0,0,1,0,0,0,0
00_018454.wav,validate,0,0,0,0,0,0,0,0
00_018477.wav,validate,0,0,0,0,1,0,0,0
00_018479.wav,validate,0,0,0,0,0,0,0,0
00_018549.wav,validate,1,0,0,0,0,0,0,0
00_018551.wav,validate,0,0,0,0,0,0,0,0
00_018565.wav,validate,1,0,0,0,0,0,0,0
00_018608.wav,validate,0,0,0,0,1,0,0,0
00_018700.wav,validate,0,1,0,0,0,0,0,0
00_018737.wav,validate,1,0,0,0,0,0,0,0
00_018750.wav,validate,1,0,0,0,0,0,1,0
00_018765.wav,validate,0,0,0,0,0,0,0,0
00_018783.wav,validate,0,0,0,0,0,0,1,0
00_018798.wav,validate,0,0,0,0,0,0,1,0
00_018804.wav,validate,1,0,0,0,0,0,0,0
00_018939.wav,validate,0,0,0,0,0,0,0,0
00_019035.wav,validate,1,0,0,0,0,0,0,0
00_019083.wav,validate,0,0,0,0,0,0,0,0
00_019090.wav,validate,0,0,0,0,0,0,0,0
00_019120.wav,validate,0,0,0,0,0,0,0,0
00_019123.wav,validate,0,0,0,0,0,0,0,0
00_019171.wav,validate,0,0,0,0,1,0,0,0
00_019196.wav,validate,0,0,0,0,0,0,0,0
00_019215.wav,validate,0,0,0,0,0,0,0,0
00_019254.wav,validate,1,0,0,0,0,0,0,0
00_019365.wav,validate,1,0,0,0,0,0,0,0
00_019388.wav,validate,0,0,0,0,1,0,0,0
00_019395.wav,validate,1,0,0,0,0,0,0,0
00_019504.wav,validate,1,0,0,0,1,0,0,0
00_019514.wav,validate,0,0,0,0,1,0,0,0
00_019542.wav,validate,0,0,0,0,1,0,0,0
00_019543.wav,validate,1,0,0,0,0,0,0,0
00_019613.wav,validate,0,1,0,0,0,0,0,0
00_019656.wav,validate,0,0,0,0,0,0,0,0
00_019728.wav,validate,1,0,0,0,0,0,0,0
00_019834.wav,validate,0,0,1,0,1,0,0,0
00_019863.wav,validate,1,0,0,0,0,0,0,0
00_019872.wav,validate,0,0,0,0,0,0,0,0
00_019901.wav,validate,0,0,0,0,0,0,1,0
00_019910.wav,validate,1,0,0,0,0,0,0,0
00_019929.wav,validate,0,0,0,0,0,0,0,0
00_019949.wav,validate,0,0,0,0,1,0,0,0
00_020007.wav,validate,0,0,0,0,1,0,0,0
00_020015.wav,validate,0,0,0,0,0,0,0,0
00_020107.wav,validate,1,0,0,0,0,0,0,0
00_020152.wav,validate,1,0,0,0,0,0,0,0
00_020168.wav,validate,1,0,0,0,0,0,0,0
00_020196.wav,validate,1,0,0,0,0,0,1,0
00_020205.wav,validate,0,0,0,0,0,0,0,0
00_020254.wav,validate,0,0,0,0,0,0,0,0
00_020347.wav,validate,1,0,0,0,0,0,0,0
00_020348.wav,validate,1,0,0,0,0,0,0,0
00_020355.wav,validate,1,0,0,0,0,0,0,0
00_020365.wav,validate,1,0,0,0,0,0,1,0
00_020673.wav,validate,1,0,0,0,0,0,0,0
00_020862.wav,validate,0,0,0,0,0,0,0,0
00_020885.wav,validate,0,1,0,0,0,0,0,0
00_020888.wav,validate,1,0,0,0,0,0,0,0
00_020893.wav,validate,0,0,0,0,0,1,0,0
00_026884.wav,test,1,0,1,0,0,0,0,0
00_026919.wav,test,1,0,0,0,0,0,0,0
00_027065.wav,test,1,0,0,0,0,0,0,0
00_027096.wav,test,0,0,1,0,1,0,0,0
00_027130.wav,test,0,0,0,0,1,0,1,0
00_027176.wav,test,1,0,0,0,0,0,1,0
00_027218.wav,test,1,0,0,0,1,0,1,0
00_027273.wav,test,0,0,1,0,0,0,1,1
00_027302.wav,test,1,0,0,0,0,0,1,0
00_027342.wav,test,1,0,0,0,1,0,0,0
00_027359.wav,test,1,0,0,0,0,0,1,0
00_027381.wav,test,1,0,0,0,0,0,1,0
00_027387.wav,test,1,0,1,0,0,0,0,0
00_027427.wav,test,0,0,1,0,1,0,0,0
00_027444.wav,test,1,0,1,0,0,0,0,0
00_027530.wav,test,0,0,0,0,0,0,0,0
00_027708.wav,test,1,0,0,0,0,0,1,0
00_027803.wav,test,1,0,1,0,0,0,0,0
01_000006.wav,train,0,0,0,0,0,0,0,1
01_000038.wav,train,0,0,0,0,0,0,0,1
01_000061.wav,train,0,0,0,0,0,1,0,0
01_000126.wav,train,0,0,0,0,0,0,1,0
01_000143.wav,train,0,0,0,0,0,0,1,0
01_000156.wav,train,0,0,0,0,0,0,1,1
01_000159.wav,train,0,0,0,0,0,1,1,0
01_000167.wav,train,0,0,0,0,1,0,0,1
01_000172.wav,train,0,0,0,0,0,0,1,0
01_000174.wav,train,1,0,0,0,0,0,1,0
01_000186.wav,train,0,0,0,0,0,0,1,1
01_000219.wav,train,0,0,0,0,0,0,0,1
01_000227.wav,train,0,0,0,0,0,0,0,1
01_000237.wav,train,0,0,0,0,0,0,1,0
01_000319.wav,train,0,0,0,0,0,0,0,1
01_000341.wav,train,0,0,0,0,1,0,1,1
01_000345.wav,train,0,0,0,0,0,0,1,1
01_000378.wav,train,0,0,0,0,0,0,1,1
01_000380.wav,train,0,0,0,0,0,0,1,1
01_000392.wav,train,1,0,0,0,0,0,1,0
01_000414.wav,train,0,0,0,0,0,0,1,1
01_000420.wav,train,0,0,0,0,0,0,1,0
01_000443.wav,train,0,0,0,0,0,1,1,1
01_000467.wav,train,0,0,0,0,0,0,0,1
01_000497.wav,train,0,0,0,0,0,0,0,0
01_000502.wav,train,0,0,0,0,0,0,0,1
01_000504.wav,train,1,0,0,0,0,0,0,0
01_000511.wav,train,0,0,0,0,0,0,0,0
01_000550.wav,train,1,0,0,0,0,0,0,1
01_000551.wav,train,1,0,0,0,0,0,0,0
01_000596.wav,train,0,0,0,0,0,0,1,1
01_000695.wav,train,0,0,0,0,0,0,0,1
01_000702.wav,train,0,0,0,0,0,0,1,1
01_000724.wav,train,0,0,0,0,0,0,0,1
01_000751.wav,train,0,0,0,0,0,0,0,1
01_000759.wav,train,0,0,0,1,0,0,0,0
01_000775.wav,train,1,0,1,0,0,0,0,0
01_000789.wav,train,0,0,0,0,0,0,0,0
01_000794.wav,train,0,0,0,0,0,0,0,0
01_000851.wav,train,0,0,0,0,0,0,0,1
01_000856.wav,train,0,0,0,0,0,0,1,1
01_000863.wav,train,0,0,0,0,0,0,1,0
01_000881.wav,train,0,0,0,0,0,0,0,1
01_000884.wav,train,1,0,0,0,0,0,0,0
01_000912.wav,train,1,0,1,0,0,0,0,0
01_000914.wav,train,0,0,0,0,0,0,1,0
01_000917.wav,train,0,0,0,0,0,0,0,0
01_000967.wav,train,0,0,0,0,0,0,1,1
01_000982.wav,train,0,0,0,0,0,0,1,1
01_001018.wav,train,0,0,0,0,0,0,0,0
01_001043.wav,train,1,0,0,0,0,0,0,0
01_001059.wav,train,0,0,0,0,1,0,0,0
01_001086.wav,train,0,0,0,0,0,0,0,1
01_001093.wav,train,1,0,0,0,0,0,0,1
01_001134.wav,train,0,0,0,0,0,0,1,1
01_001142.wav,train,0,0,0,0,0,0,0,1
01_001155.wav,train,0,0,0,0,0,0,0,1
01_001179.wav,train,1,0,0,0,0,0,0,0
01_001186.wav,train,0,0,0,0,0,0,0,0
01_001197.wav,train,0,0,0,0,0,0,0,0
01_001213.wav,train,0,0,0,0,0,0,0,1
01_001214.wav,train,0,0,0,0,0,0,0,0
01_001235.wav,train,0,0,0,0,0,0,0,1
01_001262.wav,train,0,0,0,0,0,0,0,0
01_001267.wav,train,0,0,0,0,0,0,1,1
01_001297.wav,train,0,0,0,0,0,0,0,1
01_001299.wav,train,0,0,0,0,0,0,0,1
01_001303.wav,train,0,0,0,0,0,0,1,0
01_001311.wav,train,0,0,0,0,0,0,1,1
01_001332.wav,train,0,1,0,0,0,0,1,0
01_001341.wav,train,0,0,0,0,0,0,1,1
01_001350.wav,train,0,0,0,0,0,0,1,1
01_001373.wav,train,0,0,0,0,0,0,0,0
01_001377.wav,train,0,0,0,0,0,0,0,1
01_001384.wav,train,0,0,0,0,0,0,0,1
01_001435.wav,train,0,0,0,0,0,0,1,0
01_001441.wav,train,1,0,0,0,0,0,0,0
01_001463.wav,train,0,0,0,0,0,0,0,0
01_001464.wav,train,0,0,0,0,1,0,0,0
01_001474.wav,train,0,0,0,0,0,0,1,0
01_001476.wav,train,0,0,0,1,0,0,0,0
01_001495.wav,train,0,0,0,0,0,0,0,0
01_001496.wav,train,0,0,0,0,1,0,0,0
01_001516.wav,train,1,0,0,0,0,0,0,0
01_001524.wav,train,0,0,0,0,0,0,1,1
01_001534.wav,train,0,0,0,0,0,0,1,1
01_001554.wav,train,0,0,0,0,0,0,0,0
01_001557.wav,train,0,0,1,0,0,0,0,1
01_001572.wav,train,0,0,0,0,0,0,1,1
01_001584.wav,train,0,0,0,0,0,0,0,0
01_001585.wav,train,0,0,0,0,0,0,1,0
01_001588.wav,train,0,0,0,0,0,0,0,1
01_001594.wav,train,0,0,0,0,0,1,1,1
01_001610.wav,train,0,0,0,0,0,0,1,0
01_001611.wav,train,1,0,0,0,0,0,0,0
01_001618.wav,train,0,0,0,0,0,0,0,0
01_001634.wav,train,0,0,0,0,1,0,1,0
01_001658.wav,train,0,0,0,0,0,0,0,0
01_001667.wav,train,0,0,0,0,0,0,0,0
01_001676.wav,train,0,0,0,0,0,0,0,0
01_001677.wav,train,1,0,0,0,1,0,1,0
01_001696.wav,train,0,0,0,0,0,0,0,1
01_001702.wav,train,0,0,0,0,0,0,0,0
01_001729.wav,train,0,0,0,0,0,0,0,1
01_001731.wav,train,0,0,0,0,0,0,0,0
01_001767.wav,train,0,0,0,0,0,0,0,0
01_001778.wav,train,0,0,0,0,0,0,0,0
01_001781.wav,train,0,0,0,0,0,0,1,0
01_001793.wav,train,0,0,0,0,0,0,0,1
01_001802.wav,train,0,0,0,0,0,0,1,0
01_001859.wav,train,0,0,0,0,0,0,0,0
01_001879.wav,train,0,0,0,0,0,0,0,0
01_001911.wav,train,0,0,0,0,0,0,0,1
01_001948.wav,train,0,0,0,0,0,0,0,0
01_001953.wav,train,0,0,0,0,0,0,1,1
01_001956.wav,train,0,0,0,0,0,0,0,0
01_001971.wav,train,0,0,0,0,0,0,0,1
01_001977.wav,train,0,0,0,0,0,0,0,1
01_002024.wav,train,0,0,0,0,0,0,1,1
01_002035.wav,train,0,0,0,0,0,0,1,1
01_002036.wav,train,0,0,0,0,0,0,0,1
01_002043.wav,train,0,0,0,0,0,0,0,0
01_002048.wav,train,1,0,0,0,0,0,0,0
01_002053.wav,train,0,0,0,0,0,0,0,1
01_002057.wav,train,0,0,0,0,0,0,0,0
01_002075.wav,train,0,0,1,0,0,0,1,1
01_002084.wav,train,1,0,0,0,0,0,0,0
01_002117.wav,train,1,0,0,0,0,0,0,0
01_002139.wav,train,0,0,0,0,0,0,0,0
01_002140.wav,train,0,0,0,0,0,0,0,0
01_002143.wav,train,0,0,0,0,0,0,0,0
01_002150.wav,train,0,0,0,0,0,0,1,0
01_002162.wav,train,1,0,0,0,0,0,0,0
01_002165.wav,train,0,0,0,0,0,0,0,0
01_002166.wav,train,0,0,0,0,0,0,0,1
01_002242.wav,train,0,0,0,0,0,0,0,1
01_002247.wav,train,0,0,0,0,0,0,1,0
01_002253.wav,train,0,0,0,0,0,0,0,1
01_002269.wav,train,0,0,0,0,0,1,0,1
01_002292.wav,train,0,0,0,0,0,0,0,1
01_002293.wav,train,0,0,0,0,0,0,1,0
01_002297.wav,train,0,0,0,0,0,0,0,1
01_002316.wav,train,0,0,0,0,0,0,0,1
01_002318.wav,train,0,0,0,0,0,0,0,1
01_002324.wav,train,0,0,0,0,1,0,1,1
01_002343.wav,train,0,0,0,0,0,0,0,0
01_002363.wav,train,0,0,0,0,0,0,0,1
01_002412.wav,train,1,0,0,0,0,0,1,0
01_002470.wav,train,0,0,0,0,0,0,0,0
01_002494.wav,train,1,0,0,0,0,0,1,1
01_002503.wav,train,0,0,0,0,0,0,0,0
01_002518.wav,train,0,0,0,0,0,0,0,1
01_002519.wav,train,0,0,0,0,0,0,1,0
01_002532.wav,train,1,0,0,0,0,0,0,0
01_002538.wav,train,0,0,0,0,0,0,1,0
01_002553.wav,train,1,0,0,0,0,0,0,0
01_002572.wav,train,0,0,0,0,0,0,0,1
01_002577.wav,train,0,0,0,0,0,0,1,1
01_002587.wav,train,0,0,0,0,0,0,0,0
01_002615.wav,train,0,0,0,0,0,0,1,0
01_002616.wav,train,0,0,0,0,0,0,0,0
01_002625.wav,train,0,0,0,0,0,1,1,1
01_002637.wav,train,0,0,0,0,0,1,0,0
01_002644.wav,train,0,0,0,0,0,0,0,1
01_002666.wav,train,0,0,0,0,0,0,0,0
01_002675.wav,train,0,0,0,0,0,0,0,1
01_002700.wav,train,0,0,0,0,0,0,0,1
01_002719.wav,train,1,0,0,0,0,0,1,0
01_002722.wav,train,0,0,0,0,0,0,0,1
01_002740.wav,train,0,0,0,0,0,0,0,1
01_002742.wav,train,0,0,0,0,0,0,0,1
01_002779.wav,train,0,0,0,0,0,0,1,0
01_002793.wav,train,0,0,0,0,0,0,0,1
01_002832.wav,train,0,0,0,0,0,0,0,0
01_002837.wav,train,0,0,0,0,0,0,0,1
01_002864.wav,train,0,0,0,0,0,0,0,0
01_002906.wav,train,0,0,0,0,0,0,0,0
01_002915.wav,train,0,0,0,0,0,0,1,0
01_002957.wav,train,1,0,0,0,0,0,0,0
01_002974.wav,train,0,0,0,0,0,0,1,0
01_002996.wav,train,0,0,0,0,0,0,0,1
01_003012.wav,train,1,0,0,0,0,0,0,1
01_003013.wav,train,0,0,0,0,0,0,0,0
01_003034.wav,train,1,0,0,0,0,0,0,0
01_003043.wav,train,1,0,0,0,0,0,0,0
01_003084.wav,train,0,0,0,0,0,0,0,0
01_003107.wav,train,0,0,0,0,0,0,0,1
01_003133.wav,train,0,0,0,0,0,0,0,1
01_003166.wav,train,0,0,0,0,0,0,0,1
01_003182.wav,train,0,0,0,0,0,0,0,0
01_003255.wav,train,0,0,0,0,0,0,0,1
01_003262.wav,train,0,0,0,0,0,0,0,1
01_003273.wav,train,1,0,0,0,0,0,0,0
01_003292.wav,train,0,0,0,0,0,0,1,1
01_003296.wav,train,0,0,0,0,0,0,0,1
01_003297.wav,train,0,0,0,0,0,0,1,1
01_003300.wav,train,0,0,0,0,0,0,0,1
01_003301.wav,train,1,0,0,0,0,0,0,1
01_003317.wav,train,0,0,0,0,0,0,0,1
01_003322.wav,train,0,0,0,0,0,0,0,0
01_003396.wav,train,0,0,0,0,0,0,1,1
01_003399.wav,train,0,0,0,0,0,0,1,0
01_003425.wav,train,0,0,0,0,0,0,1,1
01_003445.wav,train,0,0,0,0,0,0,0,1
01_003453.wav,train,0,0,0,0,1,0,0,0
01_003455.wav,train,0,0,0,0,0,0,0,0
01_003473.wav,train,0,0,0,0,0,0,0,0
01_003513.wav,train,0,0,0,0,0,0,1,1
01_003534.wav,train,0,0,0,0,1,0,0,0
01_003573.wav,train,0,0,0,0,0,0,1,0
01_003583.wav,train,0,0,0,0,0,0,0,0
01_003597.wav,train,0,0,0,0,0,0,0,1
01_003600.wav,train,0,0,0,0,0,0,0,1
01_003601.wav,train,0,0,0,0,1,0,0,1
01_003613.wav,train,0,0,0,0,0,0,1,1
01_003652.wav,train,0,0,0,0,1,0,0,0
01_003670.wav,train,0,0,0,0,0,0,0,1
01_003694.wav,train,0,0,0,0,0,0,0,0
01_003700.wav,train,0,0,0,0,0,0,0,1
01_003775.wav,train,1,0,0,0,0,0,0,0
01_003776.wav,train,0,0,0,0,0,0,0,1
01_003777.wav,train,0,0,0,0,0,0,1,1
01_003785.wav,train,0,0,0,0,1,0,1,1
01_003788.wav,train,0,0,0,0,0,0,1,1
01_003797.wav,train,1,0,0,0,0,0,0,0
01_003864.wav,train,1,0,0,0,0,0,0,0
01_003888.wav,train,0,0,0,0,1,0,1,0
01_003889.wav,train,0,0,0,0,0,0,1,0
01_003924.wav,train,1,0,0,0,0,0,1,0
01_003934.wav,train,1,0,0,0,0,0,0,0
01_003942.wav,train,0,0,0,0,0,0,0,0
01_003967.wav,train,1,0,0,0,0,0,0,1
01_003968.wav,train,0,0,0,0,0,0,0,1
01_003982.wav,train,0,1,0,0,0,0,0,0
01_004034.wav,train,0,0,0,0,0,0,1,0
01_004054.wav,train,1,0,0,0,0,0,0,1
01_004055.wav,train,0,0,0,0,0,0,1,0
01_004072.wav,train,0,0,0,0,0,0,0,0
01_004099.wav,train,0,0,0,0,0,0,0,0
01_004105.wav,train,0,0,0,0,0,0,0,1
01_004111.wav,train,0,0,0,0,0,0,1,1
01_004136.wav,train,0,0,0,0,0,0,0,0
01_004177.wav,train,0,0,0,0,0,0,0,1
01_004179.wav,train,0,0,0,0,0,0,0,0
01_004190.wav,train,0,0,1,0,0,0,0,1
01_004196.wav,train,0,0,0,0,0,0,0,1
01_004210.wav,train,0,0,0,0,0,0,1,1
01_004235.wav,train,0,0,0,0,0,0,0,1
01_004293.wav,train,0,0,0,0,0,0,0,1
01_004295.wav,train,1,0,0,0,0,0,0,0
01_004296.wav,train,0,0,0,0,0,0,0,1
01_004309.wav,train,0,0,0,0,1,0,1,0
01_004345.wav,train,0,0,0,0,0,0,0,1
01_004365.wav,train,0,0,0,0,0,0,0,1
01_004396.wav,train,0,0,0,0,0,0,1,1
01_004399.wav,train,1,0,0,0,0,0,0,1
01_004402.wav,train,0,0,0,0,0,0,0,1
01_004406.wav,train,0,0,0,0,0,0,1,1
01_004431.wav,train,0,0,0,0,0,0,1,0
01_004443.wav,train,1,0,0,0,0,0,1,1
01_004445.wav,train,0,0,0,0,0,0,1,0
01_004493.wav,train,0,0,0,0,0,0,0,1
01_004505.wav,train,0,0,0,0,0,1,0,0
01_004506.wav,train,1,0,0,0,0,0,0,0
01_004550.wav,train,0,0,0,0,0,0,1,1
01_004555.wav,train,0,0,0,0,0,0,0,0
01_004598.wav,train,0,0,0,0,0,0,0,0
01_004606.wav,train,1,0,0,0,0,0,1,1
01_004622.wav,train,0,0,0,0,0,0,0,1
01_004624.wav,train,0,0,0,1,1,0,0,0
01_004629.wav,train,0,0,0,0,0,0,0,1
01_004668.wav,train,0,0,0,0,0,0,0,1
01_004680.wav,train,0,0,0,0,0,0,1,0
01_004682.wav,train,0,0,0,0,0,0,0,1
01_004686.wav,train,0,0,0,0,0,0,1,0
01_004700.wav,train,0,0,0,0,0,0,0,0
01_004712.wav,train,1,0,0,0,0,0,0,0
01_004736.wav,train,0,0,0,0,0,0,1,1
01_004739.wav,train,0,0,0,0,0,0,0,1
01_004757.wav,train,0,0,0,0,0,0,0,0
01_004782.wav,train,1,0,0,0,1,0,1,0
01_004795.wav,train,0,0,0,0,0,0,0,1
01_004803.wav,train,0,0,0,0,0,0,1,0
01_004807.wav,train,0,0,0,0,0,0,0,1
01_004855.wav,train,0,0,0,0,0,0,0,1
01_004882.wav,train,0,0,0,0,0,0,0,1
01_004886.wav,train,1,0,0,0,0,0,0,0
01_004888.wav,train,0,0,0,0,0,0,0,1
01_004909.wav,train,1,0,0,0,0,0,0,0
01_004922.wav,train,0,0,0,0,0,0,0,1
01_004930.wav,train,1,0,0,0,0,0,0,1
01_004963.wav,train,0,0,0,0,0,0,0,1
01_004980.wav,train,0,0,0,0,0,0,1,0
01_004993.wav,train,0,0,0,0,0,0,0,0
01_005001.wav,train,0,0,0,0,0,0,0,1
01_005015.wav,train,1,0,0,0,0,0,0,0
01_005019.wav,train,0,0,0,0,0,0,0,0
01_005057.wav,train,0,0,0,0,0,0,0,0
01_005061.wav,train,0,0,0,0,0,0,1,0
01_005088.wav,train,1,0,0,0,0,0,1,0
01_005104.wav,train,1,0,0,0,0,0,1,1
01_005115.wav,train,0,0,0,0,0,0,0,0
01_005120.wav,train,0,0,0,0,0,0,1,0
01_005124.wav,train,0,0,0,0,0,0,1,1
01_005133.wav,train,0,0,0,0,0,0,1,1
01_005145.wav,train,0,0,0,0,0,0,1,1
01_005165.wav,train,0,0,0,0,0,0,1,1
01_005168.wav,train,0,0,0,0,0,0,0,0
01_005169.wav,train,0,0,0,0,0,0,0,1
01_005192.wav,train,0,0,0,0,1,0,0,0
01_005206.wav,train,0,0,0,0,1,0,0,0
01_005210.wav,train,0,0,0,0,0,0,0,1
01_005225.wav,train,0,0,0,0,0,0,1,0
01_005246.wav,train,0,0,0,0,0,0,0,1
01_005247.wav,train,0,0,0,0,1,0,0,0
01_005255.wav,train,0,0,0,0,0,0,1,0
01_005271.wav,train,0,0,0,0,0,0,1,1
01_005280.wav,train,0,0,0,0,1,0,1,1
01_005300.wav,train,0,0,0,0,0,0,1,0
01_005320.wav,train,1,0,0,0,0,0,0,0
01_005323.wav,train,0,0,0,0,0,1,0,0
01_005324.wav,train,0,0,0,1,0,0,0,0
01_005329.wav,train,0,0,0,0,0,0,1,0
01_005336.wav,train,1,0,0,0,0,0,0,1
01_005338.wav,train,0,0,0,0,0,1,0,0
01_005344.wav,train,0,0,0,0,0,0,1,1
01_005354.wav,train,0,0,0,0,0,0,0,1
01_005387.wav,train,0,1,0,0,0,0,0,0
01_005398.wav,train,0,0,0,0,0,0,0,1
01_005428.wav,train,0,0,0,0,0,0,0,1
01_005430.wav,train,0,0,0,0,0,0,0,1
01_005444.wav,train,0,0,0,0,0,0,1,1
01_005447.wav,train,0,0,0,0,0,0,1,0
01_005457.wav,train,0,0,0,0,0,0,0,0
01_005462.wav,train,0,0,0,0,0,0,0,1
01_005467.wav,train,0,0,0,0,0,0,0,0
01_005497.wav,train,0,0,0,0,0,0,1,1
01_005499.wav,train,0,0,0,0,0,0,0,1
01_005503.wav,train,0,0,0,0,0,0,0,1
01_005507.wav,train,0,0,0,0,0,0,1,0
01_005517.wav,train,0,0,0,0,0,0,0,0
01_005530.wav,train,0,0,0,0,0,0,1,0
01_005542.wav,train,1,0,0,0,0,0,0,0
01_005556.wav,train,0,0,0,0,1,0,1,1
01_005583.wav,train,0,0,0,0,0,0,0,1
01_005600.wav,train,0,0,0,0,0,0,1,1
01_005603.wav,train,0,0,0,0,0,0,1,1
01_005610.wav,train,0,0,0,0,0,0,0,1
01_005641.wav,train,1,0,0,0,0,0,1,1
01_005659.wav,train,0,0,0,0,0,0,0,1
01_005676.wav,train,0,0,0,0,0,0,0,1
01_005682.wav,train,1,0,0,0,0,0,0,0
01_005701.wav,train,0,0,0,0,0,0,0,1
01_005703.wav,train,0,0,0,0,0,0,0,1
01_005739.wav,train,1,0,0,0,0,0,0,0
01_005743.wav,train,0,0,0,0,0,0,0,1
01_005745.wav,train,0,0,0,0,0,0,1,1
01_005755.wav,train,0,0,0,0,0,0,0,1
01_005778.wav,train,1,0,0,0,1,0,0,1
01_005785.wav,train,0,0,0,0,0,0,0,0
01_005790.wav,train,0,0,0,0,0,0,1,0
01_005796.wav,train,0,0,0,0,0,0,1,1
01_005800.wav,train,0,0,0,0,0,0,1,0
01_005810.wav,train,0,0,0,0,0,0,0,1
01_005819.wav,train,0,0,0,0,0,0,1,0
01_005849.wav,train,0,0,0,0,0,0,1,0
01_005870.wav,train,0,0,0,0,1,0,1,0
01_005883.wav,train,0,0,0,0,0,0,0,1
01_005898.wav,train,0,0,0,0,1,0,0,1
01_005904.wav,train,0,0,0,0,0,0,0,0
01_005942.wav,train,0,0,0,0,0,0,1,0
01_005961.wav,train,0,0,0,0,0,0,1,0
01_005976.wav,train,0,0,0,0,0,0,0,0
01_005985.wav,train,0,0,0,0,0,0,1,0
01_005986.wav,train,0,0,0,0,0,0,0,1
01_005988.wav,train,0,0,0,0,0,0,1,1
01_005993.wav,train,0,0,0,0,0,0,0,1
01_006005.wav,train,1,0,0,0,0,0,0,0
01_006011.wav,train,0,0,0,0,0,0,1,0
01_006019.wav,train,0,0,0,0,0,0,0,0
01_006042.wav,train,1,0,0,0,0,0,0,1
01_006054.wav,train,0,0,0,0,1,1,0,0
01_006065.wav,train,0,0,0,0,0,0,0,1
01_006070.wav,train,0,0,0,0,0,0,1,1
01_006107.wav,train,0,0,0,0,0,0,1,0
01_006119.wav,train,0,0,0,0,0,0,0,1
01_006140.wav,train,0,0,0,0,0,0,0,1
01_006152.wav,train,1,0,0,0,0,0,0,1
01_006161.wav,train,0,0,0,0,0,0,0,1
01_006164.wav,train,0,0,0,0,0,0,1,1
01_006192.wav,train,1,0,0,0,0,0,0,0
01_006214.wav,train,0,0,0,0,0,0,1,0
01_006219.wav,train,0,0,0,0,1,0,0,0
01_006239.wav,train,1,0,0,1,0,0,0,0
01_006251.wav,train,0,0,0,0,0,0,0,1
01_006260.wav,train,1,0,0,0,0,0,0,0
01_006264.wav,train,0,0,0,0,1,0,0,0
01_006276.wav,train,0,0,0,0,0,0,1,0
01_006290.wav,train,0,0,0,0,0,0,1,1
01_006299.wav,train,0,0,0,0,0,0,1,0
01_006310.wav,train,0,0,0,0,0,0,1,0
01_006315.wav,train,1,0,0,0,0,0,0,1
01_006318.wav,train,0,0,0,0,1,0,0,0
01_006339.wav,train,1,0,0,0,0,0,1,1
01_006347.wav,train,0,0,0,0,1,0,0,0
01_006352.wav,train,0,0,0,0,0,0,0,0
01_006356.wav,train,0,0,0,0,1,0,0,0
01_006357.wav,train,0,0,0,0,0,0,0,0
01_006366.wav,train,0,0,0,0,0,0,0,1
01_006387.wav,train,0,0,0,0,0,0,1,0
01_006398.wav,train,0,0,0,0,1,0,0,0
01_006476.wav,train,0,0,0,0,0,0,1,0
01_006485.wav,train,0,0,0,0,0,0,0,1
01_006489.wav,train,1,0,0,0,0,0,0,0
01_006501.wav,train,0,0,0,0,0,0,1,0
01_006527.wav,train,0,0,0,0,0,0,0,1
01_006541.wav,train,1,0,0,0,0,0,1,0
01_006544.wav,train,0,0,0,0,0,0,0,1
01_006577.wav,train,0,0,0,0,0,0,0,1
01_006588.wav,train,0,0,0,0,0,0,0,1
01_006591.wav,train,0,0,0,0,0,0,0,1
01_006600.wav,train,0,0,0,0,0,0,1,1
01_006610.wav,train,0,0,0,0,0,0,1,0
01_006629.wav,train,0,0,0,0,0,0,1,1
01_006637.wav,train,0,0,0,0,0,0,0,1
01_006644.wav,train,0,0,0,0,0,0,0,1
01_006655.wav,train,1,0,0,0,0,0,0,0
01_006688.wav,train,0,0,0,0,0,0,0,1
01_006695.wav,train,1,0,0,0,0,0,0,0
01_006715.wav,train,0,0,0,0,0,0,1,1
01_006792.wav,train,0,0,0,0,0,0,1,1
01_006807.wav,train,1,0,0,0,1,0,0,0
01_006808.wav,train,0,0,0,0,0,0,0,1
01_006810.wav,train,0,0,0,0,0,0,0,0
01_006811.wav,train,1,0,0,0,0,0,0,0
01_006814.wav,train,0,0,0,0,0,1,0,0
01_006815.wav,train,0,0,0,0,0,0,0,0
01_006819.wav,train,1,0,0,0,0,0,0,0
01_006824.wav,train,1,0,0,0,0,0,1,1
01_006843.wav,train,0,0,0,0,0,0,1,0
01_006868.wav,train,0,0,0,0,0,0,0,1
01_006870.wav,train,0,0,0,0,0,0,0,0
01_006885.wav,train,0,0,0,0,0,0,0,1
01_006899.wav,train,0,0,0,0,0,0,0,1
01_006908.wav,train,0,0,0,0,0,0,0,0
01_006910.wav,train,1,0,0,0,0,0,0,1
01_006922.wav,train,0,0,0,0,0,0,1,1
01_006923.wav,train,0,0,0,0,0,0,0,1
01_006939.wav,train,0,0,0,0,0,0,0,0
01_006998.wav,train,0,0,0,0,0,0,0,1
01_007002.wav,train,0,0,0,0,0,0,1,1
01_007007.wav,train,0,0,0,0,0,0,0,1
01_007018.wav,train,0,0,0,0,0,0,1,0
01_007038.wav,train,0,0,0,0,0,0,0,0
01_007046.wav,train,0,0,0,0,0,0,1,0
01_007053.wav,train,0,0,0,0,0,0,0,0
01_007055.wav,train,0,0,0,0,1,0,0,0
01_007058.wav,train,1,0,0,0,0,0,0,0
01_007084.wav,train,0,0,0,0,0,0,0,1
01_007102.wav,train,1,0,0,0,0,0,0,0
01_007103.wav,train,1,0,0,0,0,0,0,0
01_007110.wav,train,0,0,0,0,0,0,0,0
01_007115.wav,train,0,0,0,0,0,0,0,0
01_007141.wav,train,1,0,0,0,0,0,0,1
01_007147.wav,train,0,0,0,0,0,0,1,1
01_007158.wav,train,0,0,0,0,0,0,1,0
01_007178.wav,train,1,0,0,0,0,0,0,1
01_007180.wav,train,0,0,0,0,0,0,1,0
01_007196.wav,train,0,0,0,0,0,0,1,0
01_007198.wav,train,1,0,0,0,0,0,0,1
01_007236.wav,train,1,0,0,0,0,0,0,0
01_007252.wav,train,1,0,0,0,0,0,1,1
01_007254.wav,train,0,0,0,0,0,0,0,1
01_007296.wav,train,0,0,0,0,0,0,1,1
01_007300.wav,train,1,0,0,0,0,0,0,1
01_007307.wav,train,1,0,0,0,0,0,0,0
01_007314.wav,train,0,0,0,0,0,0,0,1
01_007337.wav,train,0,0,0,0,0,0,0,1
01_007339.wav,train,0,0,0,0,0,0,0,1
01_007344.wav,train,0,0,0,0,0,0,0,1
01_007348.wav,train,0,0,0,0,0,0,0,1
01_007353.wav,train,0,0,0,0,0,0,0,1
01_007358.wav,train,0,0,0,0,0,0,0,0
01_007359.wav,train,0,0,0,0,0,0,0,1
01_007383.wav,train,0,0,0,0,0,0,1,0
01_007399.wav,train,0,1,0,0,0,0,0,0
01_007429.wav,train,0,0,0,0,0,0,0,1
01_007438.wav,train,0,0,0,0,0,0,0,1
01_007449.wav,train,1,0,0,0,0,0,0,0
01_007450.wav,train,0,0,0,0,0,0,1,1
01_007456.wav,train,0,0,0,0,0,0,0,0
01_007458.wav,train,0,0,0,0,0,0,0,1
01_007516.wav,train,1,0,0,0,0,0,1,1
01_007517.wav,train,0,0,0,0,0,0,1,1
01_007519.wav,train,0,0,0,0,0,0,0,1
01_007525.wav,train,0,0,0,0,0,0,1,1
01_007532.wav,train,0,0,0,0,0,0,0,1
01_007549.wav,train,0,0,0,0,0,0,0,1
01_007552.wav,train,0,0,1,0,0,0,0,0
01_007559.wav,train,0,0,0,0,1,0,0,0
01_007563.wav,train,1,0,0,0,0,0,0,0
01_007602.wav,train,0,0,0,0,0,1,0,0
01_007608.wav,train,0,0,0,0,0,0,0,1
01_007613.wav,train,0,0,0,0,0,0,0,0
01_007618.wav,train,0,0,0,0,1,0,0,1
01_007629.wav,train,0,0,0,0,0,0,0,1
01_007657.wav,train,0,0,0,0,0,0,1,1
01_007670.wav,train,0,0,0,0,0,0,0,1
01_007683.wav,train,0,0,0,0,0,0,0,1
01_007685.wav,train,1,0,0,0,0,0,0,0
01_007694.wav,train,0,0,0,0,0,0,0,1
01_007695.wav,train,0,0,0,0,0,0,0,1
01_007705.wav,train,0,0,0,0,0,0,1,1
01_007706.wav,train,0,0,0,0,0,0,0,1
01_007711.wav,train,0,0,0,0,0,0,0,1
01_007718.wav,train,0,0,0,0,0,0,0,1
01_007719.wav,train,0,0,0,0,0,1,0,0
01_007721.wav,train,0,0,0,0,0,0,0,1
01_007725.wav,train,0,0,0,0,0,0,0,1
01_007754.wav,train,0,0,0,0,0,0,1,1
01_007772.wav,train,0,0,0,0,0,0,0,1
01_007787.wav,train,0,0,0,1,0,0,0,0
01_007795.wav,train,0,0,0,0,0,0,1,1
01_007801.wav,train,0,0,0,0,0,0,0,1
01_007802.wav,train,0,0,0,0,0,0,0,1
01_007816.wav,train,0,0,0,0,0,0,0,1
01_007818.wav,train,0,0,0,0,0,0,0,1
01_007824.wav,train,1,0,0,0,0,0,0,0
01_007836.wav,train,1,0,0,0,0,0,0,0
01_007838.wav,train,1,0,0,0,0,0,1,0
01_007857.wav,train,0,0,0,0,0,0,0,1
01_007859.wav,train,0,0,0,0,0,0,0,1
01_007862.wav,train,1,0,0,0,0,0,1,0
01_007883.wav,train,0,0,0,0,0,0,1,0
01_007891.wav,train,0,0,0,0,0,0,0,1
01_007907.wav,train,0,0,0,0,0,0,1,0
01_007917.wav,train,0,0,0,0,1,0,0,0
01_007918.wav,train,0,0,0,0,0,0,1,0
01_007925.wav,train,0,0,0,0,0,0,1,1
01_007933.wav,train,1,0,0,0,0,0,0,0
01_007936.wav,train,0,0,0,0,0,0,1,0
01_007940.wav,train,0,0,0,0,0,0,1,0
01_007956.wav,train,0,0,0,0,0,0,0,1
01_007959.wav,train,0,0,0,0,0,0,0,0
01_007964.wav,train,0,0,0,0,0,0,0,1
01_007970.wav,train,0,0,0,0,0,0,1,1
01_007985.wav,train,0,0,0,0,0,0,0,1
01_007987.wav,train,0,0,0,0,0,0,0,1
01_007995.wav,train,0,0,0,0,0,0,0,0
01_008003.wav,train,0,0,0,0,0,0,0,1
01_008017.wav,train,0,0,0,0,0,0,0,1
01_008023.wav,train,0,0,0,0,0,0,0,1
01_008027.wav,train,0,0,0,0,0,0,0,1
01_008034.wav,train,0,0,0,0,0,0,0,0
01_008042.wav,train,0,0,0,0,0,0,0,1
01_008067.wav,train,0,0,0,0,0,0,0,1
01_008070.wav,train,0,0,0,0,1,0,0,0
01_008092.wav,train,0,0,0,0,0,0,1,0
01_008099.wav,train,0,0,0,0,0,0,1,0
01_008125.wav,train,1,0,0,0,0,0,0,0
01_008131.wav,train,0,0,0,0,0,0,0,1
01_008145.wav,train,0,0,0,0,0,0,0,1
01_008162.wav,train,0,0,0,0,0,0,0,1
01_008183.wav,train,0,0,0,0,0,0,0,1
01_008190.wav,train,1,0,0,0,0,0,0,1
01_008196.wav,train,0,0,0,0,0,0,1,1
01_008200.wav,train,0,0,0,0,0,0,0,0
01_008210.wav,train,0,0,0,0,0,0,1,1
01_008216.wav,train,0,0,0,0,0,0,1,1
01_008226.wav,train,0,0,0,0,0,0,0,0
01_008241.wav,train,0,0,0,0,0,0,0,0
01_008260.wav,train,0,0,0,0,0,0,0,1
01_008273.wav,train,0,0,0,0,0,0,1,0
01_008280.wav,train,0,0,0,0,0,0,0,0
01_008286.wav,train,0,0,0,0,0,0,0,1
01_008289.wav,train,0,0,0,0,0,0,0,0
01_008291.wav,train,0,0,0,0,0,0,0,0
01_008294.wav,train,0,0,0,0,0,0,0,1
01_008298.wav,train,1,0,0,0,0,0,0,0
01_008301.wav,train,1,0,0,0,0,0,0,0
01_008303.wav,train,0,0,0,0,0,0,1,0
01_008318.wav,train,0,0,0,0,0,0,0,0
01_008328.wav,train,0,0,0,0,0,0,0,1
01_008329.wav,train,0,0,0,0,0,0,0,1
01_008343.wav,train,0,0,0,0,0,0,1,1
01_008350.wav,train,0,0,0,0,0,0,0,1
01_008356.wav,train,0,0,0,0,0,0,0,1
01_008397.wav,train,0,0,0,0,0,0,0,1
01_008402.wav,train,1,0,0,0,0,1,1,0
01_008412.wav,train,0,0,0,0,1,0,0,0
01_008445.wav,train,0,0,0,0,0,0,0,1
01_008469.wav,train,0,0,0,1,0,0,1,1
01_008479.wav,train,1,0,0,0,0,0,1,0
01_008491.wav,train,0,0,0,0,0,0,0,1
01_008507.wav,train,0,0,0,0,1,0,0,1
01_008520.wav,train,1,0,0,0,0,0,0,0
01_008522.wav,train,0,0,0,0,0,1,1,1
01_008543.wav,train,0,0,0,0,0,0,0,1
01_008552.wav,train,0,0,0,0,0,0,1,0
01_008566.wav,train,0,0,0,0,0,0,0,0
01_008589.wav,train,0,0,0,0,0,0,1,1
01_008591.wav,train,0,0,0,0,0,0,0,0
01_008599.wav,train,0,0,0,0,0,0,1,0
01_008605.wav,train,1,0,0,0,0,0,0,1
01_008609.wav,train,0,0,0,0,0,0,0,1
01_008616.wav,train,0,0,1,0,0,0,0,0
01_008632.wav,train,0,0,0,0,0,0,1,1
01_008636.wav,train,0,0,0,1,0,0,0,0
01_008646.wav,train,0,0,0,0,0,0,1,0
01_008648.wav,train,0,0,0,0,0,0,0,1
01_008657.wav,train,1,0,0,0,0,0,0,0
01_008658.wav,train,0,0,0,0,0,0,1,1
01_008662.wav,train,0,1,0,0,0,0,0,0
01_008693.wav,train,0,0,0,0,0,0,1,1
01_008695.wav,train,0,0,0,0,0,0,0,0
01_008700.wav,train,0,0,0,0,0,0,0,0
01_008705.wav,train,0,0,0,0,0,0,0,1
01_008749.wav,train,0,0,0,0,0,0,0,1
01_008754.wav,train,0,0,0,0,0,0,0,1
01_008755.wav,train,0,0,0,0,0,0,1,0
01_008757.wav,train,0,0,0,0,0,0,0,1
01_008759.wav,train,0,0,0,0,0,0,1,1
01_008770.wav,train,0,0,0,0,0,0,0,1
01_008774.wav,train,0,0,0,0,1,0,0,0
01_008781.wav,train,0,0,0,0,0,0,0,0
01_008795.wav,train,0,0,0,0,0,0,0,1
01_008798.wav,train,0,0,0,0,0,0,0,1
01_008826.wav,train,0,0,0,0,0,0,0,1
01_008833.wav,train,0,0,0,0,0,0,0,1
01_008835.wav,train,1,0,0,0,0,0,0,1
01_008838.wav,train,0,0,0,0,0,0,0,1
01_008846.wav,train,0,0,0,0,0,0,1,1
01_008890.wav,train,0,0,0,0,0,0,0,0
01_008895.wav,train,0,0,0,1,0,0,0,0
01_008900.wav,train,0,0,0,0,0,0,0,1
01_008905.wav,train,0,0,0,0,0,0,1,0
01_008906.wav,train,0,0,0,0,0,0,0,1
01_008910.wav,train,0,0,0,0,0,0,0,1
01_008914.wav,train,0,0,0,0,0,0,0,1
01_008918.wav,train,0,0,0,0,0,0,1,1
01_008921.wav,train,0,0,0,0,0,0,0,1
01_008935.wav,train,1,0,0,0,0,0,1,1
01_008943.wav,train,0,0,0,1,0,0,0,0
01_008948.wav,train,0,0,0,0,0,0,0,1
01_008963.wav,train,0,0,0,0,0,0,1,1
01_008966.wav,train,0,0,0,0,0,0,0,0
01_009007.wav,train,0,0,0,0,0,0,1,1
01_009009.wav,train,0,0,0,0,0,0,1,1
01_009016.wav,train,0,0,0,0,0,0,0,1
01_009039.wav,train,0,0,0,0,0,0,0,1
01_009040.wav,train,0,0,0,0,0,0,1,0
01_009073.wav,train,0,0,0,0,0,0,1,1
01_009080.wav,train,0,0,0,0,0,0,0,0
01_009090.wav,train,0,0,0,0,1,0,0,1
01_009102.wav,train,0,0,0,0,0,0,0,1
01_009111.wav,train,0,0,0,0,0,0,0,1
01_009119.wav,train,0,0,0,0,0,0,1,1
01_009128.wav,train,0,0,0,0,0,0,0,1
01_009212.wav,train,0,0,0,0,0,0,0,1
01_009221.wav,train,0,0,0,0,0,0,0,1
01_009237.wav,train,0,0,0,0,0,0,1,1
01_009254.wav,train,0,0,0,0,0,0,0,1
01_009260.wav,train,0,0,0,0,0,0,0,1
01_009274.wav,train,0,0,0,0,0,0,0,1
01_009299.wav,train,0,0,0,0,0,0,0,0
01_009303.wav,train,0,0,0,0,0,0,0,1
01_009304.wav,train,1,0,0,0,0,0,1,1
01_009309.wav,train,0,0,0,0,0,0,0,1
01_009320.wav,train,0,0,0,0,0,0,1,0
01_009325.wav,train,0,0,0,0,0,0,0,1
01_009352.wav,train,1,0,0,0,0,0,0,1
01_009359.wav,train,1,0,0,0,0,0,0,1
01_009363.wav,train,0,0,0,0,0,0,0,1
01_009378.wav,train,1,0,0,0,0,0,0,1
01_009388.wav,train,1,0,0,0,0,0,0,0
01_009389.wav,train,1,0,0,0,0,0,0,0
01_009395.wav,train,0,0,0,0,0,0,0,1
01_009413.wav,train,0,0,0,0,0,0,0,1
01_009419.wav,train,0,0,0,0,0,0,0,1
01_009453.wav,train,1,0,0,0,0,0,0,0
01_009459.wav,train,0,0,0,0,0,0,0,1
01_009480.wav,train,0,0,0,0,0,0,0,1
01_009484.wav,train,0,0,0,0,0,0,1,0
01_009487.wav,train,0,0,0,0,0,0,0,1
01_009501.wav,train,0,0,0,0,0,0,1,1
01_009509.wav,train,0,0,0,0,0,0,0,1
01_009538.wav,train,0,0,0,0,0,0,0,1
01_009564.wav,train,1,0,0,0,0,0,0,0
01_009565.wav,train,1,0,0,0,0,0,0,0
01_009573.wav,train,0,0,0,0,0,0,0,1
01_009600.wav,train,0,0,0,0,0,0,0,1
01_009623.wav,train,0,0,0,0,0,0,0,1
01_009626.wav,train,0,0,0,0,0,0,0,1
01_009685.wav,train,0,0,0,0,0,0,1,0
01_009701.wav,train,0,0,0,0,0,0,0,1
01_009734.wav,train,0,0,0,0,0,0,0,1
01_009739.wav,train,0,0,0,0,0,0,0,0
01_009746.wav,train,0,0,0,0,0,0,1,0
01_009763.wav,train,0,0,0,0,0,0,0,0
01_009826.wav,train,0,0,0,0,0,0,1,1
01_009831.wav,train,1,0,0,0,0,0,0,0
01_009859.wav,train,0,0,0,0,0,0,1,0
01_009870.wav,train,0,0,0,0,0,0,0,1
01_009874.wav,train,0,0,0,0,0,0,0,0
01_009878.wav,train,0,0,0,0,0,0,1,1
01_009883.wav,train,0,0,0,0,0,0,1,1
01_009888.wav,train,0,0,0,0,0,0,0,1
01_009890.wav,train,0,0,1,0,0,0,0,1
01_009904.wav,train,0,0,0,0,0,0,0,1
01_009906.wav,train,1,0,0,0,0,0,0,1
01_009911.wav,train,0,0,0,0,0,0,0,1
01_009928.wav,train,0,0,0,0,0,0,0,1
01_009936.wav,train,0,0,0,0,0,0,0,1
01_009937.wav,train,1,0,0,0,0,0,0,0
01_009949.wav,train,0,0,0,0,0,0,0,1
01_009950.wav,train,0,0,0,0,0,0,1,1
01_009953.wav,train,0,0,0,0,0,0,0,1
01_009959.wav,train,0,0,0,0,0,0,0,1
01_009964.wav,train,0,0,0,0,0,0,0,1
01_009979.wav,train,0,0,0,0,0,0,0,0
01_009981.wav,train,0,0,0,0,0,0,0,1
01_009991.wav,train,0,1,0,0,0,0,0,0
01_009996.wav,train,1,0,0,0,0,0,0,1
01_010000.wav,train,0,0,0,0,0,0,1,0
01_010004.wav,train,0,0,0,0,0,0,0,1
01_010015.wav,train,0,0,0,0,0,0,0,0
01_010031.wav,train,0,0,0,0,0,0,0,1
01_010033.wav,train,0,0,0,0,0,0,1,1
01_010077.wav,train,0,0,0,0,0,0,0,1
01_010089.wav,train,0,0,0,0,0,0,0,1
01_010098.wav,train,0,0,0,0,0,0,0,0
01_010105.wav,train,0,0,0,0,0,0,0,1
01_010112.wav,train,0,0,0,0,0,0,0,1
01_010126.wav,train,0,0,0,0,0,0,0,1
01_010144.wav,train,0,0,0,0,0,0,0,1
01_010149.wav,train,0,0,0,0,0,0,0,1
01_010153.wav,train,0,0,0,0,0,0,1,1
01_010155.wav,train,0,0,0,0,0,0,0,1
01_010159.wav,train,0,0,0,0,0,0,1,0
01_010166.wav,train,0,0,0,0,0,0,0,1
01_010173.wav,train,1,0,0,0,0,0,1,0
01_010192.wav,train,0,0,0,0,0,0,0,1
01_010198.wav,train,0,0,0,0,0,0,0,1
01_010222.wav,train,0,0,0,0,0,0,1,1
01_010223.wav,train,0,0,0,0,0,0,1,1
01_010226.wav,train,0,0,0,0,0,0,0,1
01_010227.wav,train,0,0,1,0,0,0,0,1
01_010234.wav,train,0,0,0,0,0,0,0,1
01_010245.wav,train,0,0,0,0,0,0,0,1
01_010265.wav,train,0,0,0,0,0,0,0,1
01_010270.wav,train,0,0,0,0,0,0,0,1
01_010302.wav,train,0,0,0,0,0,0,0,0
01_010310.wav,train,1,0,0,0,0,0,0,0
01_010345.wav,train,0,0,0,0,0,0,0,1
01_010349.wav,train,1,0,0,0,0,0,0,0
01_010378.wav,train,0,0,0,0,0,0,0,0
01_010387.wav,train,1,0,0,0,0,0,0,1
01_010390.wav,train,1,0,0,0,0,0,1,0
01_010405.wav,train,0,0,0,0,1,0,0,0
01_010420.wav,train,0,0,0,0,0,0,0,1
01_010503.wav,train,0,0,0,0,0,0,1,1
01_010512.wav,train,1,0,0,0,0,0,0,1
01_010534.wav,train,0,0,0,0,0,0,1,1
01_010560.wav,train,0,0,0,0,0,0,0,1
01_010595.wav,train,0,0,0,0,0,0,0,1
01_010644.wav,train,0,0,0,0,0,0,0,1
01_010645.wav,train,0,0,1,0,0,0,1,1
01_010656.wav,train,0,0,0,0,0,0,1,0
01_010713.wav,train,0,0,0,0,0,0,0,1
01_010716.wav,train,0,0,0,0,0,0,0,1
01_010719.wav,train,0,0,0,0,0,0,0,1
01_010740.wav,train,0,0,0,0,0,0,0,1
01_010761.wav,train,0,0,1,0,0,0,0,1
01_010779.wav,train,0,0,0,0,0,0,0,1
01_010785.wav,train,0,0,0,0,0,0,0,0
01_010819.wav,train,0,0,0,0,1,0,0,0
01_010853.wav,train,0,0,0,0,1,0,1,0
01_010868.wav,train,0,0,0,0,0,0,1,1
01_010877.wav,train,0,0,0,0,0,0,0,1
01_010930.wav,train,0,0,0,0,1,0,0,0
01_010946.wav,train,0,0,0,0,0,0,1,1
01_010962.wav,train,0,0,0,0,0,0,1,1
01_010980.wav,train,1,0,0,0,0,0,0,1
01_010981.wav,train,0,0,0,0,0,0,1,0
01_010986.wav,train,0,0,0,0,0,0,0,1
01_010998.wav,train,0,0,0,0,0,0,0,1
01_011042.wav,train,0,0,0,0,0,0,0,0
01_011046.wav,train,0,0,0,0,0,0,1,0
01_011063.wav,train,0,0,0,0,0,0,0,1
01_011111.wav,train,0,0,0,0,0,0,1,0
01_011112.wav,train,0,0,0,0,0,0,0,0
01_011159.wav,train,0,0,0,0,0,0,0,1
01_011175.wav,train,0,0,0,0,0,0,0,1
01_011178.wav,train,0,0,0,0,0,0,0,0
01_011206.wav,train,0,0,0,0,0,0,0,1
01_011209.wav,train,0,0,0,0,1,0,0,0
01_011211.wav,train,0,0,0,0,0,0,0,1
01_011235.wav,train,0,0,0,0,0,0,0,1
01_011236.wav,train,0,0,0,0,0,0,1,0
01_011238.wav,train,1,0,0,0,0,0,0,0
01_011257.wav,train,0,0,0,0,0,0,0,1
01_011283.wav,train,0,0,0,0,0,0,0,1
01_011286.wav,train,0,0,0,0,0,0,0,0
01_011295.wav,train,1,0,0,0,0,0,0,0
01_011297.wav,train,0,0,0,0,0,0,0,1
01_011341.wav,train,0,0,0,0,0,0,0,1
01_011350.wav,train,1,0,0,0,0,0,0,0
01_011354.wav,train,0,0,0,0,0,0,1,1
01_011369.wav,train,0,0,0,0,1,0,0,1
01_011377.wav,train,0,0,0,0,0,0,0,0
01_011383.wav,train,0,0,0,0,0,0,0,0
01_011386.wav,train,0,0,0,0,0,0,0,1
01_011433.wav,train,0,0,0,0,1,0,0,0
01_011451.wav,train,0,0,0,0,0,0,0,1
01_011496.wav,train,0,0,0,0,0,0,0,1
01_011510.wav,train,0,0,0,0,0,0,1,0
01_011540.wav,train,0,0,0,0,1,0,0,0
01_011541.wav,train,0,0,0,0,1,0,1,0
01_011542.wav,train,0,0,0,0,0,0,0,1
01_011548.wav,train,1,0,0,0,0,0,0,1
01_011549.wav,train,0,0,0,0,0,0,0,1
01_011582.wav,train,0,0,0,0,0,0,0,1
01_011585.wav,train,0,0,0,0,0,0,0,0
01_011600.wav,train,0,0,0,0,0,1,0,0
01_011644.wav,train,0,0,0,0,0,0,0,1
01_011650.wav,train,0,0,0,0,0,0,0,0
01_011696.wav,train,0,0,0,0,0,0,0,1
01_011705.wav,train,1,0,0,0,0,0,0,0
01_011775.wav,train,0,0,0,0,1,0,0,0
01_011790.wav,train,0,0,0,0,0,0,0,1
01_011797.wav,train,0,0,0,0,0,0,0,1
01_011811.wav,train,0,0,0,0,0,0,1,1
01_011819.wav,train,1,0,0,0,0,1,0,0
01_011848.wav,train,0,0,0,0,0,0,0,1
01_011868.wav,train,0,0,0,0,0,0,0,0
01_011872.wav,train,1,0,0,0,0,0,0,0
01_011934.wav,train,0,0,0,0,0,0,0,1
01_011944.wav,train,0,0,0,0,0,0,0,0
01_012053.wav,train,0,0,0,0,0,0,1,1
01_012060.wav,train,0,0,0,0,0,0,0,1
01_012065.wav,train,0,0,0,0,0,0,0,0
01_012084.wav,train,0,0,0,0,1,0,0,0
01_012085.wav,train,0,0,0,0,0,0,0,0
01_012090.wav,train,0,0,0,0,0,0,1,1
01_012094.wav,train,0,0,0,0,0,0,0,0
01_012105.wav,train,0,0,0,0,0,0,0,1
01_012113.wav,train,0,0,0,0,0,0,0,0
01_012127.wav,train,0,0,0,0,0,0,0,0
01_012204.wav,train,0,0,0,0,0,0,0,1
01_012258.wav,train,0,0,0,0,0,0,0,0
01_012262.wav,train,0,0,0,0,0,0,0,0
01_012314.wav,train,0,0,0,0,0,0,0,1
01_012320.wav,train,0,0,0,0,0,0,0,1
01_012328.wav,train,0,0,0,0,0,0,0,1
01_012331.wav,train,0,0,0,0,0,0,0,0
01_012343.wav,train,0,0,0,0,0,0,0,1
01_012350.wav,train,0,0,0,0,0,0,0,1
01_012355.wav,train,0,0,0,0,0,0,0,0
01_012357.wav,train,0,0,0,0,0,0,0,1
01_012369.wav,train,0,0,0,1,0,0,0,0
01_012376.wav,train,0,0,0,0,0,0,0,0
01_012431.wav,train,0,0,0,0,0,0,0,1
01_012451.wav,train,0,0,0,0,0,0,0,0
01_012456.wav,train,0,0,0,0,0,0,0,1
01_012457.wav,train,0,0,0,0,0,0,0,0
01_012465.wav,train,0,0,0,0,0,0,0,0
01_012519.wav,train,0,0,0,0,0,0,0,1
01_012539.wav,train,0,0,0,0,0,0,0,0
01_012623.wav,train,0,0,0,0,0,0,0,0
01_012644.wav,train,0,0,0,0,0,0,0,0
01_012677.wav,train,0,0,0,0,0,0,0,1
01_012710.wav,train,0,0,0,0,0,0,1,1
01_012725.wav,train,0,0,0,0,0,0,0,1
01_012767.wav,train,0,0,0,0,1,0,1,0
01_012769.wav,train,0,0,0,0,1,0,0,0
01_012774.wav,train,0,0,0,0,0,0,0,0
01_012783.wav,train,1,0,0,0,0,0,0,0
01_012793.wav,train,0,0,0,0,0,0,0,1
01_012830.wav,train,1,0,0,0,0,0,0,1
01_012835.wav,train,0,0,0,0,0,0,0,1
01_012851.wav,train,0,0,0,0,0,0,0,1
01_012867.wav,train,0,0,0,0,0,0,0,0
01_012894.wav,train,0,0,0,0,0,0,0,1
01_012936.wav,train,0,0,0,0,0,0,0,1
01_012962.wav,train,0,0,0,0,0,0,0,1
01_012979.wav,train,0,0,0,0,0,0,0,1
01_012981.wav,train,0,0,0,0,0,0,0,0
01_012986.wav,train,0,0,0,0,0,0,0,1
01_013006.wav,train,0,0,0,0,0,0,0,1
01_013076.wav,train,1,0,0,0,0,0,0,1
01_013086.wav,train,0,0,0,0,0,0,0,1
01_013091.wav,train,0,0,0,0,0,0,0,0
01_013125.wav,train,0,0,0,0,0,0,1,0
01_013161.wav,train,0,0,0,0,0,0,0,0
01_013189.wav,train,0,0,0,0,0,0,0,1
01_013212.wav,train,0,0,0,0,0,0,0,1
01_013319.wav,train,0,0,0,0,0,0,0,0
01_013324.wav,train,0,0,0,0,0,1,0,0
01_013333.wav,train,0,0,0,0,0,0,0,1
01_013360.wav,train,0,0,0,0,0,0,0,1
01_013367.wav,train,0,0,0,0,0,0,0,1
01_013369.wav,train,0,0,0,0,0,0,0,1
01_013374.wav,train,0,0,0,0,0,0,0,0
01_013380.wav,train,0,0,0,0,0,0,0,1
01_013413.wav,train,0,0,0,0,0,0,1,0
01_013447.wav,train,0,0,0,0,0,0,0,0
01_013453.wav,train,0,0,0,0,0,0,0,0
01_013456.wav,train,0,0,0,0,0,0,0,0
01_013479.wav,train,0,0,0,0,1,0,0,0
01_013532.wav,train,0,0,0,0,0,1,0,1
01_013555.wav,train,0,0,0,0,0,0,1,0
01_013592.wav,train,0,0,0,0,0,0,0,0
01_013605.wav,train,0,0,0,0,0,0,0,1
01_013651.wav,train,0,0,0,0,0,0,0,1
01_013661.wav,train,0,0,0,0,0,0,0,1
01_013668.wav,train,0,0,0,0,0,0,1,1
01_013678.wav,train,0,0,0,0,0,0,0,1
01_013704.wav,train,0,0,0,0,0,0,0,1
01_013709.wav,train,0,0,0,0,0,0,1,1
01_013721.wav,train,0,0,0,0,0,0,0,1
01_016286.wav,train,1,0,0,0,0,0,1,0
01_016291.wav,train,0,0,0,0,0,0,0,1
01_016295.wav,train,1,0,0,0,0,0,0,1
01_016303.wav,train,0,0,0,0,0,0,1,0
01_016337.wav,train,0,0,0,0,0,0,1,0
01_016357.wav,train,0,0,0,0,0,0,1,0
01_016379.wav,train,0,0,0,0,0,0,1,0
01_016381.wav,train,0,0,0,0,0,0,0,0
01_016394.wav,train,0,0,0,0,0,0,1,0
01_016414.wav,train,0,0,0,0,0,0,1,0
01_016426.wav,train,0,0,0,0,0,0,0,0
01_016428.wav,train,0,0,0,0,1,0,1,1
01_016453.wav,train,0,0,0,0,0,0,1,0
01_016461.wav,train,1,0,0,0,0,0,0,0
01_016516.wav,train,0,0,0,0,0,0,0,0
01_016523.wav,train,1,0,0,0,0,0,0,1
01_016524.wav,train,0,0,0,0,1,0,0,1
01_016550.wav,train,0,0,0,0,0,0,0,0
01_016565.wav,train,1,0,0,0,0,0,0,0
01_016574.wav,train,0,0,0,0,1,0,1,0
01_016600.wav,train,1,0,0,0,0,0,1,0
01_016601.wav,train,0,0,0,0,0,0,0,0
01_016605.wav,train,0,0,0,0,0,1,0,0
01_016609.wav,train,1,0,0,0,1,0,0,0
01_016622.wav,train,0,0,0,1,0,0,0,0
01_016636.wav,train,1,0,0,0,0,0,1,0
01_016645.wav,train,0,0,0,0,0,1,0,0
01_016667.wav,train,1,0,0,0,0,0,0,0
01_016694.wav,train,0,0,0,1,0,0,0,0
01_016710.wav,train,0,0,0,0,0,0,0,0
01_016717.wav,train,0,0,0,0,0,1,0,0
01_016738.wav,train,0,0,0,0,1,0,0,0
01_016754.wav,train,1,0,0,0,0,0,0,0
01_016778.wav,train,0,0,0,0,0,0,0,0
01_016799.wav,train,0,0,0,0,0,0,1,0
01_016804.wav,train,0,0,0,0,0,0,1,0
01_016831.wav,train,0,0,0,0,0,0,1,0
01_016832.wav,train,0,0,0,0,0,1,0,0
01_016837.wav,train,0,0,0,0,1,0,1,0
01_016850.wav,train,0,0,0,0,0,0,0,0
01_016861.wav,train,1,0,0,0,0,0,0,0
01_016863.wav,train,0,0,0,0,0,0,0,1
01_016888.wav,train,0,0,0,0,1,0,0,0
01_016896.wav,train,0,0,0,0,0,1,0,0
01_016913.wav,train,0,0,0,0,0,0,1,0
01_016915.wav,train,0,0,0,0,0,0,0,1
01_016926.wav,train,1,0,0,0,0,0,0,0
01_016927.wav,train,0,0,0,0,1,0,1,0
01_016952.wav,train,0,0,0,0,0,0,1,0
01_016966.wav,train,1,0,0,0,0,0,1,0
01_017006.wav,train,0,0,0,0,0,0,0,0
01_017010.wav,train,0,0,0,0,0,1,1,1
01_017012.wav,train,0,0,0,0,0,0,0,0
01_017065.wav,train,1,0,0,0,0,1,0,0
01_017120.wav,train,0,0,0,0,0,0,0,0
01_017126.wav,train,0,0,0,0,0,0,0,1
01_017183.wav,train,0,0,0,0,0,1,0,0
01_017203.wav,train,0,0,0,0,0,0,0,0
01_017224.wav,train,1,0,0,0,0,1,0,0
01_017266.wav,train,0,0,0,0,0,1,0,0
01_017291.wav,train,1,0,0,0,0,0,0,0
01_017303.wav,train,0,0,0,0,0,0,0,0
01_017315.wav,train,0,0,0,0,0,0,0,0
01_017360.wav,train,0,0,0,0,0,1,0,0
01_017398.wav,train,0,0,0,0,0,0,0,0
01_017423.wav,train,0,0,0,0,0,0,0,0
01_017466.wav,train,0,0,0,0,0,1,1,0
01_017492.wav,train,0,0,0,0,0,0,0,0
01_017520.wav,train,0,1,0,0,0,0,0,0
01_017536.wav,train,0,0,0,0,1,0,0,0
01_017593.wav,train,0,0,0,0,0,0,1,0
01_017619.wav,train,0,0,0,0,0,0,0,0
01_017641.wav,train,0,0,0,0,0,0,0,0
01_017685.wav,train,0,0,0,0,0,0,0,0
01_017692.wav,train,0,0,0,0,0,1,0,0
01_017693.wav,train,0,0,0,0,1,0,0,0
01_017706.wav,train,0,0,0,0,0,0,0,0
01_017719.wav,train,0,0,0,0,0,0,1,0
01_017742.wav,train,0,0,0,0,0,0,1,1
01_017751.wav,train,0,0,0,0,1,0,0,1
01_017758.wav,train,0,0,0,0,0,0,0,1
01_017774.wav,train,0,0,0,0,0,0,0,0
01_017804.wav,train,0,0,1,0,0,0,0,0
01_017808.wav,train,0,0,0,0,0,0,0,0
01_017816.wav,train,0,0,0,0,0,0,0,0
01_017884.wav,train,1,0,0,0,0,0,0,0
01_017893.wav,train,0,0,0,0,0,0,0,1
01_017897.wav,train,0,0,0,0,0,0,0,0
01_017906.wav,train,0,0,0,0,0,1,0,0
01_017919.wav,train,0,0,0,0,0,0,0,0
01_017937.wav,train,0,0,0,0,0,0,0,1
01_017944.wav,train,0,0,0,0,1,0,1,0
01_017984.wav,train,0,0,0,0,0,0,0,0
01_018089.wav,train,0,0,0,0,0,0,1,0
01_018098.wav,train,0,1,1,0,0,0,0,0
01_018118.wav,train,0,0,0,0,1,0,1,0
01_018119.wav,train,0,0,0,0,0,0,0,1
01_018169.wav,train,0,0,0,0,0,0,1,0
01_018196.wav,train,0,0,0,0,1,0,0,0
01_018265.wav,train,0,0,0,0,1,1,0,0
01_018291.wav,train,0,0,0,0,0,0,0,0
01_018304.wav,train,1,0,0,0,0,0,1,0
01_018328.wav,train,0,0,0,0,0,0,0,0
01_018349.wav,train,0,0,0,0,0,0,0,0
01_018367.wav,train,0,0,0,0,0,1,0,0
01_018368.wav,train,0,0,0,0,0,0,1,0
01_018373.wav,train,0,0,0,0,0,1,0,0
01_018375.wav,train,0,0,0,0,1,0,1,1
01_018406.wav,train,0,0,0,0,0,0,0,0
01_018422.wav,train,0,0,0,0,0,0,0,0
01_018472.wav,train,0,0,0,0,0,1,0,0
01_018485.wav,train,0,0,0,0,0,0,0,0
01_018495.wav,train,0,0,0,0,0,0,0,0
01_018500.wav,train,1,0,0,0,0,0,0,0
01_018525.wav,train,0,0,0,0,0,0,0,0
01_018604.wav,train,0,0,0,0,0,0,0,0
01_018611.wav,train,0,0,0,0,0,1,0,0
01_018653.wav,train,0,0,0,0,0,0,0,0
01_018671.wav,train,1,0,0,0,0,0,1,0
01_018718.wav,train,0,0,0,0,0,0,0,0
01_018720.wav,train,0,0,0,0,0,0,0,0
01_018722.wav,train,0,0,0,0,1,0,1,0
01_018741.wav,train,0,0,0,0,0,0,1,0
01_018753.wav,train,0,0,0,0,0,0,1,0
01_018780.wav,train,0,0,0,0,0,1,0,0
01_018793.wav,train,0,0,0,0,0,0,0,0
01_018797.wav,train,0,0,0,0,0,0,0,0
01_018806.wav,train,0,0,0,0,0,0,0,0
01_018868.wav,train,0,0,0,0,0,0,0,0
01_018877.wav,train,0,0,0,0,0,0,0,0
01_018906.wav,train,0,0,0,0,0,0,0,0
01_018924.wav,train,0,0,0,0,0,0,0,0
01_018937.wav,train,1,0,0,0,0,0,0,0
01_018956.wav,train,0,0,0,0,0,0,1,0
01_018958.wav,train,0,0,0,0,0,0,0,0
01_018990.wav,train,0,0,0,0,0,0,1,0
01_018994.wav,train,0,0,0,0,0,0,0,0
01_019049.wav,train,0,0,0,0,0,0,0,0
01_019096.wav,train,0,0,0,0,0,0,1,0
01_019115.wav,train,0,0,0,0,0,0,0,0
01_019125.wav,train,0,0,0,0,0,0,1,1
01_019165.wav,train,0,0,0,0,0,0,0,0
01_019221.wav,train,0,0,0,0,0,0,0,0
01_019253.wav,train,0,0,0,0,0,0,1,0
01_019302.wav,train,0,0,0,0,0,1,0,0
01_019313.wav,train,0,0,0,0,0,0,0,1
01_019330.wav,train,0,0,0,0,0,0,0,0
01_019355.wav,train,0,0,0,0,0,1,0,1
01_019399.wav,train,0,0,0,0,0,0,1,1
01_019532.wav,train,0,0,0,0,0,1,0,0
01_019548.wav,train,0,0,0,0,0,0,0,0
01_019558.wav,train,1,0,0,0,0,0,0,0
01_019567.wav,train,0,0,0,0,1,0,0,0
01_019568.wav,train,0,0,0,0,0,0,1,0
01_019650.wav,train,1,0,0,0,0,0,1,0
01_019651.wav,train,0,0,0,0,0,1,0,0
01_019667.wav,train,0,0,0,0,0,0,1,0
01_019712.wav,train,0,0,0,0,0,1,0,0
01_019714.wav,train,0,0,0,0,0,0,0,0
01_019719.wav,train,0,0,0,0,1,1,0,0
01_019720.wav,train,0,0,0,0,1,0,0,0
01_019783.wav,train,0,0,0,0,0,1,1,0
01_019788.wav,train,1,0,0,0,0,0,1,0
01_019793.wav,train,0,0,0,1,0,0,0,0
01_019814.wav,train,1,0,0,0,0,0,0,0
01_019837.wav,train,0,0,0,0,0,0,0,0
01_019880.wav,train,0,0,1,0,0,1,0,1
01_019926.wav,train,1,0,0,0,0,0,1,0
01_019933.wav,train,0,0,0,0,0,0,0,0
01_020030.wav,train,0,0,0,0,0,0,0,0
01_020069.wav,train,0,0,0,0,0,0,1,0
01_020086.wav,train,0,0,0,0,0,0,0,0
01_020088.wav,train,0,0,0,1,0,0,0,0
01_020091.wav,train,0,0,1,0,1,0,0,0
01_020115.wav,train,0,0,0,0,0,0,1,0
01_020119.wav,train,1,0,0,0,0,0,1,0
01_020139.wav,train,0,0,0,0,0,0,1,0
01_020146.wav,train,0,0,0,0,0,1,0,0
01_020183.wav,train,0,0,0,0,0,0,0,0
01_020206.wav,train,0,0,0,0,0,0,1,0
01_020233.wav,train,0,0,0,0,0,1,0,0
01_020234.wav,train,1,0,0,0,0,0,0,0
01_020242.wav,train,0,0,0,0,0,0,0,0
01_020251.wav,train,1,0,0,0,0,0,0,0
01_020283.wav,train,0,0,0,0,0,0,0,0
01_020344.wav,train,1,0,0,0,0,0,0,0
01_020362.wav,train,0,0,0,0,0,0,0,0
01_020399.wav,train,0,0,0,0,0,1,0,0
01_020401.wav,train,0,0,0,0,0,0,1,0
01_020423.wav,train,0,0,0,0,0,0,1,0
01_020465.wav,train,0,0,0,0,0,0,0,1
01_020541.wav,train,0,0,0,0,0,1,0,0
01_020542.wav,train,0,0,0,1,0,0,0,0
01_020594.wav,train,1,0,0,0,0,0,0,0
01_020602.wav,train,0,0,0,0,0,1,1,0
01_020625.wav,train,0,0,0,0,0,1,0,1
01_020633.wav,train,0,0,0,0,0,0,0,0
01_020656.wav,train,0,0,0,0,0,0,1,0
01_020659.wav,train,0,0,0,0,0,0,0,0
01_020691.wav,train,0,0,0,0,0,0,0,0
01_020719.wav,train,0,0,0,0,0,0,0,1
01_020746.wav,train,0,0,0,1,0,0,1,0
01_020749.wav,train,0,0,0,0,0,0,0,1
01_020751.wav,train,0,0,0,0,0,0,0,0
01_020765.wav,train,0,0,0,0,0,1,0,0
01_020792.wav,train,1,0,0,0,0,0,1,0
01_020799.wav,train,0,0,0,0,0,0,0,0
01_020813.wav,train,0,0,0,0,0,0,1,0
01_020842.wav,train,0,0,0,0,0,0,1,0
01_020887.wav,train,0,0,0,0,1,0,0,0
01_020902.wav,train,0,0,0,1,0,0,0,0
01_026900.wav,test,0,0,1,0,0,1,1,0
01_026905.wav,test,0,0,1,0,0,0,0,1
01_026976.wav,test,0,0,1,0,0,0,0,0
01_026984.wav,test,1,0,0,0,1,0,0,1
01_027018.wav,test,0,0,0,0,0,0,1,0
01_027028.wav,test,0,0,0,0,0,0,1,0
01_027029.wav,test,0,0,0,0,1,0,1,0
01_027042.wav,test,0,0,0,0,0,1,0,0
01_027147.wav,test,0,0,0,1,0,0,0,1
01_027336.wav,test,0,0,0,0,0,0,1,1
01_027352.wav,test,0,0,0,0,1,0,0,0
01_027568.wav,test,1,0,0,0,0,0,1,0
01_027635.wav,test,0,0,0,0,0,1,1,0
01_027742.wav,test,0,0,1,0,0,0,0,1
01_027868.wav,test,1,0,1,0,1,0,1,0
02_000056.wav,train,1,1,0,0,0,0,0,0
02_000068.wav,train,0,0,0,0,0,0,1,0
02_000073.wav,train,1,0,0,0,0,0,0,0
02_000109.wav,train,1,0,0,0,0,0,0,0
02_000160.wav,train,0,0,0,0,0,0,0,0
02_000183.wav,train,1,0,0,0,0,0,1,0
02_000190.wav,train,0,0,0,0,0,0,0,1
02_000210.wav,train,1,0,0,0,0,0,0,0
02_000248.wav,train,1,0,0,0,0,0,0,0
02_000256.wav,train,0,0,0,0,1,0,0,0
02_000316.wav,train,0,0,0,0,0,0,0,0
02_000381.wav,train,0,0,0,0,1,0,0,0
02_000383.wav,train,0,0,0,0,0,0,1,0
02_000418.wav,train,1,0,0,0,0,0,0,0
02_000427.wav,train,0,0,0,0,0,0,0,0
02_000448.wav,train,0,0,0,0,0,0,0,0
02_000478.wav,train,0,0,0,1,0,0,0,0
02_000494.wav,train,1,0,0,0,1,0,1,0
02_000515.wav,train,0,0,0,0,0,0,1,0
02_000630.wav,train,1,0,0,0,1,0,0,0
02_000654.wav,train,0,0,0,0,0,0,0,0
02_000658.wav,train,1,0,0,0,0,0,0,0
02_000667.wav,train,1,0,0,0,0,0,1,0
02_000701.wav,train,1,0,0,0,0,0,0,0
02_000703.wav,train,1,0,0,0,0,0,0,0
02_000766.wav,train,1,0,0,0,0,0,0,0
02_000778.wav,train,1,0,0,0,0,0,1,0
02_000865.wav,train,1,0,0,0,0,0,0,0
02_000870.wav,train,1,0,0,0,0,0,0,0
02_000880.wav,train,0,0,0,0,1,0,1,0
02_000883.wav,train,0,0,0,0,0,0,1,0
02_000897.wav,train,0,0,0,0,0,0,1,0
02_000911.wav,train,0,0,0,0,0,0,0,0
02_000945.wav,train,0,0,0,0,0,0,1,0
02_000961.wav,train,1,0,0,0,0,0,0,0
02_000979.wav,train,1,0,0,0,0,0,1,0
02_001021.wav,train,0,1,0,0,0,0,0,0
02_001048.wav,train,0,0,0,0,0,0,1,0
02_001054.wav,train,1,0,0,0,0,0,0,0
02_001082.wav,train,0,0,0,0,1,0,1,0
02_001111.wav,train,1,0,0,0,0,0,0,0
02_001113.wav,train,1,0,0,0,0,0,0,0
02_001122.wav,train,0,0,0,0,0,0,1,0
02_001158.wav,train,1,0,0,0,0,0,1,0
02_001169.wav,train,1,0,0,0,0,0,0,0
02_001207.wav,train,0,0,0,0,0,0,1,0
02_001364.wav,train,0,0,0,0,0,0,1,0
02_001399.wav,train,0,1,0,0,0,0,0,0
02_001407.wav,train,0,0,0,0,0,0,1,0
02_001440.wav,train,0,0,0,0,0,0,1,0
02_001542.wav,train,1,0,0,0,0,0,1,0
02_001555.wav,train,0,0,0,0,0,0,0,0
02_001558.wav,train,1,0,0,0,0,0,0,0
02_001563.wav,train,0,0,0,0,0,0,0,0
02_001627.wav,train,1,0,1,0,0,0,0,0
02_001633.wav,train,0,0,0,0,0,0,1,0
02_001674.wav,train,0,0,0,0,0,0,1,0
02_001701.wav,train,0,0,0,0,0,0,1,0
02_001704.wav,train,1,0,0,0,0,0,0,0
02_001721.wav,train,0,0,0,0,0,0,0,0
02_001747.wav,train,0,0,0,0,0,0,0,0
02_001785.wav,train,0,0,0,0,0,0,1,0
02_001791.wav,train,0,0,0,0,0,0,0,0
02_001810.wav,train,0,0,0,0,0,0,0,0
02_001820.wav,train,1,0,0,0,0,0,0,0
02_001823.wav,train,0,0,0,0,0,0,1,0
02_001830.wav,train,0,0,0,0,0,0,0,0
02_001845.wav,train,1,0,0,0,0,0,0,0
02_001854.wav,train,1,0,0,0,0,0,0,0
02_001901.wav,train,0,0,0,0,0,0,1,0
02_002066.wav,train,0,0,0,0,0,0,0,0
02_002099.wav,train,0,0,0,0,0,0,0,0
02_002130.wav,train,0,0,0,0,0,0,0,0
02_002171.wav,train,1,0,0,0,0,0,1,0
02_002172.wav,train,0,0,0,0,1,0,1,0
02_002175.wav,train,1,0,0,0,0,0,0,0
02_002200.wav,train,0,0,0,0,0,0,0,0
02_002227.wav,train,0,0,0,0,0,0,1,0
02_002232.wav,train,1,0,0,0,0,0,0,0
02_002235.wav,train,0,0,0,0,0,0,0,0
02_002258.wav,train,1,0,0,0,0,0,0,0
02_002288.wav,train,0,0,0,0,0,0,1,0
02_002355.wav,train,1,0,0,0,0,0,0,0
02_002402.wav,train,1,0,0,0,0,0,1,0
02_002431.wav,train,0,0,0,0,1,0,1,0
02_002434.wav,train,0,0,0,0,0,0,1,0
02_002437.wav,train,1,0,0,0,1,0,0,0
02_002450.wav,train,0,0,0,0,0,0,0,0
02_002457.wav,train,0,0,0,0,0,0,0,0
02_002496.wav,train,0,0,0,0,0,0,0,0
02_002507.wav,train,1,0,0,0,0,0,0,0
02_002533.wav,train,0,0,0,0,1,0,0,0
02_002551.wav,train,0,0,0,0,0,0,1,0
02_002613.wav,train,1,0,0,0,0,0,0,0
02_002627.wav,train,0,0,0,0,0,0,1,0
02_002664.wav,train,0,0,0,0,0,0,0,0
02_002679.wav,train,0,0,0,0,0,0,0,0
02_002754.wav,train,0,0,0,0,0,0,1,0
02_002820.wav,train,0,0,0,0,1,0,0,0
02_002825.wav,train,0,0,0,0,0,0,0,0
02_002842.wav,train,0,0,0,0,0,0,0,0
02_002925.wav,train,0,0,0,0,1,0,1,0
02_002929.wav,train,1,0,0,0,0,0,0,0
02_002930.wav,train,0,0,0,0,0,0,0,0
02_002933.wav,train,0,0,0,0,0,0,1,0
02_002976.wav,train,0,0,0,0,0,0,0,0
02_003127.wav,train,0,0,0,0,0,0,0,0
02_003130.wav,train,0,0,0,0,0,0,1,0
02_003181.wav,train,0,0,0,0,0,0,1,0
02_003243.wav,train,0,0,0,0,0,0,1,0
02_003248.wav,train,1,0,0,0,0,0,0,0
02_003283.wav,train,1,0,0,0,0,0,1,0
02_003318.wav,train,1,0,0,0,0,0,0,0
02_003343.wav,train,0,0,0,0,0,0,0,0
02_003360.wav,train,0,0,0,0,0,0,0,0
02_003364.wav,train,0,0,0,0,0,0,1,0
02_003449.wav,train,0,1,0,0,0,0,0,0
02_003488.wav,train,1,0,0,0,0,0,0,0
02_003500.wav,train,1,0,0,0,0,0,0,0
02_003537.wav,train,1,0,0,0,1,0,0,0
02_003569.wav,train,1,0,0,0,0,0,0,0
02_003630.wav,train,1,0,1,0,0,0,0,0
02_003703.wav,train,1,0,0,0,0,0,0,0
02_003782.wav,train,0,0,0,1,0,0,0,0
02_003805.wav,train,0,0,0,0,0,0,1,0
02_003820.wav,train,0,0,0,0,0,0,1,0
02_003860.wav,train,0,0,0,0,1,0,1,0
02_003910.wav,train,0,0,0,0,0,0,0,0
02_003913.wav,train,1,0,0,0,0,0,0,0
02_003943.wav,train,0,0,0,0,0,0,1,0
02_003961.wav,train,0,0,0,0,0,0,1,0
02_003978.wav,train,0,0,0,1,0,0,0,0
02_003984.wav,train,0,0,0,0,1,0,1,0
02_004023.wav,train,0,0,0,0,1,0,0,0
02_004026.wav,train,0,0,0,0,0,0,0,0
02_004027.wav,train,0,0,0,0,0,0,1,0
02_004033.wav,train,0,0,0,0,0,0,1,0
02_004042.wav,train,1,0,0,0,0,0,0,0
02_004084.wav,train,0,0,0,0,0,0,0,0
02_004121.wav,train,0,0,0,0,0,0,0,0
02_004161.wav,train,0,0,0,0,0,0,0,0
02_004191.wav,train,1,0,0,0,0,0,0,0
02_004206.wav,train,0,0,0,0,0,0,0,0
02_004248.wav,train,0,0,0,0,0,0,1,0
02_004250.wav,train,0,0,0,0,0,0,1,0
02_004291.wav,train,0,0,0,0,0,0,1,0
02_004292.wav,train,0,0,0,0,1,0,0,0
02_004335.wav,train,0,1,0,0,0,0,0,0
02_004367.wav,train,0,0,0,0,1,0,0,0
02_004374.wav,train,0,0,0,0,0,0,1,0
02_004533.wav,train,1,0,0,0,0,0,0,0
02_004594.wav,train,1,0,0,0,0,0,1,0
02_004616.wav,train,0,0,0,0,0,0,1,0
02_004637.wav,train,0,0,0,0,0,0,0,0
02_004652.wav,train,1,0,0,0,0,0,0,0
02_004658.wav,train,1,0,0,0,0,0,0,0
02_004701.wav,train,1,0,0,0,0,0,0,0
02_004709.wav,train,0,0,0,0,0,0,1,0
02_004912.wav,train,0,0,0,0,0,0,1,0
02_004984.wav,train,0,0,0,0,0,0,1,0
02_004999.wav,train,0,0,0,0,1,0,0,0
02_005010.wav,train,1,0,0,0,0,0,0,0
02_005021.wav,train,0,0,0,0,0,0,1,0
02_005039.wav,train,1,0,0,0,0,0,0,0
02_005050.wav,train,0,0,0,0,0,0,0,0
02_005081.wav,train,1,0,0,0,1,0,0,0
02_005100.wav,train,1,0,0,0,0,0,0,0
02_005101.wav,train,0,0,0,0,1,0,1,0
02_005122.wav,train,1,0,0,0,0,0,0,0
02_005138.wav,train,0,0,0,0,0,0,1,0
02_005160.wav,train,0,0,0,0,0,0,1,0
02_005161.wav,train,0,1,0,0,0,0,0,0
02_005174.wav,train,0,0,0,0,1,0,0,0
02_005194.wav,train,0,0,0,0,1,0,0,0
02_005198.wav,train,0,0,0,0,0,0,1,0
02_005209.wav,train,1,0,0,0,0,0,0,0
02_005223.wav,train,1,0,0,0,1,0,0,0
02_005226.wav,train,1,0,0,0,0,0,0,0
02_005270.wav,train,1,0,0,0,0,0,0,0
02_005305.wav,train,0,0,0,0,0,0,0,0
02_005456.wav,train,1,0,0,0,0,0,0,0
02_005471.wav,train,1,0,0,0,0,0,0,0
02_005472.wav,train,0,0,0,0,1,0,0,0
02_005545.wav,train,0,0,0,0,1,0,1,0
02_005548.wav,train,0,0,0,0,0,0,1,0
02_005563.wav,train,0,0,0,0,0,0,0,0
02_005594.wav,train,1,0,0,0,0,0,1,0
02_005599.wav,train,0,0,0,0,0,0,0,0
02_005627.wav,train,0,0,0,0,0,0,1,0
02_005636.wav,train,0,0,0,0,0,0,0,0
02_005637.wav,train,0,0,0,0,0,0,0,0
02_005665.wav,train,1,0,0,0,0,0,0,0
02_005683.wav,train,0,0,0,0,0,0,1,0
02_005693.wav,train,0,0,0,0,0,0,0,0
02_005697.wav,train,0,0,0,0,0,0,1,0
02_005731.wav,train,0,0,0,0,1,0,0,0
02_005733.wav,train,0,0,0,0,0,0,1,0
02_005763.wav,train,1,0,0,0,0,0,0,0
02_005774.wav,train,0,0,0,0,0,0,0,0
02_005854.wav,train,0,0,0,0,0,0,0,0
02_005884.wav,train,0,0,0,1,0,0,1,0
02_005907.wav,train,0,0,0,0,1,0,0,0
02_005924.wav,train,0,0,0,0,1,0,0,0
02_006003.wav,train,0,0,0,0,0,0,0,0
02_006012.wav,train,0,0,0,0,1,0,0,0
02_006033.wav,train,1,0,0,0,0,0,1,0
02_006083.wav,train,0,0,0,0,0,0,1,0
02_006113.wav,train,0,0,0,0,0,0,0,0
02_006121.wav,train,1,0,0,0,0,0,0,0
02_006148.wav,train,1,0,0,0,0,0,0,0
02_006170.wav,train,0,0,0,0,0,1,1,0
02_006180.wav,train,0,0,0,0,0,0,1,0
02_006206.wav,train,0,0,0,0,1,0,0,0
02_006211.wav,train,1,0,0,0,0,0,0,0
02_006217.wav,train,0,0,0,0,0,0,1,0
02_006235.wav,train,0,0,0,0,1,0,0,0
02_006243.wav,train,1,0,0,0,0,0,0,0
02_006253.wav,train,1,0,0,0,0,0,0,0
02_006255.wav,train,0,0,0,0,1,0,0,0
02_006262.wav,train,0,0,0,0,0,0,1,0
02_006287.wav,train,1,0,0,0,0,0,0,0
02_006294.wav,train,1,0,0,0,0,0,0,0
02_006296.wav,train,0,0,0,0,0,0,1,0
02_006304.wav,train,1,0,0,0,0,0,0,0
02_006351.wav,train,0,0,1,0,0,0,0,0
02_006378.wav,train,0,0,0,0,0,0,1,0
02_006422.wav,train,1,0,0,0,0,0,0,0
02_006441.wav,train,0,0,0,0,0,0,0,0
02_006451.wav,train,1,0,0,0,1,0,0,0
02_006463.wav,train,1,0,0,0,0,0,0,0
02_006524.wav,train,0,0,0,0,0,0,0,0
02_006539.wav,train,1,0,0,0,0,0,1,0
02_006564.wav,train,1,0,0,0,0,0,0,0
02_006594.wav,train,0,0,0,0,1,0,0,0
02_006673.wav,train,1,0,0,0,0,0,1,0
02_006684.wav,train,1,0,0,0,0,0,0,0
02_006699.wav,train,1,0,0,0,0,0,0,0
02_006711.wav,train,0,0,0,0,0,0,1,0
02_006716.wav,train,0,0,0,0,1,0,0,0
02_006764.wav,train,1,0,0,0,0,0,0,0
02_006783.wav,train,0,0,0,0,0,0,0,0
02_006852.wav,train,0,0,0,0,0,0,1,0
02_006875.wav,train,1,0,0,0,0,0,1,0
02_006884.wav,train,1,0,0,0,0,0,1,0
02_006893.wav,train,1,0,0,0,0,0,0,0
02_006963.wav,train,1,0,0,0,0,0,0,0
02_006967.wav,train,0,0,0,0,0,0,1,0
02_006968.wav,train,1,0,0,0,0,0,0,0
02_006975.wav,train,1,0,0,0,1,0,0,0
02_007003.wav,train,1,0,0,0,0,0,0,0
02_007022.wav,train,0,0,0,0,1,0,0,0
02_007052.wav,train,0,0,0,0,0,0,1,0
02_007072.wav,train,1,0,0,0,0,0,1,0
02_007170.wav,train,1,0,0,0,1,0,0,0
02_007179.wav,train,0,0,0,0,0,0,1,0
02_007222.wav,train,0,0,0,0,0,0,1,0
02_007230.wav,train,1,0,0,0,0,0,0,0
02_007239.wav,train,1,0,0,0,0,0,1,0
02_007250.wav,train,0,0,1,0,0,0,1,0
02_007251.wav,train,0,0,0,0,0,0,1,0
02_007282.wav,train,0,0,0,0,0,0,1,0
02_007308.wav,train,0,0,0,0,0,0,0,0
02_007311.wav,train,1,0,0,0,0,0,0,0
02_007357.wav,train,0,0,0,0,0,0,0,0
02_007361.wav,train,1,0,0,0,0,0,0,0
02_007395.wav,train,0,0,0,0,0,0,1,0
02_007396.wav,train,0,0,0,0,0,0,1,0
02_007462.wav,train,1,0,0,0,0,0,0,0
02_007487.wav,train,1,0,0,0,0,0,0,0
02_007504.wav,train,0,0,0,0,0,0,0,0
02_007520.wav,train,0,0,0,0,0,0,1,0
02_007536.wav,train,1,0,0,0,1,0,0,0
02_007574.wav,train,1,0,0,0,0,0,0,0
02_007599.wav,train,1,0,0,0,0,0,1,0
02_007624.wav,train,1,0,0,0,0,0,0,0
02_007660.wav,train,0,0,0,0,0,0,0,0
02_007669.wav,train,1,0,0,0,0,0,0,0
02_007673.wav,train,0,0,0,0,0,0,1,0
02_007680.wav,train,1,0,0,0,0,0,0,0
02_007759.wav,train,0,0,0,0,0,0,1,0
02_007791.wav,train,0,1,0,0,0,0,0,0
02_007805.wav,train,0,0,0,0,0,0,0,0
02_007865.wav,train,1,0,0,0,0,0,0,0
02_007942.wav,train,1,0,0,0,0,0,0,0
02_007967.wav,train,1,0,0,0,0,0,0,0
02_007969.wav,train,0,0,0,0,0,0,1,0
02_007973.wav,train,1,0,0,0,0,0,0,0
02_008000.wav,train,0,0,0,0,0,0,0,0
02_008031.wav,train,1,0,0,0,0,0,0,0
02_008032.wav,train,0,0,0,0,1,0,1,0
02_008038.wav,train,1,0,0,0,0,0,0,0
02_008068.wav,train,0,0,0,0,0,1,0,0
02_008069.wav,train,0,0,0,0,0,0,1,0
02_008074.wav,train,1,0,0,0,0,0,0,0
02_008130.wav,train,0,0,1,0,0,0,0,0
02_008135.wav,train,1,0,0,0,0,0,0,0
02_008164.wav,train,0,0,0,0,1,0,0,0
02_008174.wav,train,0,0,0,1,1,0,0,0
02_008232.wav,train,1,0,0,0,0,0,1,0
02_008240.wav,train,0,0,0,0,0,0,1,0
02_008352.wav,train,1,0,0,0,1,0,0,0
02_008372.wav,train,0,0,0,0,0,0,0,0
02_008385.wav,train,0,0,0,0,0,0,1,0
02_008393.wav,train,1,0,0,0,0,0,0,0
02_008411.wav,train,1,0,0,0,0,0,0,0
02_008417.wav,train,0,1,0,0,0,0,0,0
02_008419.wav,train,0,0,0,0,0,0,1,0
02_008506.wav,train,0,0,0,0,0,0,0,0
02_008524.wav,train,0,0,0,0,0,0,1,0
02_008573.wav,train,0,0,0,0,0,0,0,0
02_008579.wav,train,0,0,0,1,0,0,0,0
02_008581.wav,train,1,0,0,0,0,0,0,0
02_008603.wav,train,0,0,0,0,0,0,0,0
02_008610.wav,train,0,0,0,0,0,0,1,0
02_008618.wav,train,0,0,0,0,0,0,1,0
02_008625.wav,train,1,0,0,0,0,0,0,0
02_008634.wav,train,0,0,0,0,0,0,0,0
02_008638.wav,train,1,0,0,0,0,0,0,0
02_008641.wav,train,0,0,0,0,0,0,0,0
02_008701.wav,train,1,0,0,0,0,0,0,0
02_008704.wav,train,0,0,0,0,0,0,1,0
02_008753.wav,train,0,0,0,0,0,0,0,0
02_008773.wav,train,1,0,0,0,0,0,0,0
02_008782.wav,train,1,0,0,0,0,0,1,0
02_008813.wav,train,0,0,0,0,0,0,0,0
02_008858.wav,train,0,0,0,0,1,0,0,0
02_008897.wav,train,0,0,0,0,0,0,0,0
02_008916.wav,train,1,0,0,0,0,0,0,0
02_008924.wav,train,1,0,0,0,0,0,0,0
02_008933.wav,train,1,0,0,0,0,0,0,0
02_008942.wav,train,0,0,0,0,0,0,1,0
02_008971.wav,train,1,0,0,0,0,0,0,0
02_008975.wav,train,1,0,0,0,0,0,0,0
02_008982.wav,train,0,0,0,1,0,0,0,0
02_008991.wav,train,0,0,0,0,0,0,0,0
02_009003.wav,train,0,0,0,0,1,0,1,0
02_009019.wav,train,1,0,0,0,0,0,0,0
02_009042.wav,train,0,0,0,0,0,0,1,0
02_009072.wav,train,0,0,0,0,0,0,1,0
02_009082.wav,train,1,0,0,0,0,0,0,0
02_009110.wav,train,0,0,0,0,0,0,0,0
02_009118.wav,train,0,0,0,0,0,0,1,0
02_009169.wav,train,0,0,0,0,0,0,0,0
02_009198.wav,train,0,0,0,0,0,0,0,0
02_009202.wav,train,1,0,0,0,0,0,0,0
02_009246.wav,train,1,0,0,0,0,0,0,0
02_009280.wav,train,1,0,0,0,0,0,0,0
02_009311.wav,train,1,0,0,0,0,0,0,0
02_009349.wav,train,1,0,0,0,0,0,0,0
02_009358.wav,train,0,0,0,0,1,0,0,0
02_009383.wav,train,1,0,0,0,0,0,1,0
02_009394.wav,train,1,0,0,0,0,0,0,0
02_009415.wav,train,0,0,0,0,0,0,1,0
02_009417.wav,train,0,0,0,0,0,0,0,0
02_009418.wav,train,1,0,0,0,0,0,0,0
02_009433.wav,train,1,0,0,0,0,0,0,0
02_009448.wav,train,0,0,0,0,1,0,1,0
02_009481.wav,train,0,0,0,0,0,0,1,0
02_009490.wav,train,1,0,0,0,0,0,0,0
02_009491.wav,train,1,0,0,0,0,0,1,0
02_009492.wav,train,1,0,0,0,0,0,0,0
02_009515.wav,train,0,0,0,0,1,0,0,0
02_009524.wav,train,1,0,0,0,1,0,0,0
02_009618.wav,train,0,0,0,0,0,0,0,0
02_009633.wav,train,1,0,0,0,0,0,0,0
02_009639.wav,train,1,0,0,0,0,0,1,0
02_009693.wav,train,1,0,0,0,0,0,0,0
02_009709.wav,train,1,0,0,0,0,0,0,0
02_009713.wav,train,1,0,0,0,0,0,0,0
02_009756.wav,train,1,0,0,0,0,0,1,0
02_009764.wav,train,0,0,0,0,1,0,0,0
02_009772.wav,train,1,0,0,0,0,0,0,0
02_009795.wav,train,1,0,0,0,0,0,0,0
02_009807.wav,train,0,0,0,0,0,0,1,0
02_009814.wav,train,1,0,0,0,0,0,0,0
02_009915.wav,train,1,0,0,0,0,0,0,0
02_009918.wav,train,0,0,0,0,0,0,1,0
02_009919.wav,train,0,0,0,0,0,0,1,0
02_009931.wav,train,0,0,0,0,0,0,0,0
02_009943.wav,train,1,0,0,0,0,0,0,0
02_010016.wav,train,0,0,0,0,0,0,1,0
02_010039.wav,train,0,0,0,0,0,0,0,0
02_010065.wav,train,1,0,0,0,0,0,0,0
02_010085.wav,train,1,0,0,0,0,0,1,0
02_010113.wav,train,1,0,0,0,0,0,1,0
02_010191.wav,train,1,0,0,0,0,0,0,0
02_010255.wav,train,0,0,0,0,0,0,0,0
02_010257.wav,train,1,0,0,0,0,0,0,0
02_010267.wav,train,1,0,0,0,0,0,0,0
02_010287.wav,train,0,0,0,0,0,0,0,0
02_010303.wav,train,1,0,0,0,0,0,0,0
02_010314.wav,train,0,0,0,0,0,0,0,0
02_010328.wav,train,1,0,0,0,0,0,0,0
02_010411.wav,train,0,0,0,0,0,0,0,0
02_010414.wav,train,1,0,0,0,0,0,0,0
02_010482.wav,train,0,0,0,1,0,0,0,0
02_010490.wav,train,1,0,0,0,0,0,0,0
02_010493.wav,train,1,0,0,0,0,0,0,0
02_010521.wav,train,0,0,0,0,0,0,0,0
02_010523.wav,train,1,0,0,0,0,0,1,0
02_010569.wav,train,0,0,0,0,0,0,1,0
02_010608.wav,train,1,0,0,0,0,0,0,0
02_010663.wav,train,0,0,0,0,0,0,0,0
02_010673.wav,train,1,0,0,0,1,0,0,0
02_010694.wav,train,1,0,0,0,0,0,0,0
02_010703.wav,train,1,0,0,0,0,0,0,0
02_010722.wav,train,0,0,1,0,0,0,0,0
02_010754.wav,train,0,0,0,0,0,0,1,0
02_010759.wav,train,0,0,0,1,0,0,0,0
02_010783.wav,train,1,0,0,0,0,0,0,0
02_010866.wav,train,0,0,0,0,1,0,0,0
02_010867.wav,train,1,0,0,0,0,0,0,0
02_010878.wav,train,1,0,0,0,0,0,0,0
02_010881.wav,train,1,0,0,0,0,0,0,0
02_010884.wav,train,1,1,0,0,0,0,0,0
02_010890.wav,train,1,0,0,0,1,0,0,0
02_010961.wav,train,1,0,0,0,1,0,0,0
02_011029.wav,train,0,0,0,0,0,0,0,0
02_011072.wav,train,0,0,0,0,0,0,1,0
02_011074.wav,train,1,0,0,0,0,0,0,0
02_011079.wav,train,1,0,0,0,0,0,0,0
02_011095.wav,train,1,0,0,0,0,0,0,0
02_011109.wav,train,1,0,0,0,0,0,0,0
02_011114.wav,train,0,1,0,0,0,0,0,0
02_011155.wav,train,1,0,0,0,0,0,0,0
02_011160.wav,train,1,0,0,0,0,0,1,0
02_011214.wav,train,0,0,0,0,1,0,1,0
02_011264.wav,train,1,0,0,0,0,0,0,0
02_011284.wav,train,0,0,0,0,0,0,0,0
02_011289.wav,train,0,0,0,0,0,0,1,0
02_011307.wav,train,0,0,0,0,1,0,0,0
02_011338.wav,train,1,0,0,0,0,0,0,0
02_011355.wav,train,0,0,0,0,0,0,0,0
02_011363.wav,train,1,0,0,0,0,0,0,0
02_011365.wav,train,0,0,0,0,0,0,0,0
02_011381.wav,train,1,0,0,0,0,0,0,0
02_011389.wav,train,1,0,0,0,0,0,0,0
02_011423.wav,train,1,0,0,0,0,0,1,0
02_011426.wav,train,0,0,0,0,0,0,0,0
02_011483.wav,train,1,0,0,0,0,0,0,0
02_011525.wav,train,0,0,0,0,0,0,1,0
02_011528.wav,train,1,0,0,0,0,0,0,0
02_011534.wav,train,1,0,0,0,0,0,0,0
02_011598.wav,train,0,0,0,0,0,0,1,0
02_011602.wav,train,1,0,0,0,0,0,0,0
02_011638.wav,train,1,0,0,0,0,0,0,0
02_011648.wav,train,1,0,0,0,0,0,0,0
02_011671.wav,train,1,0,0,0,0,0,0,0
02_011672.wav,train,1,0,0,0,0,0,0,0
02_011717.wav,train,1,0,0,0,0,0,0,0
02_011727.wav,train,0,0,0,0,0,0,1,0
02_011729.wav,train,0,0,0,0,0,0,0,0
02_011740.wav,train,0,0,0,0,1,0,0,0
02_011756.wav,train,0,0,0,0,1,0,1,0
02_011812.wav,train,0,0,0,0,0,0,1,0
02_011814.wav,train,0,0,0,0,0,0,0,0
02_011860.wav,train,1,0,0,0,0,0,0,0
02_011913.wav,train,0,0,0,0,1,0,0,0
02_011920.wav,train,0,0,0,0,1,0,0,0
02_011922.wav,train,0,0,0,0,0,0,0,0
02_011957.wav,train,0,0,0,0,0,0,0,0
02_011964.wav,train,1,0,0,0,0,0,0,0
02_011967.wav,train,1,0,0,0,0,0,0,0
02_011981.wav,train,1,0,0,0,0,0,0,0
02_012029.wav,train,1,0,0,0,0,0,0,0
02_012037.wav,train,0,0,0,0,0,0,0,0
02_012058.wav,train,0,0,0,0,0,0,0,0
02_012082.wav,train,0,0,0,0,1,0,0,0
02_012102.wav,train,1,0,0,0,0,0,0,0
02_012103.wav,train,1,0,0,0,0,0,0,0
02_012134.wav,train,1,0,0,0,0,0,0,0
02_012139.wav,train,1,0,0,0,0,0,0,0
02_012140.wav,train,1,0,0,0,0,0,0,0
02_012182.wav,train,1,0,0,0,1,0,1,0
02_012184.wav,train,0,0,0,0,0,0,0,0
02_012197.wav,train,1,0,0,0,0,0,0,0
02_012206.wav,train,0,0,0,0,0,0,0,0
02_012223.wav,train,0,0,0,0,0,0,0,0
02_012231.wav,train,1,0,0,0,0,0,0,0
02_012238.wav,train,1,0,0,0,0,0,0,0
02_012240.wav,train,1,0,0,0,0,0,0,0
02_012247.wav,train,1,0,0,0,0,0,0,0
02_012265.wav,train,1,0,0,0,0,0,0,0
02_012271.wav,train,0,0,0,0,0,0,0,0
02_012275.wav,train,0,0,0,0,0,0,1,0
02_012281.wav,train,0,0,0,0,0,0,0,0
02_012289.wav,train,0,0,0,0,1,0,0,0
02_012293.wav,train,1,0,0,0,0,0,0,0
02_012303.wav,train,1,0,0,0,0,0,0,0
02_012363.wav,train,1,0,0,0,0,0,0,0
02_012368.wav,train,0,0,0,0,0,0,0,0
02_012389.wav,train,0,0,0,0,0,0,1,0
02_012399.wav,train,0,0,0,0,0,0,1,0
02_012416.wav,train,0,0,0,0,0,0,1,0
02_012428.wav,train,1,0,0,0,0,0,0,0
02_012441.wav,train,0,0,0,0,1,0,0,0
02_012479.wav,train,0,0,0,0,0,0,1,0
02_012490.wav,train,1,0,0,0,0,0,0,0
02_012510.wav,train,0,0,0,0,0,0,0,0
02_012561.wav,train,1,0,0,0,0,0,0,0
02_012565.wav,train,0,0,0,0,0,0,0,0
02_012612.wav,train,0,0,0,0,0,0,1,0
02_012618.wav,train,1,0,0,0,0,0,0,0
02_012630.wav,train,1,0,0,0,0,0,1,0
02_012656.wav,train,0,0,0,0,0,0,0,0
02_012672.wav,train,1,0,0,0,0,0,0,0
02_012720.wav,train,1,0,0,0,0,0,0,0
02_012722.wav,train,1,0,0,0,0,0,0,0
02_012750.wav,train,1,0,0,0,0,0,0,0
02_012773.wav,train,0,0,0,0,0,0,0,0
02_012785.wav,train,1,0,0,0,0,0,0,0
02_012794.wav,train,0,0,0,0,1,0,0,0
02_012812.wav,train,0,0,0,0,0,0,1,0
02_012818.wav,train,0,0,0,0,0,0,0,0
02_012819.wav,train,1,0,0,0,0,0,0,0
02_012841.wav,train,0,0,0,0,1,0,0,0
02_012848.wav,train,1,0,1,0,0,0,0,0
02_012852.wav,train,0,0,0,0,0,0,0,0
02_012856.wav,train,1,1,0,0,0,0,0,0
02_012872.wav,train,0,0,0,0,0,0,0,0
02_012912.wav,train,0,0,0,0,0,0,0,0
02_012933.wav,train,0,0,0,0,0,0,0,0
02_012937.wav,train,1,0,0,0,0,0,0,0
02_012949.wav,train,0,0,0,0,0,0,0,0
02_012970.wav,train,1,0,0,0,1,0,0,0
02_012997.wav,train,1,0,0,0,0,0,0,0
02_013045.wav,train,0,0,0,0,0,0,1,0
02_013069.wav,train,1,0,0,0,0,0,0,0
02_013120.wav,train,0,1,0,1,0,0,0,0
02_013138.wav,train,1,0,0,0,0,0,0,0
02_013149.wav,train,0,0,1,0,0,0,0,0
02_013208.wav,train,0,0,0,0,0,0,1,0
02_013209.wav,train,1,0,0,0,0,0,0,0
02_013215.wav,train,1,0,0,0,0,0,0,0
02_013223.wav,train,1,0,0,0,0,0,0,0
02_013230.wav,train,1,0,0,0,0,0,0,0
02_013232.wav,train,1,0,0,0,0,0,0,0
02_013264.wav,train,1,0,0,0,0,1,0,0
02_013275.wav,train,0,0,0,0,1,0,0,0
02_013295.wav,train,0,0,0,0,0,0,0,0
02_013302.wav,train,1,0,0,0,0,0,0,0
02_013350.wav,train,0,1,0,0,0,0,0,0
02_013375.wav,train,0,0,0,0,0,0,0,0
02_013446.wav,train,1,0,0,0,0,0,1,0
02_013448.wav,train,0,0,0,0,0,0,1,0
02_013478.wav,train,0,0,0,0,0,0,0,0
02_013486.wav,train,0,1,0,0,0,0,0,0
02_013536.wav,train,0,0,0,0,0,0,1,0
02_013544.wav,train,0,0,0,0,0,0,0,0
02_013556.wav,train,0,0,0,0,1,0,0,0
02_013583.wav,train,0,0,0,0,0,0,0,0
02_013597.wav,train,0,0,0,0,0,0,0,0
02_013625.wav,train,0,0,0,0,1,0,0,0
02_013667.wav,train,1,0,0,0,0,0,0,0
02_013711.wav,train,1,0,0,0,0,0,0,0
02_013712.wav,train,0,0,0,1,0,0,0,0
02_016360.wav,train,0,0,0,0,0,0,1,0
02_016412.wav,train,0,0,0,1,0,0,0,0
02_016421.wav,train,0,0,0,0,0,0,1,0
02_016433.wav,train,0,0,0,0,0,0,0,0
02_016471.wav,train,0,0,0,0,0,0,0,0
02_016502.wav,train,1,0,0,0,0,0,0,0
02_016529.wav,train,0,0,0,0,0,0,1,0
02_016578.wav,train,1,0,0,0,0,0,1,0
02_016681.wav,train,1,0,0,0,0,0,1,0
02_016729.wav,train,0,0,0,0,0,0,1,0
02_016752.wav,train,0,0,0,0,0,0,1,0
02_016854.wav,train,1,0,0,0,0,0,0,0
02_016892.wav,train,0,0,0,0,0,0,1,0
02_016895.wav,train,1,0,0,0,0,0,0,0
02_016950.wav,train,1,0,0,0,0,0,0,0
02_017021.wav,train,1,0,0,0,0,0,1,0
02_017022.wav,train,0,0,0,0,0,0,1,0
02_017035.wav,train,0,0,0,0,0,0,0,0
02_017124.wav,train,1,0,0,0,1,0,0,0
02_017174.wav,train,0,0,0,0,0,0,0,0
02_017200.wav,train,1,0,0,1,0,0,1,0
02_017206.wav,train,0,0,0,0,0,0,1,0
02_017245.wav,train,1,0,0,0,1,0,0,0
02_017301.wav,train,0,1,0,0,0,0,0,0
02_017309.wav,train,0,0,0,0,0,0,1,0
02_017392.wav,train,1,0,0,0,0,0,1,0
02_017496.wav,train,0,0,0,0,0,0,1,0
02_017502.wav,train,0,0,0,0,0,0,0,0
02_017571.wav,train,0,0,0,0,1,0,0,0
02_017638.wav,train,0,0,0,0,0,0,1,0
02_017749.wav,train,0,0,0,0,0,0,1,0
02_017913.wav,train,1,0,0,0,0,0,0,0
02_018227.wav,train,0,1,0,0,0,0,0,0
02_018247.wav,train,1,0,0,0,0,0,0,0
02_018248.wav,train,1,0,0,0,0,0,0,0
02_018271.wav,train,0,1,0,0,0,0,0,0
02_018517.wav,train,0,0,0,0,0,0,1,0
02_018533.wav,train,0,0,0,0,0,0,0,0
02_018558.wav,train,0,0,0,0,0,0,0,0
02_018571.wav,train,1,0,0,0,0,0,1,0
02_018577.wav,train,0,0,0,0,0,0,0,0
02_018593.wav,train,0,0,0,0,0,0,0,0
02_018602.wav,train,1,0,0,0,0,0,0,0
02_018622.wav,train,0,0,0,0,0,0,0,0
02_018623.wav,train,1,0,0,0,0,0,1,0
02_018631.wav,train,0,0,0,0,0,0,1,0
02_018633.wav,train,1,0,0,0,0,0,1,0
02_018658.wav,train,1,0,0,0,0,0,0,0
02_018829.wav,train,0,0,0,0,1,0,1,0
02_018967.wav,train,0,0,0,0,1,0,0,0
02_018975.wav,train,1,0,0,0,0,0,1,0
02_019009.wav,train,0,0,0,0,1,0,0,0
02_019012.wav,train,1,1,0,0,1,0,0,0
02_019258.wav,train,0,1,0,0,0,0,0,0
02_019271.wav,train,1,0,0,0,1,0,1,0
02_019279.wav,train,1,0,0,0,0,0,1,0
02_019336.wav,train,1,0,0,0,0,0,0,0
02_019394.wav,train,0,0,0,0,1,0,0,0
02_019410.wav,train,1,0,0,0,0,0,0,0
02_019451.wav,train,0,0,0,0,0,0,1,0
02_019529.wav,train,0,0,0,0,0,0,1,0
02_019549.wav,train,1,0,0,0,0,0,0,0
02_019592.wav,train,0,0,0,0,0,0,1,0
02_019593.wav,train,0,0,0,0,1,0,0,0
02_019661.wav,train,0,1,0,0,0,0,0,0
02_019677.wav,train,0,0,0,0,1,0,1,0
02_019698.wav,train,0,0,0,0,0,0,0,0
02_019745.wav,train,0,0,0,0,1,0,1,0
02_019844.wav,train,1,0,0,0,0,0,0,0
02_019965.wav,train,0,0,0,0,0,0,1,0
02_020090.wav,train,1,0,0,0,1,0,0,0
02_020250.wav,train,0,0,0,0,0,0,1,0
02_020256.wav,train,0,0,0,0,0,0,0,0
02_020262.wav,train,1,0,0,0,0,0,0,0
02_020340.wav,train,1,0,0,0,0,0,1,0
02_020376.wav,train,0,0,0,0,0,0,0,0
02_020416.wav,train,0,0,0,0,0,0,1,0
02_020475.wav,train,1,0,0,0,0,0,0,0
02_020480.wav,train,0,0,0,0,1,0,0,0
02_020499.wav,train,1,0,0,0,1,0,0,0
02_020644.wav,train,0,0,0,0,0,0,0,0
02_020682.wav,train,1,0,0,0,0,0,0,0
02_020715.wav,train,1,0,0,0,1,0,0,0
02_020736.wav,train,0,0,0,0,1,0,0,0
02_020763.wav,train,0,0,0,0,0,0,1,0
02_020769.wav,train,0,0,0,0,0,0,1,0
02_020837.wav,train,0,0,0,0,0,0,0,0
02_020846.wav,train,1,0,0,0,1,0,1,0
02_020868.wav,train,0,0,0,0,1,0,0,0
02_026883.wav,test,1,0,0,0,0,0,0,0
02_026904.wav,test,1,0,0,0,0,0,1,0
02_027223.wav,test,1,0,0,0,1,0,1,0
02_027241.wav,test,0,0,0,0,0,0,1,0
02_027448.wav,test,1,0,0,0,0,0,1,0
02_027570.wav,test,1,0,1,0,0,0,0,0
02_027648.wav,test,0,0,0,0,0,0,1,0
02_027672.wav,test,1,0,0,0,0,0,0,0
02_027828.wav,test,1,0,0,0,0,0,1,0
03_000041.wav,validate,1,0,0,0,1,0,0,0
03_000076.wav,validate,0,0,0,0,1,0,0,0
03_000119.wav,validate,1,0,0,1,0,0,0,0
03_000157.wav,validate,1,0,0,0,1,0,0,1
03_000188.wav,validate,1,0,0,0,0,0,0,0
03_000215.wav,validate,1,0,0,0,0,0,0,0
03_000230.wav,validate,0,0,0,0,1,0,0,0
03_000266.wav,validate,1,0,0,0,0,0,0,0
03_000377.wav,validate,1,0,1,0,0,0,1,0
03_000395.wav,validate,1,0,0,0,1,0,0,0
03_000463.wav,validate,0,0,0,0,1,0,0,0
03_000503.wav,validate,1,0,1,0,0,0,0,0
03_000528.wav,validate,1,0,0,0,0,0,0,0
03_000629.wav,validate,1,0,1,0,0,0,0,0
03_000682.wav,validate,1,0,0,0,1,0,0,0
03_000729.wav,validate,1,0,0,0,0,0,0,0
03_000782.wav,validate,1,0,0,0,0,0,0,0
03_000838.wav,validate,0,0,0,0,0,1,1,0
03_000840.wav,validate,1,0,0,0,0,0,0,0
03_000893.wav,validate,1,0,0,0,1,0,0,0
03_000965.wav,validate,1,0,0,0,0,0,0,0
03_000983.wav,validate,1,0,0,0,1,0,1,0
03_001005.wav,validate,1,0,1,0,1,0,1,0
03_001019.wav,validate,1,0,0,0,1,0,1,0
03_001061.wav,validate,1,0,0,0,0,0,0,0
03_001109.wav,validate,1,0,0,0,1,0,0,0
03_001127.wav,validate,1,0,0,0,0,0,1,0
03_001150.wav,validate,0,0,0,0,1,0,0,0
03_001204.wav,validate,0,0,0,0,1,0,0,0
03_001237.wav,validate,1,0,0,0,0,0,0,0
03_001323.wav,validate,0,0,0,0,1,0,0,0
03_001361.wav,validate,1,0,0,1,0,0,0,0
03_001385.wav,validate,1,0,0,0,0,0,0,0
03_001405.wav,validate,1,0,1,0,0,0,0,0
03_001428.wav,validate,1,0,0,0,0,0,0,0
03_001470.wav,validate,0,0,0,0,1,0,0,0
03_001573.wav,validate,1,0,1,0,1,0,0,0
03_001582.wav,validate,1,0,1,0,0,0,0,0
03_001616.wav,validate,1,0,0,0,0,0,0,0
03_001652.wav,validate,0,0,0,0,0,0,0,0
03_001708.wav,validate,1,0,0,0,0,0,0,0
03_001711.wav,validate,1,0,1,0,0,0,1,0
03_001796.wav,validate,0,0,0,0,0,0,1,0
03_001804.wav,validate,1,0,0,0,0,0,0,0
03_001815.wav,validate,1,0,1,1,0,0,0,0
03_001904.wav,validate,0,0,0,0,0,0,0,0
03_001907.wav,validate,1,0,0,0,1,0,1,0
03_001916.wav,validate,1,0,0,0,0,0,0,0
03_001923.wav,validate,1,0,0,0,0,0,0,0
03_002074.wav,validate,1,0,1,0,0,0,0,0
03_002136.wav,validate,1,0,0,0,1,0,0,0
03_002315.wav,validate,0,0,0,0,1,0,0,0
03_002326.wav,validate,1,0,0,0,0,0,0,0
03_002350.wav,validate,1,0,0,0,0,0,0,0
03_002405.wav,validate,1,0,0,0,0,0,0,0
03_002417.wav,validate,0,0,0,0,0,0,0,0
03_002427.wav,validate,1,0,0,0,0,0,0,0
03_002438.wav,validate,1,0,0,0,1,0,0,0
03_002520.wav,validate,1,0,0,0,0,0,0,0
03_002547.wav,validate,1,0,0,0,0,0,1,0
03_002556.wav,validate,1,0,0,0,0,0,0,0
03_002567.wav,validate,1,0,0,0,0,0,0,0
03_002716.wav,validate,1,0,0,0,0,0,0,0
03_002759.wav,validate,1,0,0,0,0,0,0,0
03_002764.wav,validate,0,0,0,0,0,0,0,0
03_002767.wav,validate,0,0,0,0,1,0,0,0
03_002809.wav,validate,1,0,1,0,1,0,0,0
03_002877.wav,validate,1,0,0,0,0,0,0,0
03_002882.wav,validate,0,0,0,0,1,0,0,0
03_002883.wav,validate,1,0,0,0,0,0,0,0
03_002894.wav,validate,1,0,0,0,0,0,0,0
03_002934.wav,validate,0,0,0,0,1,0,0,0
03_002939.wav,validate,0,0,0,0,0,0,1,0
03_003011.wav,validate,0,0,0,1,0,0,0,0
03_003018.wav,validate,0,0,0,0,0,0,0,0
03_003045.wav,validate,1,0,0,0,1,0,0,0
03_003056.wav,validate,0,0,1,0,0,0,1,0
03_003057.wav,validate,0,0,0,0,1,0,0,0
03_003086.wav,validate,0,0,0,0,1,0,0,0
03_003108.wav,validate,0,0,0,0,0,0,0,0
03_003113.wav,validate,1,0,1,0,0,0,0,0
03_003135.wav,validate,0,1,0,0,0,0,0,0
03_003170.wav,validate,0,0,0,0,0,0,0,0
03_003223.wav,validate,0,0,0,0,0,0,1,0
03_003246.wav,validate,0,0,0,0,0,0,0,0
03_003259.wav,validate,1,0,0,0,0,0,0,0
03_003261.wav,validate,0,0,0,0,0,0,0,0
03_003299.wav,validate,1,0,0,0,0,0,0,0
03_003315.wav,validate,1,0,0,0,0,0,0,0
03_003404.wav,validate,0,0,0,1,0,0,0,0
03_003421.wav,validate,0,0,0,0,1,0,0,0
03_003536.wav,validate,1,0,0,0,1,0,0,0
03_003547.wav,validate,1,0,0,0,1,0,0,0
03_003566.wav,validate,0,1,0,0,0,0,0,0
03_003706.wav,validate,0,0,0,0,0,0,1,0
03_003771.wav,validate,1,0,0,0,0,0,0,0
03_003790.wav,validate,0,0,0,0,0,0,0,0
03_003812.wav,validate,0,0,0,0,1,0,0,0
03_003904.wav,validate,1,0,0,0,0,0,0,0
03_003921.wav,validate,1,0,0,0,0,0,0,0
03_003954.wav,validate,0,0,0,0,0,0,1,0
03_003993.wav,validate,0,0,0,0,0,0,0,0
03_003997.wav,validate,0,0,0,0,0,0,0,0
03_004107.wav,validate,1,0,0,0,0,0,0,0
03_004155.wav,validate,1,0,0,0,1,0,0,0
03_004174.wav,validate,1,0,0,0,0,0,1,0
03_004304.wav,validate,0,0,0,0,1,0,0,0
03_004310.wav,validate,0,0,0,0,1,0,0,0
03_004346.wav,validate,0,0,0,0,0,0,0,0
03_004373.wav,validate,0,0,0,0,0,0,1,0
03_004420.wav,validate,1,0,0,0,1,0,1,0
03_004563.wav,validate,1,0,0,0,0,0,0,0
03_004584.wav,validate,0,0,0,0,1,0,0,0
03_004595.wav,validate,0,0,0,0,0,0,1,0
03_004647.wav,validate,0,0,0,0,0,0,0,0
03_004660.wav,validate,1,0,0,0,0,1,0,0
03_004679.wav,validate,0,0,0,0,1,0,0,0
03_004737.wav,validate,0,0,0,0,0,1,0,0
03_004779.wav,validate,0,0,0,0,1,0,0,0
03_004839.wav,validate,1,0,0,0,1,0,0,0
03_004865.wav,validate,0,0,0,0,1,0,0,0
03_004939.wav,validate,1,0,0,0,0,0,1,0
03_005184.wav,validate,1,0,0,0,0,0,0,0
03_005186.wav,validate,0,0,0,0,0,0,1,0
03_005236.wav,validate,0,0,0,0,1,0,0,0
03_005316.wav,validate,1,0,0,0,0,0,0,0
03_005337.wav,validate,1,0,0,0,0,0,0,0
03_005365.wav,validate,0,0,0,0,0,0,0,0
03_005377.wav,validate,0,0,0,0,1,0,0,0
03_005379.wav,validate,0,0,0,0,1,0,0,0
03_005404.wav,validate,1,0,0,0,0,0,1,0
03_005416.wav,validate,0,0,0,0,1,0,0,0
03_005441.wav,validate,0,0,0,0,1,0,0,0
03_005461.wav,validate,1,0,0,0,0,0,0,0
03_005570.wav,validate,0,0,0,0,1,0,0,0
03_005672.wav,validate,1,0,0,0,1,0,0,0
03_005678.wav,validate,0,0,0,1,0,0,0,0
03_005704.wav,validate,1,0,0,0,0,0,0,0
03_005711.wav,validate,1,0,0,0,0,0,0,0
03_005712.wav,validate,1,0,0,0,0,0,0,0
03_005718.wav,validate,0,0,0,0,1,0,0,0
03_005720.wav,validate,1,0,0,0,0,0,0,0
03_005768.wav,validate,1,0,0,0,0,0,0,0
03_005772.wav,validate,1,0,0,0,0,0,0,0
03_005781.wav,validate,1,0,0,0,0,0,0,0
03_005804.wav,validate,1,0,0,0,0,0,0,0
03_005815.wav,validate,0,0,0,0,1,0,0,0
03_005899.wav,validate,0,0,0,0,0,0,1,0
03_005928.wav,validate,0,0,0,0,1,0,0,0
03_005934.wav,validate,1,0,0,0,0,0,0,0
03_005946.wav,validate,1,0,0,0,1,0,0,0
03_005947.wav,validate,1,0,0,0,0,0,0,0
03_005952.wav,validate,1,0,0,0,0,0,0,0
03_005987.wav,validate,1,0,0,0,0,0,0,0
03_006006.wav,validate,0,0,0,0,0,0,1,0
03_006021.wav,validate,0,0,0,0,1,0,0,0
03_006053.wav,validate,1,0,0,0,0,0,0,0
03_006105.wav,validate,0,0,0,0,1,1,1,0
03_006115.wav,validate,0,0,0,0,0,0,0,0
03_006142.wav,validate,0,0,0,0,0,0,0,0
03_006156.wav,validate,0,0,0,0,1,0,0,0
03_006165.wav,validate,0,0,0,0,0,0,1,0
03_006184.wav,validate,1,0,0,0,0,0,1,0
03_006231.wav,validate,1,0,0,0,0,0,0,0
03_006301.wav,validate,1,0,0,0,0,0,1,0
03_006308.wav,validate,0,0,0,0,0,0,0,0
03_006360.wav,validate,0,0,0,0,0,0,1,0
03_006413.wav,validate,0,0,0,0,0,0,0,0
03_006435.wav,validate,0,0,0,0,0,0,0,0
03_006455.wav,validate,1,0,0,0,0,0,0,0
03_006491.wav,validate,1,0,0,0,1,0,0,0
03_006499.wav,validate,0,0,0,0,0,0,1,0
03_006526.wav,validate,0,1,0,0,0,0,1,0
03_006531.wav,validate,0,0,0,0,1,0,0,0
03_006537.wav,validate,1,0,0,0,0,0,0,0
03_006558.wav,validate,1,0,0,0,0,0,0,0
03_006561.wav,validate,1,0,0,0,0,0,0,0
03_006578.wav,validate,0,0,0,0,0,0,0,0
03_006609.wav,validate,1,0,0,0,0,0,0,0
03_006623.wav,validate,0,0,0,0,1,0,0,0
03_006652.wav,validate,1,0,0,0,0,0,0,0
03_006669.wav,validate,1,0,0,0,0,0,1,0
03_006687.wav,validate,0,0,0,0,1,0,1,0
03_006737.wav,validate,1,0,0,0,0,0,0,0
03_006827.wav,validate,1,0,0,0,1,0,0,0
03_006839.wav,validate,0,0,0,0,0,0,0,0
03_006864.wav,validate,0,0,0,1,0,0,0,0
03_006890.wav,validate,0,0,0,0,1,0,1,0
03_006891.wav,validate,1,0,0,0,0,0,0,0
03_006904.wav,validate,1,0,0,0,0,0,0,0
03_006927.wav,validate,1,0,0,0,1,0,1,0
03_006936.wav,validate,0,0,0,0,0,0,0,0
03_006937.wav,validate,0,0,0,0,1,0,0,0
03_006938.wav,validate,0,0,0,0,0,0,1,0
03_006945.wav,validate,1,0,0,0,0,0,0,0
03_006974.wav,validate,0,0,0,0,1,0,0,0
03_006993.wav,validate,1,0,0,0,0,0,0,0
03_007020.wav,validate,0,0,0,0,1,0,1,0
03_007023.wav,validate,0,0,0,0,1,0,0,0
03_007027.wav,validate,0,0,0,0,0,0,1,0
03_007037.wav,validate,1,1,0,0,0,0,0,0
03_007049.wav,validate,0,0,0,0,1,0,0,0
03_007063.wav,validate,0,0,0,0,1,0,0,0
03_007069.wav,validate,1,0,0,0,0,0,0,0
03_007140.wav,validate,0,0,0,1,0,0,0,0
03_007160.wav,validate,0,0,0,0,1,0,0,0
03_007249.wav,validate,0,0,0,0,0,0,0,0
03_007285.wav,validate,1,0,0,0,0,0,1,0
03_007322.wav,validate,1,0,0,0,0,0,1,0
03_007324.wav,validate,1,0,0,0,0,0,0,0
03_007330.wav,validate,1,0,0,0,0,0,0,0
03_007401.wav,validate,1,0,0,0,0,0,0,0
03_007403.wav,validate,1,0,0,0,0,0,0,0
03_007434.wav,validate,1,0,0,0,0,0,0,0
03_007447.wav,validate,1,0,0,0,0,0,0,0
03_007472.wav,validate,0,0,0,0,1,0,0,0
03_007477.wav,validate,0,0,0,0,0,0,0,0
03_007490.wav,validate,0,0,0,0,1,0,0,0
03_007505.wav,validate,0,0,0,0,0,0,0,0
03_007603.wav,validate,0,0,0,0,0,0,0,0
03_007604.wav,validate,1,0,0,0,0,0,0,0
03_007605.wav,validate,1,0,0,0,0,0,0,0
03_007615.wav,validate,0,0,0,0,1,0,0,0
03_007636.wav,validate,0,0,0,0,0,0,0,0
03_007641.wav,validate,1,0,0,0,0,0,0,0
03_007664.wav,validate,0,0,0,0,0,0,0,0
03_007689.wav,validate,1,0,0,0,0,0,1,0
03_007722.wav,validate,1,0,0,0,0,0,0,0
03_007771.wav,validate,1,0,0,0,0,0,0,0
03_007774.wav,validate,0,0,0,0,1,0,0,0
03_007833.wav,validate,1,0,0,0,0,0,0,0
03_007873.wav,validate,0,0,0,0,1,0,0,0
03_007875.wav,validate,1,0,0,0,0,0,0,0
03_007905.wav,validate,1,0,0,0,0,0,1,0
03_007953.wav,validate,0,0,0,0,0,0,0,0
03_007962.wav,validate,0,0,0,0,0,0,0,0
03_007976.wav,validate,1,0,0,0,0,0,0,0
03_007983.wav,validate,0,0,0,0,0,0,1,0
03_007996.wav,validate,1,0,0,0,0,0,0,0
03_008007.wav,validate,1,0,0,0,0,0,0,0
03_008047.wav,validate,0,0,0,0,0,0,0,0
03_008050.wav,validate,1,0,0,0,0,0,0,0
03_008061.wav,validate,0,0,0,0,0,0,0,0
03_008355.wav,validate,1,0,0,0,0,0,0,0
03_008381.wav,validate,1,0,0,0,0,0,0,0
03_008387.wav,validate,0,0,0,0,0,0,0,0
03_008404.wav,validate,1,0,0,0,0,0,0,0
03_008422.wav,validate,0,0,0,0,0,0,1,0
03_008430.wav,validate,0,0,1,0,1,0,0,0
03_008459.wav,validate,0,0,0,0,0,0,1,0
03_008516.wav,validate,1,0,0,0,0,0,0,0
03_008518.wav,validate,1,0,0,0,0,0,1,0
03_008547.wav,validate,0,0,0,0,1,0,1,0
03_008612.wav,validate,1,0,0,0,0,0,0,0
03_008670.wav,validate,1,0,0,0,0,0,1,0
03_008702.wav,validate,0,0,0,0,0,0,0,0
03_008712.wav,validate,1,0,0,0,0,0,0,0
03_008750.wav,validate,1,0,0,0,0,0,0,0
03_008752.wav,validate,1,0,0,0,0,0,0,0
03_008762.wav,validate,0,0,0,0,0,0,0,0
03_008779.wav,validate,0,0,0,0,1,0,0,0
03_008785.wav,validate,1,0,0,0,0,0,0,0
03_008853.wav,validate,1,0,0,0,0,0,0,0
03_008868.wav,validate,0,0,0,0,0,0,0,0
03_008873.wav,validate,0,0,0,0,1,0,0,0
03_008919.wav,validate,0,0,0,0,1,0,0,0
03_008947.wav,validate,0,0,0,0,0,0,1,0
03_009030.wav,validate,1,0,0,0,0,0,0,0
03_009053.wav,validate,0,0,0,0,0,1,0,0
03_009069.wav,validate,0,0,0,0,0,0,0,0
03_009116.wav,validate,1,0,0,0,1,0,0,0
03_009161.wav,validate,1,0,0,0,0,0,0,0
03_009162.wav,validate,0,0,0,0,1,0,1,0
03_009182.wav,validate,0,0,0,0,0,0,0,0
03_009214.wav,validate,0,0,0,0,0,0,1,0
03_009242.wav,validate,0,0,0,0,1,0,0,0
03_009269.wav,validate,1,0,0,0,0,0,0,0
03_009278.wav,validate,1,0,0,0,0,0,0,0
03_009353.wav,validate,0,0,0,0,0,0,0,0
03_009403.wav,validate,0,0,0,0,1,0,0,0
03_009430.wav,validate,0,0,0,0,0,0,0,0
03_009435.wav,validate,0,0,0,0,0,0,1,0
03_009441.wav,validate,0,0,0,0,0,0,0,0
03_009494.wav,validate,1,0,0,0,0,0,0,0
03_009517.wav,validate,1,0,0,0,0,0,0,0
03_009523.wav,validate,0,0,0,0,0,0,0,0
03_009567.wav,validate,1,0,0,0,0,0,0,0
03_009577.wav,validate,1,0,0,0,1,0,1,0
03_009620.wav,validate,0,1,0,0,0,0,0,0
03_009629.wav,validate,1,0,0,0,0,0,0,0
03_009642.wav,validate,1,0,0,0,0,0,0,0
03_009672.wav,validate,1,0,0,0,0,0,0,0
03_009730.wav,validate,0,0,0,1,0,0,0,0
03_009742.wav,validate,1,0,0,0,0,0,1,0
03_009751.wav,validate,0,0,0,0,1,0,0,0
03_009780.wav,validate,1,0,0,0,0,0,1,0
03_009800.wav,validate,1,0,0,0,0,0,0,0
03_009803.wav,validate,1,0,0,0,1,0,0,0
03_009824.wav,validate,1,0,0,0,0,0,0,0
03_009857.wav,validate,1,0,0,0,1,0,0,0
03_009869.wav,validate,0,0,0,0,0,0,0,0
03_010009.wav,validate,0,0,0,0,0,0,0,0
03_010051.wav,validate,1,0,0,0,0,0,0,0
03_010052.wav,validate,0,0,0,0,0,0,0,0
03_010054.wav,validate,0,0,0,0,0,0,1,0
03_010055.wav,validate,0,0,0,0,0,1,1,0
03_010080.wav,validate,0,0,0,0,0,0,0,0
03_010116.wav,validate,0,0,0,0,1,0,0,0
03_010124.wav,validate,0,0,0,0,1,0,0,0
03_010196.wav,validate,0,0,0,0,1,0,0,0
03_010244.wav,validate,1,0,1,0,0,0,0,0
03_010252.wav,validate,0,0,0,0,0,0,0,0
03_010284.wav,validate,0,1,0,0,0,0,0,0
03_010336.wav,validate,1,0,0,0,0,0,0,0
03_010363.wav,validate,0,0,0,0,0,0,0,0
03_010375.wav,validate,1,0,0,0,0,0,0,0
03_010406.wav,validate,1,0,0,0,0,0,0,0
03_010415.wav,validate,1,0,0,0,0,0,1,0
03_010427.wav,validate,0,0,0,0,0,0,0,0
03_010447.wav,validate,0,0,0,0,1,0,0,0
03_010487.wav,validate,0,0,0,0,1,0,0,0
03_010528.wav,validate,0,0,0,0,1,0,0,0
03_010545.wav,validate,0,1,0,0,0,0,0,0
03_010557.wav,validate,1,0,0,0,0,0,0,0
03_010566.wav,validate,0,0,0,0,1,0,0,0
03_010581.wav,validate,0,0,0,0,1,0,0,0
03_010614.wav,validate,1,0,0,0,0,0,0,0
03_010627.wav,validate,1,0,0,0,0,0,0,0
03_010636.wav,validate,1,0,0,0,0,0,0,0
03_010652.wav,validate,0,1,0,0,0,0,0,0
03_010683.wav,validate,1,0,0,0,0,0,0,0
03_010780.wav,validate,1,0,0,0,1,0,0,0
03_010793.wav,validate,1,1,0,0,0,0,0,0
03_010825.wav,validate,0,0,0,0,0,0,1,0
03_010858.wav,validate,0,1,0,0,0,0,0,0
03_010871.wav,validate,0,0,0,0,1,0,0,0
03_010887.wav,validate,0,0,0,0,0,0,0,0
03_010916.wav,validate,1,0,0,0,0,0,0,0
03_010920.wav,validate,1,0,0,0,0,0,0,0
03_010924.wav,validate,0,0,0,1,0,0,0,0
03_010938.wav,validate,1,0,0,0,0,0,0,0
03_010956.wav,validate,1,0,0,0,0,0,0,0
03_010963.wav,validate,1,0,0,0,1,0,1,0
03_010966.wav,validate,0,0,0,0,1,0,0,0
03_010983.wav,validate,0,1,0,0,0,0,0,0
03_011020.wav,validate,1,0,0,0,0,0,0,0
03_011036.wav,validate,1,0,0,0,0,0,0,0
03_011041.wav,validate,1,0,0,0,0,0,0,0
03_011121.wav,validate,0,0,0,0,0,0,1,0
03_011147.wav,validate,0,0,0,0,0,0,1,0
03_011267.wav,validate,0,0,0,0,0,0,1,0
03_011282.wav,validate,0,1,0,0,0,0,0,0
03_011296.wav,validate,1,0,0,1,0,0,0,0
03_011360.wav,validate,0,1,0,0,0,0,0,0
03_011366.wav,validate,1,0,0,0,0,0,0,0
03_011411.wav,validate,0,0,0,0,1,0,0,0
03_011467.wav,validate,0,0,0,0,1,0,0,0
03_011475.wav,validate,0,0,0,0,0,0,0,0
03_011533.wav,validate,0,1,0,0,0,0,0,0
03_011544.wav,validate,1,0,0,0,0,0,0,0
03_011563.wav,validate,0,0,0,0,1,0,1,0
03_011635.wav,validate,1,0,0,0,1,0,0,0
03_011641.wav,validate,1,0,0,0,0,0,0,0
03_011643.wav,validate,0,0,0,0,0,0,0,0
03_011645.wav,validate,1,0,0,0,0,0,0,0
03_011687.wav,validate,0,0,0,0,1,0,0,0
03_011708.wav,validate,1,0,0,0,0,0,0,0
03_011732.wav,validate,0,0,0,0,1,0,0,0
03_011738.wav,validate,0,0,0,0,1,0,0,0
03_011752.wav,validate,0,0,0,0,0,0,1,0
03_011755.wav,validate,0,0,0,0,1,0,0,0
03_011782.wav,validate,1,0,0,0,1,0,0,0
03_011784.wav,validate,1,0,0,0,0,0,0,0
03_011804.wav,validate,1,0,0,0,0,0,0,0
03_011821.wav,validate,0,0,0,0,1,0,0,0
03_011822.wav,validate,0,0,0,0,1,0,0,0
03_011835.wav,validate,1,0,0,0,0,0,0,0
03_011846.wav,validate,1,0,0,0,0,0,0,0
03_011851.wav,validate,0,0,0,0,1,0,0,0
03_011861.wav,validate,0,0,0,0,1,0,0,0
03_011866.wav,validate,0,0,0,0,0,0,0,0
03_011961.wav,validate,1,0,0,0,0,0,0,0
03_011968.wav,validate,1,0,0,0,0,0,0,0
03_011997.wav,validate,1,0,0,0,0,0,0,0
03_012030.wav,validate,0,0,0,0,0,0,0,0
03_012043.wav,validate,0,0,0,0,0,0,1,0
03_012054.wav,validate,0,0,0,0,1,0,0,0
03_012067.wav,validate,0,0,0,0,0,0,0,0
03_012079.wav,validate,0,0,0,0,0,0,1,0
03_012099.wav,validate,1,0,0,0,1,0,0,0
03_012141.wav,validate,0,0,0,0,0,0,1,0
03_012193.wav,validate,0,0,0,0,1,0,0,0
03_012211.wav,validate,1,0,0,0,0,0,0,0
03_012217.wav,validate,0,0,0,0,0,0,0,0
03_012235.wav,validate,0,0,0,0,0,0,0,0
03_012268.wav,validate,1,0,0,0,0,0,0,0
03_012280.wav,validate,0,0,0,0,1,0,0,0
03_012317.wav,validate,0,0,0,0,0,0,0,0
03_012325.wav,validate,1,0,0,0,1,0,1,0
03_012330.wav,validate,1,0,0,0,0,0,0,0
03_012361.wav,validate,1,0,0,0,1,0,0,0
03_012362.wav,validate,0,0,0,0,0,0,0,0
03_012366.wav,validate,1,0,0,0,0,0,0,0
03_012384.wav,validate,0,0,0,0,1,0,0,0
03_012397.wav,validate,0,0,0,0,1,0,0,0
03_012400.wav,validate,0,0,0,0,1,0,0,0
03_012413.wav,validate,1,0,0,0,1,0,0,0
03_012432.wav,validate,0,0,0,0,0,0,0,0
03_012434.wav,validate,0,0,0,0,0,0,0,0
03_012436.wav,validate,1,0,0,0,0,0,0,0
03_012454.wav,validate,1,0,0,0,1,0,1,0
03_012462.wav,validate,1,0,0,0,0,0,0,0
03_012464.wav,validate,0,0,0,0,0,0,0,0
03_012475.wav,validate,0,0,0,0,0,0,0,0
03_012514.wav,validate,1,0,0,0,0,0,0,0
03_012597.wav,validate,0,0,0,0,0,0,0,0
03_012664.wav,validate,1,0,0,0,0,0,0,0
03_012706.wav,validate,0,0,0,0,0,0,0,0
03_012777.wav,validate,0,0,0,0,0,0,0,0
03_012779.wav,validate,0,0,0,0,0,0,0,0
03_012804.wav,validate,0,0,0,0,1,0,0,0
03_012834.wav,validate,1,0,0,0,0,0,0,0
03_012865.wav,validate,1,0,0,0,0,0,0,0
03_012879.wav,validate,0,0,0,0,0,0,0,0
03_012907.wav,validate,0,0,0,0,0,0,0,0
03_012923.wav,validate,1,0,0,0,0,0,1,0
03_012926.wav,validate,0,0,0,0,0,0,0,0
03_012954.wav,validate,0,0,0,0,0,0,0,0
03_013014.wav,validate,0,0,0,0,1,0,0,0
03_013016.wav,validate,1,0,0,0,1,0,0,0
03_013019.wav,validate,1,0,0,0,0,0,0,0
03_013027.wav,validate,1,0,0,0,0,0,0,0
03_013071.wav,validate,0,0,0,0,0,0,0,0
03_013136.wav,validate,1,0,0,0,0,0,0,0
03_013169.wav,validate,0,0,0,0,0,0,0,0
03_013182.wav,validate,0,0,0,0,0,0,0,0
03_013193.wav,validate,1,0,0,0,0,0,0,0
03_013236.wav,validate,0,0,0,0,0,0,0,0
03_013266.wav,validate,0,0,0,0,1,0,0,0
03_013301.wav,validate,0,0,0,0,0,0,0,0
03_013308.wav,validate,0,0,0,0,0,0,0,0
03_013331.wav,validate,0,0,0,0,1,0,0,0
03_013343.wav,validate,1,0,0,0,0,0,0,0
03_013345.wav,validate,0,0,0,0,0,0,0,0
03_013412.wav,validate,1,0,0,0,0,0,1,0
03_013419.wav,validate,0,0,0,0,1,0,0,0
03_013539.wav,validate,0,0,0,0,1,0,0,0
03_013586.wav,validate,0,0,0,0,1,0,0,0
03_013589.wav,validate,1,0,0,0,0,0,0,0
03_013626.wav,validate,0,0,0,0,0,0,0,0
03_013658.wav,validate,0,0,0,0,0,0,1,0
03_013696.wav,validate,0,0,0,0,0,0,1,0
03_013716.wav,validate,0,0,0,0,1,0,0,0
03_016319.wav,validate,1,0,0,0,1,0,0,0
03_016367.wav,validate,0,1,0,0,0,0,0,0
03_016370.wav,validate,0,0,0,0,0,0,0,0
03_016390.wav,validate,0,0,0,0,0,0,0,0
03_016391.wav,validate,0,0,0,0,0,0,0,0
03_016465.wav,validate,1,0,0,0,0,0,0,0
03_016473.wav,validate,0,0,0,0,0,0,1,0
03_016476.wav,validate,0,0,0,0,1,0,0,0
03_016480.wav,validate,1,0,0,0,0,0,0,0
03_016484.wav,validate,1,0,0,0,1,0,0,0
03_016596.wav,validate,0,1,0,0,0,0,0,0
03_016612.wav,validate,1,0,0,0,1,0,0,0
03_016649.wav,validate,1,0,0,0,1,0,0,0
03_016680.wav,validate,0,0,0,0,1,0,0,0
03_016687.wav,validate,1,0,0,0,1,0,0,0
03_016720.wav,validate,1,0,0,0,1,0,0,0
03_016739.wav,validate,0,0,0,0,1,0,0,0
03_016763.wav,validate,1,0,0,0,0,0,0,0
03_016781.wav,validate,1,0,0,0,0,0,0,0
03_016792.wav,validate,1,0,0,0,0,0,0,0
03_016800.wav,validate,0,0,0,0,0,0,0,0
03_016801.wav,validate,1,0,0,0,0,0,0,0
03_016870.wav,validate,0,0,0,0,1,0,0,0
03_016901.wav,validate,1,0,0,0,1,0,0,0
03_016907.wav,validate,1,0,0,0,0,0,1,0
03_016932.wav,validate,1,0,0,0,0,0,0,0
03_016941.wav,validate,1,0,0,0,0,0,0,0
03_016955.wav,validate,0,0,0,0,1,0,0,0
03_017018.wav,validate,0,0,0,0,1,0,0,0
03_017079.wav,validate,1,0,0,0,0,0,0,0
03_017102.wav,validate,1,0,0,0,1,0,0,0
03_017131.wav,validate,0,0,0,1,0,0,0,0
03_017230.wav,validate,0,0,0,0,0,0,1,0
03_017283.wav,validate,1,0,0,0,1,0,0,0
03_017367.wav,validate,0,0,0,0,0,1,0,0
03_017377.wav,validate,0,0,0,0,1,0,1,0
03_017407.wav,validate,0,0,0,0,0,0,0,0
03_017446.wav,validate,0,0,0,0,0,0,0,0
03_017468.wav,validate,1,0,0,0,0,0,0,0
03_017483.wav,validate,1,0,0,0,0,0,0,0
03_017565.wav,validate,1,0,0,0,0,0,0,0
03_017575.wav,validate,1,0,0,0,1,0,0,0
03_017597.wav,validate,1,0,0,0,1,0,1,0
03_017602.wav,validate,1,0,0,0,0,0,0,0
03_017646.wav,validate,1,0,0,0,1,0,0,0
03_017674.wav,validate,0,0,0,0,1,0,0,0
03_017691.wav,validate,1,0,0,0,0,0,0,0
03_017705.wav,validate,1,0,0,0,0,0,0,0
03_017713.wav,validate,1,0,0,0,0,0,0,0
03_017764.wav,validate,0,0,0,0,1,0,0,0
03_017768.wav,validate,0,0,0,1,0,0,0,0
03_017781.wav,validate,0,0,0,0,0,0,0,0
03_017784.wav,validate,0,0,0,0,1,0,0,0
03_017796.wav,validate,1,0,0,0,0,0,0,0
03_017868.wav,validate,0,0,0,0,0,0,1,0
03_017873.wav,validate,0,0,0,0,0,0,0,0
03_017874.wav,validate,1,0,0,0,0,0,1,0
03_018017.wav,validate,0,0,0,0,1,0,1,0
03_018088.wav,validate,1,0,0,0,0,0,0,0
03_018114.wav,validate,1,0,0,0,0,0,0,0
03_018143.wav,validate,0,0,0,0,0,0,0,0
03_018230.wav,validate,0,0,0,0,0,0,0,0
03_018423.wav,validate,0,0,0,0,0,0,0,0
03_018515.wav,validate,0,0,0,0,0,0,0,0
03_018526.wav,validate,0,0,0,0,0,0,0,0
03_018568.wav,validate,1,0,0,0,1,0,1,0
03_018601.wav,validate,0,0,0,0,0,1,0,0
03_018603.wav,validate,0,0,0,0,0,0,0,0
03_018624.wav,validate,0,0,0,0,0,0,0,0
03_018635.wav,validate,0,0,0,0,1,0,0,0
03_018690.wav,validate,1,0,0,0,0,0,0,0
03_018706.wav,validate,0,0,0,0,1,0,0,0
03_018728.wav,validate,0,0,0,0,1,0,0,0
03_018867.wav,validate,1,0,0,0,0,0,0,0
03_018883.wav,validate,0,0,0,0,0,0,0,0
03_018904.wav,validate,0,0,0,0,0,1,0,0
03_018916.wav,validate,1,0,0,0,1,0,1,0
03_018943.wav,validate,1,0,0,0,1,0,0,0
03_018980.wav,validate,1,0,0,0,0,0,0,0
03_019004.wav,validate,0,0,0,0,0,0,0,0
03_019055.wav,validate,0,0,0,0,0,0,0,0
03_019067.wav,validate,1,0,0,0,0,0,0,0
03_019163.wav,validate,0,0,0,0,1,0,0,0
03_019227.wav,validate,0,0,0,0,0,0,0,0
03_019231.wav,validate,0,0,0,0,0,0,0,0
03_019245.wav,validate,0,0,0,0,0,0,1,0
03_019293.wav,validate,0,1,0,0,0,0,0,0
03_019427.wav,validate,1,0,0,0,0,0,0,0
03_019449.wav,validate,1,0,0,0,0,0,0,0
03_019452.wav,validate,0,0,0,0,0,0,0,0
03_019464.wav,validate,1,0,0,0,0,0,0,0
03_019481.wav,validate,0,0,0,0,0,0,0,0
03_019496.wav,validate,1,0,0,0,0,0,0,0
03_019546.wav,validate,0,0,0,1,0,0,0,0
03_019578.wav,validate,1,0,0,0,1,0,0,0
03_019586.wav,validate,1,0,0,0,0,0,0,0
03_019606.wav,validate,0,0,0,0,0,0,1,0
03_019624.wav,validate,1,0,0,0,0,0,0,0
03_019654.wav,validate,0,0,0,0,1,0,0,0
03_019669.wav,validate,0,0,0,0,1,0,0,0
03_019711.wav,validate,1,0,0,0,0,0,0,0
03_019729.wav,validate,1,0,0,0,0,0,0,0
03_019769.wav,validate,1,0,0,0,0,0,0,0
03_019770.wav,validate,1,0,0,0,0,0,0,0
03_019798.wav,validate,1,0,0,0,1,0,0,0
03_019811.wav,validate,0,0,0,1,0,0,0,0
03_019894.wav,validate,1,0,1,0,0,0,1,0
03_019924.wav,validate,0,0,0,0,0,0,0,0
03_019932.wav,validate,1,0,0,0,0,0,0,0
03_019956.wav,validate,0,0,0,0,1,0,1,0
03_019966.wav,validate,1,0,0,0,0,0,0,0
03_019991.wav,validate,0,0,0,1,1,0,0,0
03_020136.wav,validate,0,0,0,0,1,0,0,0
03_020148.wav,validate,0,0,0,0,0,0,1,0
03_020173.wav,validate,0,0,0,0,0,0,0,0
03_020190.wav,validate,0,0,0,0,0,0,0,0
03_020194.wav,validate,0,0,0,0,0,0,0,0
03_020215.wav,validate,0,0,0,0,0,1,0,0
03_020324.wav,validate,0,0,0,0,0,1,1,0
03_020332.wav,validate,1,0,0,0,0,0,0,0
03_020334.wav,validate,1,0,0,0,1,0,0,0
03_020357.wav,validate,1,0,0,0,1,0,1,0
03_020366.wav,validate,0,0,0,0,0,0,0,0
03_020500.wav,validate,0,0,0,0,1,0,1,0
03_020517.wav,validate,0,0,0,0,1,0,0,0
03_020545.wav,validate,0,0,0,0,0,0,0,0
03_020593.wav,validate,1,0,1,0,0,0,0,0
03_020662.wav,validate,0,1,0,0,0,0,0,0
03_020699.wav,validate,1,0,0,0,0,0,0,0
03_020720.wav,validate,1,0,0,0,0,0,0,0
03_020762.wav,validate,0,0,0,0,1,0,0,0
03_020835.wav,validate,0,1,0,0,0,0,0,0
03_020848.wav,validate,0,0,0,0,1,0,0,0
03_020858.wav,validate,0,0,0,0,0,0,0,0
03_020892.wav,validate,0,0,0,0,0,0,1,0
03_026993.wav,test,1,0,1,0,0,0,1,0
03_027013.wav,test,1,0,1,0,1,0,1,0
03_027102.wav,test,1,0,1,0,0,0,0,0
03_027229.wav,test,1,0,0,0,0,0,1,0
03_027300.wav,test,0,0,1,0,0,0,0,0
03_027382.wav,test,0,1,0,0,0,0,1,0
03_027430.wav,test,1,1,0,0,0,0,0,0
03_027476.wav,test,1,0,1,1,0,0,0,0
03_027487.wav,test,0,0,0,0,0,0,1,0
03_027535.wav,test,0,0,0,0,0,0,1,0
04_000030.wav,validate,0,0,0,0,0,0,1,0
04_000040.wav,validate,0,0,0,0,0,0,1,0
04_000046.wav,validate,1,0,1,0,0,0,0,0
04_000079.wav,validate,0,0,0,0,0,0,1,0
04_000128.wav,validate,0,0,0,1,0,0,0,0
04_000182.wav,validate,1,0,1,0,1,0,1,0
04_000212.wav,validate,1,0,0,1,0,0,0,0
04_000244.wav,validate,0,1,0,0,1,0,0,0
04_000338.wav,validate,0,0,0,0,1,0,0,0
04_000417.wav,validate,1,0,1,0,0,0,1,0
04_000468.wav,validate,0,0,0,0,0,1,1,0
04_000483.wav,validate,1,0,1,0,0,0,1,0
04_000490.wav,validate,1,0,0,0,0,0,0,0
04_000513.wav,validate,0,0,0,1,0,0,0,0
04_000534.wav,validate,1,0,0,0,1,0,0,0
04_000570.wav,validate,0,0,1,0,0,1,1,0
04_000588.wav,validate,1,0,0,0,0,0,0,0
04_000626.wav,validate,0,0,0,0,1,0,0,0
04_000645.wav,validate,1,0,0,0,0,0,0,0
04_000652.wav,validate,0,0,0,0,0,0,1,0
04_000681.wav,validate,0,0,0,0,0,0,1,0
04_000727.wav,validate,1,0,0,0,0,0,0,0
04_000807.wav,validate,0,0,0,0,0,0,1,0
04_000859.wav,validate,0,0,1,0,1,0,1,0
04_000882.wav,validate,1,0,0,0,0,0,0,0
04_000892.wav,validate,1,1,0,0,0,0,0,0
04_000910.wav,validate,1,0,1,0,1,0,0,0
04_000918.wav,validate,1,0,0,0,0,1,1,0
04_000994.wav,validate,0,0,0,0,0,0,1,0
04_001029.wav,validate,1,0,0,0,0,0,0,0
04_001103.wav,validate,1,0,0,0,0,0,1,0
04_001114.wav,validate,1,0,0,0,0,0,1,0
04_001123.wav,validate,0,0,1,0,0,0,1,0
04_001125.wav,validate,0,0,0,0,0,0,0,0
04_001143.wav,validate,1,0,0,0,0,0,0,0
04_001159.wav,validate,1,0,0,0,0,0,0,0
04_001161.wav,validate,0,0,0,0,0,0,1,0
04_001185.wav,validate,0,0,0,0,0,0,1,0
04_001187.wav,validate,1,0,1,0,0,0,1,0
04_001217.wav,validate,0,0,0,0,1,0,0,0
04_001241.wav,validate,0,0,0,0,0,0,1,0
04_001266.wav,validate,1,0,0,0,0,0,0,0
04_001416.wav,validate,1,0,0,0,0,0,0,0
04_001443.wav,validate,0,0,0,0,1,0,0,0
04_001446.wav,validate,1,0,0,0,0,0,0,0
04_001480.wav,validate,0,0,0,0,0,1,1,0
04_001508.wav,validate,1,0,1,0,0,0,0,0
04_001523.wav,validate,1,1,0,0,0,0,0,0
04_001568.wav,validate,0,0,0,0,0,0,0,0
04_001599.wav,validate,1,0,0,0,0,0,0,0
04_001625.wav,validate,1,0,0,0,0,0,1,0
04_001646.wav,validate,0,0,0,0,0,0,1,0
04_001647.wav,validate,0,0,0,0,1,0,0,0
04_001649.wav,validate,0,0,0,1,0,0,0,0
04_001665.wav,validate,0,0,0,0,0,0,1,0
04_001691.wav,validate,0,0,0,1,0,0,0,0
04_001745.wav,validate,0,0,0,0,0,0,1,0
04_001757.wav,validate,1,0,0,0,0,0,0,0
04_001769.wav,validate,0,0,0,0,0,0,1,0
04_001782.wav,validate,0,0,0,0,0,1,1,0
04_001814.wav,validate,0,0,0,0,0,0,1,0
04_001924.wav,validate,0,0,0,0,0,0,1,0
04_001938.wav,validate,0,0,0,0,0,0,0,0
04_002011.wav,validate,1,0,1,0,0,0,1,0
04_002022.wav,validate,1,1,0,0,0,0,0,0
04_002047.wav,validate,0,0,0,0,0,0,1,0
04_002068.wav,validate,0,0,1,0,0,0,1,0
04_002110.wav,validate,0,1,1,0,0,0,1,0
04_002229.wav,validate,0,0,0,0,0,0,1,0
04_002259.wav,validate,0,0,0,0,1,0,0,0
04_002298.wav,validate,1,0,0,0,0,0,1,0
04_002375.wav,validate,0,0,0,1,0,0,0,0
04_002481.wav,validate,1,0,0,0,0,0,1,0
04_002543.wav,validate,1,0,0,0,0,0,0,0
04_002649.wav,validate,0,0,0,0,0,0,1,0
04_002686.wav,validate,0,0,0,0,0,0,1,0
04_002698.wav,validate,0,0,0,0,0,0,0,0
04_002755.wav,validate,0,0,0,0,0,0,1,0
04_002799.wav,validate,0,0,0,0,0,0,1,0
04_002810.wav,validate,0,0,0,0,0,0,1,0
04_002835.wav,validate,0,0,0,0,0,0,1,0
04_002850.wav,validate,0,0,0,0,0,0,1,0
04_002862.wav,validate,1,0,0,0,0,0,0,0
04_002871.wav,validate,1,0,0,0,0,0,0,0
04_002875.wav,validate,0,0,0,0,1,0,0,0
04_002884.wav,validate,0,0,0,0,0,0,1,0
04_002891.wav,validate,1,0,0,0,0,0,1,0
04_002944.wav,validate,0,0,0,0,0,0,0,0
04_003044.wav,validate,0,0,0,0,0,0,1,0
04_003117.wav,validate,1,0,0,0,0,0,1,0
04_003140.wav,validate,0,0,0,0,0,0,1,0
04_003151.wav,validate,0,0,0,0,0,0,1,0
04_003174.wav,validate,0,0,0,0,0,0,1,0
04_003185.wav,validate,1,0,1,0,0,0,0,0
04_003207.wav,validate,1,0,0,0,0,0,1,0
04_003239.wav,validate,1,0,1,0,0,0,1,0
04_003264.wav,validate,0,0,0,0,0,0,1,0
04_003269.wav,validate,1,0,0,0,0,0,0,0
04_003316.wav,validate,0,0,0,0,1,0,0,0
04_003332.wav,validate,0,0,0,0,0,0,1,0
04_003348.wav,validate,1,0,0,0,0,0,0,0
04_003352.wav,validate,0,0,0,0,0,0,0,0
04_003381.wav,validate,1,0,0,0,0,0,0,0
04_003405.wav,validate,0,0,0,0,1,0,1,0
04_003408.wav,validate,0,0,0,0,0,0,1,0
04_003420.wav,validate,0,0,0,0,0,0,1,0
04_003444.wav,validate,0,0,0,0,0,0,1,0
04_003466.wav,validate,0,1,0,0,0,0,0,0
04_003489.wav,validate,0,0,0,0,0,0,0,0
04_003508.wav,validate,0,0,1,0,0,0,1,0
04_003546.wav,validate,1,0,0,0,0,0,0,0
04_003587.wav,validate,1,0,0,0,0,0,0,0
04_003628.wav,validate,0,0,0,1,1,0,0,0
04_003699.wav,validate,0,0,0,0,0,0,1,0
04_003749.wav,validate,0,0,0,0,0,0,1,0
04_003817.wav,validate,0,0,0,0,0,0,1,0
04_003825.wav,validate,0,0,0,0,0,0,1,0
04_003845.wav,validate,0,0,0,0,0,0,0,0
04_003890.wav,validate,0,0,0,0,0,0,1,0
04_003908.wav,validate,0,0,0,0,0,0,0,0
04_003953.wav,validate,0,0,0,1,0,0,0,0
04_003962.wav,validate,1,0,0,0,1,0,1,0
04_004119.wav,validate,0,0,0,1,0,0,0,0
04_004167.wav,validate,0,0,0,0,0,1,0,0
04_004169.wav,validate,0,0,0,0,0,0,0,0
04_004194.wav,validate,0,0,0,0,0,0,0,0
04_004195.wav,validate,0,0,0,0,0,0,1,0
04_004301.wav,validate,0,0,0,0,0,0,1,0
04_004416.wav,validate,0,0,0,0,0,0,1,0
04_004438.wav,validate,0,0,1,0,0,0,1,0
04_004469.wav,validate,0,0,0,1,1,0,0,0
04_004470.wav,validate,1,0,0,0,0,0,0,0
04_004471.wav,validate,0,0,0,0,0,0,1,0
04_004538.wav,validate,0,0,0,0,1,0,0,0
04_004690.wav,validate,0,0,0,0,0,0,1,0
04_004721.wav,validate,0,0,0,0,0,0,1,0
04_004765.wav,validate,1,0,0,0,0,0,1,0
04_004799.wav,validate,0,0,0,0,0,0,0,0
04_004815.wav,validate,0,0,0,0,1,1,1,0
04_004884.wav,validate,1,0,0,0,0,0,0,0
04_004904.wav,validate,0,0,0,0,0,0,1,0
04_004906.wav,validate,0,0,0,0,0,0,1,0
04_004983.wav,validate,0,0,0,0,0,0,1,0
04_005013.wav,validate,0,0,0,0,0,0,0,0
04_005117.wav,validate,1,0,0,0,0,0,0,0
04_005132.wav,validate,0,0,0,1,0,0,0,0
04_005157.wav,validate,0,0,0,0,0,0,1,0
04_005175.wav,validate,0,0,0,0,0,0,1,0
04_005193.wav,validate,0,0,0,0,0,0,1,0
04_005211.wav,validate,0,0,0,0,0,0,1,0
04_005238.wav,validate,0,0,0,0,0,0,1,0
04_005263.wav,validate,0,0,0,0,0,0,1,0
04_005373.wav,validate,0,0,0,0,0,0,1,0
04_005382.wav,validate,1,0,0,0,0,0,1,0
04_005395.wav,validate,0,0,0,0,1,0,1,0
04_005439.wav,validate,0,0,0,0,0,0,0,0
04_005490.wav,validate,1,0,0,0,0,0,0,0
04_005491.wav,validate,0,0,0,0,0,0,0,0
04_005513.wav,validate,0,0,0,1,1,0,0,0
04_005528.wav,validate,1,0,0,0,0,0,1,0
04_005608.wav,validate,0,0,0,0,0,0,1,0
04_005719.wav,validate,1,0,0,0,0,0,1,0
04_005746.wav,validate,0,0,0,0,0,0,1,0
04_005747.wav,validate,0,0,0,1,0,0,0,0
04_005749.wav,validate,0,0,0,0,0,0,1,0
04_005751.wav,validate,0,0,0,1,0,0,0,0
04_005784.wav,validate,1,0,0,0,0,0,0,0
04_005805.wav,validate,1,0,0,0,0,0,0,0
04_005807.wav,validate,0,0,0,0,1,0,0,0
04_005809.wav,validate,0,0,0,0,1,0,0,0
04_005811.wav,validate,0,0,0,0,0,0,1,0
04_005831.wav,validate,0,0,0,0,0,0,1,0
04_005893.wav,validate,0,0,0,0,0,0,1,0
04_005963.wav,validate,1,0,0,0,0,0,0,0
04_005997.wav,validate,1,0,0,0,0,0,1,0
04_006028.wav,validate,1,0,0,0,0,0,0,0
04_006082.wav,validate,0,0,0,0,0,0,1,0
04_006166.wav,validate,0,0,0,0,0,0,0,0
04_006233.wav,validate,1,0,0,0,0,0,0,0
04_006240.wav,validate,0,0,0,0,0,0,1,0
04_006241.wav,validate,0,0,0,0,0,0,0,0
04_006242.wav,validate,0,0,0,0,0,0,1,0
04_006257.wav,validate,0,0,0,0,0,0,1,0
04_006303.wav,validate,1,0,0,0,0,0,0,0
04_006367.wav,validate,0,0,0,0,0,0,1,0
04_006371.wav,validate,0,0,0,0,1,0,0,0
04_006388.wav,validate,0,0,0,0,1,0,0,0
04_006391.wav,validate,0,0,0,0,0,0,1,0
04_006393.wav,validate,0,0,0,0,0,1,0,0
04_006408.wav,validate,0,0,0,0,0,0,1,0
04_006438.wav,validate,0,0,0,1,0,0,0,0
04_006450.wav,validate,0,0,0,0,1,0,1,0
04_006454.wav,validate,0,0,0,0,0,0,1,0
04_006495.wav,validate,0,0,0,0,0,0,1,0
04_006507.wav,validate,0,0,0,0,0,0,1,0
04_006528.wav,validate,0,0,0,0,1,0,0,0
04_006552.wav,validate,0,0,0,0,0,0,0,0
04_006560.wav,validate,0,0,0,0,0,0,1,0
04_006579.wav,validate,1,0,0,0,0,0,1,0
04_006595.wav,validate,0,0,0,0,0,0,1,0
04_006598.wav,validate,1,0,0,0,0,0,0,0
04_006608.wav,validate,1,0,0,0,0,0,0,0
04_006625.wav,validate,1,0,0,0,0,0,0,0
04_006697.wav,validate,0,0,0,1,0,0,0,0
04_006701.wav,validate,0,0,0,0,0,0,1,0
04_006707.wav,validate,0,0,0,0,0,0,0,0
04_006710.wav,validate,0,0,0,0,1,0,0,0
04_006774.wav,validate,0,0,0,0,0,0,1,0
04_006836.wav,validate,0,0,0,0,0,0,1,0
04_006919.wav,validate,0,0,0,0,0,0,1,0
04_006921.wav,validate,0,0,0,0,0,1,1,0
04_006929.wav,validate,0,0,0,0,0,0,1,0
04_006961.wav,validate,0,0,0,0,0,0,0,0
04_006965.wav,validate,0,0,0,0,0,1,0,0
04_006972.wav,validate,0,0,0,0,0,0,1,0
04_007009.wav,validate,0,0,0,0,0,0,1,0
04_007013.wav,validate,0,0,0,0,0,0,1,0
04_007029.wav,validate,0,0,0,1,0,0,0,0
04_007036.wav,validate,0,0,0,0,0,0,0,0
04_007073.wav,validate,0,0,0,0,1,0,0,0
04_007090.wav,validate,0,0,0,0,0,0,1,0
04_007099.wav,validate,0,0,0,0,0,0,1,0
04_007224.wav,validate,0,0,0,0,0,0,0,1
04_007245.wav,validate,0,0,0,0,0,0,1,0
04_007292.wav,validate,0,0,0,0,0,0,0,0
04_007297.wav,validate,0,0,0,0,0,0,0,0
04_007328.wav,validate,0,0,0,0,0,0,1,0
04_007368.wav,validate,0,0,0,0,0,0,0,0
04_007382.wav,validate,0,0,0,0,0,0,1,0
04_007414.wav,validate,0,0,0,0,0,0,1,0
04_007427.wav,validate,0,0,0,0,0,0,1,0
04_007431.wav,validate,0,0,0,0,0,1,0,0
04_007440.wav,validate,1,0,0,0,0,0,0,0
04_007451.wav,validate,1,0,0,0,0,0,0,0
04_007482.wav,validate,1,0,0,1,0,0,0,0
04_007495.wav,validate,0,0,0,0,0,0,0,0
04_007571.wav,validate,1,0,0,0,0,0,0,0
04_007577.wav,validate,0,0,0,0,0,0,1,0
04_007584.wav,validate,0,0,0,0,0,0,0,0
04_007586.wav,validate,1,0,0,1,0,0,0,0
04_007587.wav,validate,0,0,0,0,0,0,0,0
04_007593.wav,validate,0,1,0,0,0,0,0,0
04_007595.wav,validate,0,0,0,0,1,0,0,0
04_007601.wav,validate,0,0,0,0,0,0,1,0
04_007626.wav,validate,0,0,0,0,0,0,1,0
04_007633.wav,validate,0,0,0,0,0,0,1,0
04_007646.wav,validate,1,0,0,0,0,0,0,0
04_007665.wav,validate,0,0,0,0,0,0,1,0
04_007682.wav,validate,0,0,0,1,0,0,0,0
04_007749.wav,validate,0,0,0,0,0,0,0,0
04_007750.wav,validate,0,0,0,0,0,0,1,0
04_007769.wav,validate,1,0,0,0,0,0,1,0
04_007783.wav,validate,0,0,0,0,0,0,1,0
04_007794.wav,validate,0,0,0,0,0,0,0,0
04_007809.wav,validate,0,0,0,0,0,0,1,0
04_007819.wav,validate,0,0,0,0,0,0,0,0
04_007896.wav,validate,0,0,0,0,0,0,1,0
04_007926.wav,validate,0,0,0,0,0,0,1,0
04_008121.wav,validate,0,0,0,0,1,0,1,0
04_008146.wav,validate,0,0,0,1,0,0,0,0
04_008160.wav,validate,0,0,0,0,0,0,1,0
04_008166.wav,validate,0,0,0,0,0,0,1,0
04_008169.wav,validate,0,1,0,0,0,0,0,0
04_008195.wav,validate,0,0,0,0,0,0,1,0
04_008206.wav,validate,0,0,0,0,0,0,1,0
04_008234.wav,validate,0,0,0,0,0,0,1,0
04_008236.wav,validate,0,0,0,1,0,0,0,0
04_008275.wav,validate,0,1,0,0,0,0,0,0
04_008330.wav,validate,0,0,0,0,1,0,1,0
04_008348.wav,validate,0,0,0,0,0,0,1,0
04_008444.wav,validate,0,0,0,0,0,0,1,0
04_008446.wav,validate,0,0,0,0,0,0,1,0
04_008447.wav,validate,0,0,0,0,0,0,1,0
04_008508.wav,validate,0,0,0,0,0,0,1,0
04_008514.wav,validate,0,0,0,0,0,0,1,0
04_008548.wav,validate,0,1,0,0,0,0,0,0
04_008585.wav,validate,0,0,0,1,0,0,0,0
04_008606.wav,validate,0,0,0,0,0,0,0,0
04_008611.wav,validate,0,0,0,0,0,0,0,0
04_008627.wav,validate,0,0,0,0,0,0,0,0
04_008667.wav,validate,0,0,0,0,1,0,1,0
04_008675.wav,validate,1,0,0,0,0,0,0,0
04_008703.wav,validate,0,0,0,0,0,0,1,0
04_008715.wav,validate,1,0,0,0,0,0,1,0
04_008736.wav,validate,0,0,0,0,0,0,1,0
04_008784.wav,validate,0,0,0,0,0,0,1,0
04_008786.wav,validate,1,0,1,0,0,0,1,0
04_008810.wav,validate,0,0,0,0,1,0,1,0
04_008815.wav,validate,0,0,0,0,0,0,0,0
04_008849.wav,validate,0,0,0,0,0,0,1,0
04_008852.wav,validate,0,0,0,0,0,0,1,0
04_008882.wav,validate,0,0,0,0,0,0,1,0
04_008883.wav,validate,0,0,0,1,0,0,0,0
04_008927.wav,validate,0,0,0,0,0,0,1,0
04_008936.wav,validate,0,0,0,0,0,0,0,0
04_009001.wav,validate,0,0,0,0,0,0,1,0
04_009060.wav,validate,0,0,0,0,0,0,1,1
04_009068.wav,validate,1,0,0,0,0,0,0,0
04_009074.wav,validate,0,0,0,0,0,0,1,0
04_009088.wav,validate,1,0,0,0,0,0,0,0
04_009100.wav,validate,1,0,0,0,0,0,0,0
04_009125.wav,validate,0,0,0,0,0,0,0,0
04_009172.wav,validate,0,0,0,0,0,0,0,0
04_009173.wav,validate,1,0,0,0,0,0,1,0
04_009213.wav,validate,0,0,0,0,0,0,0,0
04_009244.wav,validate,0,0,0,0,0,0,0,0
04_009251.wav,validate,0,0,0,0,0,0,0,0
04_009300.wav,validate,0,0,0,0,0,0,0,0
04_009307.wav,validate,0,0,0,0,1,0,0,0
04_009315.wav,validate,0,0,0,0,0,0,1,0
04_009347.wav,validate,0,0,0,0,0,0,1,0
04_009351.wav,validate,0,0,0,0,0,0,1,0
04_009364.wav,validate,0,0,0,0,1,0,1,0
04_009376.wav,validate,1,0,0,0,0,0,1,0
04_009402.wav,validate,0,0,0,0,0,0,0,0
04_009454.wav,validate,0,0,0,0,0,0,1,0
04_009470.wav,validate,0,0,0,0,0,0,1,0
04_009495.wav,validate,0,0,0,0,0,0,1,0
04_009505.wav,validate,0,0,0,0,0,0,1,0
04_009521.wav,validate,1,0,0,0,0,0,0,0
04_009522.wav,validate,0,0,0,0,0,0,0,0
04_009539.wav,validate,0,0,0,1,0,0,0,0
04_009560.wav,validate,0,0,0,0,0,0,1,0
04_009568.wav,validate,0,0,0,0,0,0,1,0
04_009578.wav,validate,0,0,0,0,0,0,1,0
04_009599.wav,validate,0,0,0,0,0,0,1,0
04_009606.wav,validate,1,0,0,0,0,0,1,0
04_009619.wav,validate,0,0,0,0,0,0,0,0
04_009637.wav,validate,0,0,0,0,0,0,0,0
04_009638.wav,validate,0,0,0,0,0,0,1,0
04_009656.wav,validate,0,0,0,0,0,0,1,0
04_009661.wav,validate,0,0,0,0,0,0,0,0
04_009664.wav,validate,0,0,0,0,0,0,1,0
04_009678.wav,validate,1,0,0,0,0,0,0,0
04_009692.wav,validate,1,0,0,0,0,0,0,0
04_009717.wav,validate,0,0,0,0,0,0,0,0
04_009733.wav,validate,1,0,0,0,0,0,0,0
04_009761.wav,validate,0,0,0,0,0,0,0,0
04_009785.wav,validate,1,0,0,0,0,0,1,0
04_009788.wav,validate,0,0,0,0,0,0,1,0
04_009819.wav,validate,0,0,0,0,0,1,0,0
04_009897.wav,validate,0,0,0,0,1,0,0,0
04_009900.wav,validate,0,0,0,0,0,0,1,0
04_009922.wav,validate,0,0,0,0,0,0,0,0
04_009938.wav,validate,0,0,0,0,0,0,1,0
04_009944.wav,validate,0,0,0,0,0,0,1,0
04_009948.wav,validate,0,0,0,0,0,0,0,0
04_009963.wav,validate,0,0,0,0,0,0,1,0
04_009983.wav,validate,0,0,0,0,0,0,1,0
04_009998.wav,validate,0,0,0,0,0,0,1,0
04_010022.wav,validate,1,1,0,0,0,0,0,0
04_010023.wav,validate,0,0,0,0,0,0,0,1
04_010099.wav,validate,0,0,0,0,0,0,1,0
04_010127.wav,validate,0,0,0,0,0,0,0,0
04_010158.wav,validate,0,0,0,0,0,0,1,0
04_010161.wav,validate,0,0,0,0,0,0,1,0
04_010168.wav,validate,0,0,0,0,0,0,0,0
04_010184.wav,validate,1,0,0,0,0,0,1,0
04_010185.wav,validate,0,0,0,0,0,0,0,0
04_010208.wav,validate,0,0,0,0,0,0,1,0
04_010237.wav,validate,1,0,0,0,0,0,0,0
04_010290.wav,validate,0,0,0,0,0,0,0,0
04_010326.wav,validate,0,1,0,0,0,0,0,0
04_010342.wav,validate,0,0,0,1,0,0,0,0
04_010373.wav,validate,0,0,0,0,0,0,1,0
04_010433.wav,validate,0,0,0,0,0,0,1,0
04_010448.wav,validate,0,0,0,1,0,0,0,0
04_010455.wav,validate,0,1,0,0,0,0,0,0
04_010456.wav,validate,0,0,0,0,0,0,0,0
04_010478.wav,validate,1,0,0,0,0,0,1,0
04_010539.wav,validate,0,0,0,1,0,0,0,0
04_010540.wav,validate,0,0,0,0,0,1,1,0
04_010552.wav,validate,0,0,0,0,0,0,0,0
04_010556.wav,validate,0,0,0,0,0,0,0,0
04_010630.wav,validate,0,0,0,1,0,0,0,0
04_010714.wav,validate,1,0,0,0,1,0,1,0
04_010724.wav,validate,0,1,0,0,0,0,0,0
04_010748.wav,validate,0,0,0,0,0,0,1,0
04_010760.wav,validate,0,0,0,0,0,0,1,0
04_010765.wav,validate,0,0,0,0,0,0,0,0
04_010769.wav,validate,1,0,1,0,0,0,0,0
04_010772.wav,validate,1,0,0,0,0,0,0,0
04_010822.wav,validate,0,0,0,0,1,0,1,0
04_010828.wav,validate,1,0,0,0,0,0,0,0
04_010831.wav,validate,1,0,0,1,0,0,0,0
04_010839.wav,validate,0,0,0,0,0,0,1,0
04_010883.wav,validate,0,0,0,1,0,0,0,0
04_010901.wav,validate,0,0,0,0,0,0,1,0
04_010908.wav,validate,0,1,0,0,0,0,0,0
04_010929.wav,validate,0,0,0,1,0,0,0,0
04_010936.wav,validate,1,0,0,0,0,0,1,0
04_010954.wav,validate,1,0,1,1,0,0,1,0
04_011006.wav,validate,0,0,0,0,0,0,0,0
04_011014.wav,validate,1,0,0,0,0,0,0,0
04_011099.wav,validate,0,0,0,0,0,0,1,0
04_011131.wav,validate,0,0,0,0,0,1,0,0
04_011148.wav,validate,0,0,0,0,0,0,0,0
04_011164.wav,validate,0,0,0,0,0,0,0,0
04_011191.wav,validate,1,0,0,0,0,0,0,0
04_011213.wav,validate,0,0,0,0,0,1,1,0
04_011251.wav,validate,0,1,0,0,0,0,0,0
04_011288.wav,validate,0,0,0,1,0,0,0,0
04_011300.wav,validate,0,0,0,0,0,0,0,0
04_011304.wav,validate,0,0,0,0,0,0,0,0
04_011326.wav,validate,0,0,0,0,0,0,1,0
04_011372.wav,validate,0,0,0,1,0,0,0,0
04_011376.wav,validate,0,0,0,0,0,0,0,0
04_011415.wav,validate,0,0,0,0,0,0,0,0
04_011424.wav,validate,0,0,0,0,0,0,0,0
04_011436.wav,validate,0,0,0,0,0,0,1,0
04_011504.wav,validate,1,0,0,0,0,0,0,0
04_011506.wav,validate,0,0,0,0,0,0,1,0
04_011571.wav,validate,0,0,0,0,0,0,1,0
04_011625.wav,validate,0,0,0,0,0,0,1,0
04_011633.wav,validate,1,0,0,0,0,0,0,0
04_011634.wav,validate,0,1,0,0,0,0,0,0
04_011653.wav,validate,0,0,0,0,0,0,0,0
04_011664.wav,validate,0,0,0,0,0,0,0,0
04_011680.wav,validate,0,0,0,0,0,0,1,0
04_011697.wav,validate,0,0,0,0,0,0,1,0
04_011699.wav,validate,0,0,0,0,0,1,0,0
04_011750.wav,validate,0,0,0,0,0,0,1,0
04_011764.wav,validate,0,0,0,0,0,0,0,0
04_011805.wav,validate,0,0,0,0,1,0,0,0
04_011813.wav,validate,0,0,0,0,0,0,1,0
04_011828.wav,validate,0,0,0,0,0,0,1,0
04_011833.wav,validate,0,1,0,0,0,0,0,0
04_011862.wav,validate,1,0,0,0,0,0,0,0
04_011879.wav,validate,0,0,0,1,0,0,1,0
04_011881.wav,validate,0,1,0,0,0,0,0,0
04_011889.wav,validate,0,0,0,0,0,0,0,0
04_011962.wav,validate,0,0,1,0,0,0,1,0
04_011976.wav,validate,0,0,0,1,0,0,0,0
04_011980.wav,validate,0,0,0,0,0,0,0,0
04_011991.wav,validate,0,0,0,0,0,0,0,0
04_012039.wav,validate,0,1,0,0,0,0,0,0
04_012046.wav,validate,0,0,0,0,0,0,0,0
04_012052.wav,validate,0,0,0,0,0,0,1,0
04_012096.wav,validate,1,0,0,0,0,0,0,0
04_012121.wav,validate,0,0,0,0,0,0,0,0
04_012136.wav,validate,0,0,0,0,0,0,0,0
04_012144.wav,validate,0,0,0,0,0,0,0,0
04_012156.wav,validate,0,0,0,0,0,1,0,0
04_012171.wav,validate,1,0,0,0,0,0,0,0
04_012191.wav,validate,0,0,0,0,0,0,0,0
04_012213.wav,validate,0,0,0,0,0,0,1,0
04_012219.wav,validate,1,0,0,0,0,0,0,0
04_012276.wav,validate,0,1,0,0,0,0,0,0
04_012282.wav,validate,1,0,0,0,0,0,0,0
04_012299.wav,validate,1,0,0,0,0,0,0,0
04_012311.wav,validate,0,0,0,0,0,0,0,0
04_012319.wav,validate,0,0,0,0,0,0,1,0
04_012327.wav,validate,0,0,0,1,0,0,0,0
04_012347.wav,validate,0,0,0,0,0,0,1,0
04_012439.wav,validate,0,1,0,0,0,0,0,0
04_012452.wav,validate,0,0,0,0,0,0,0,0
04_012491.wav,validate,0,0,0,0,0,0,1,0
04_012523.wav,validate,0,0,0,0,0,0,1,0
04_012553.wav,validate,0,1,0,0,0,0,0,0
04_012609.wav,validate,0,0,0,0,0,0,0,0
04_012625.wav,validate,0,0,0,0,1,0,0,0
04_012673.wav,validate,0,0,0,0,0,0,1,0
04_012714.wav,validate,0,0,0,0,0,0,1,0
04_012733.wav,validate,0,0,0,0,1,0,1,0
04_012734.wav,validate,0,0,0,0,0,0,0,0
04_012747.wav,validate,0,0,0,0,0,0,1,0
04_012827.wav,validate,0,0,0,0,0,0,1,0
04_012836.wav,validate,0,0,0,0,0,0,1,0
04_012868.wav,validate,0,0,0,0,0,0,1,0
04_012909.wav,validate,0,0,0,0,0,0,1,0
04_012935.wav,validate,0,0,0,0,0,0,0,0
04_012938.wav,validate,1,0,0,0,0,0,0,0
04_012951.wav,validate,0,0,0,1,1,0,0,0
04_013011.wav,validate,0,0,0,0,0,0,0,0
04_013040.wav,validate,1,0,0,0,0,0,1,0
04_013052.wav,validate,1,0,0,0,0,0,0,0
04_013055.wav,validate,0,0,0,1,0,0,0,0
04_013109.wav,validate,0,0,0,0,0,0,0,0
04_013114.wav,validate,0,0,0,0,0,0,1,0
04_013153.wav,validate,0,0,0,1,0,0,0,0
04_013159.wav,validate,0,0,0,0,0,0,0,0
04_013164.wav,validate,0,0,0,0,0,0,0,0
04_013220.wav,validate,0,0,0,0,0,0,1,0
04_013246.wav,validate,0,0,0,0,0,0,1,0
04_013262.wav,validate,0,1,0,0,0,0,0,0
04_013329.wav,validate,0,0,0,0,0,0,1,0
04_013355.wav,validate,0,0,0,0,0,0,0,0
04_013376.wav,validate,1,1,0,0,0,0,0,0
04_013381.wav,validate,1,0,0,0,0,0,0,0
04_013484.wav,validate,0,0,0,0,1,0,0,0
04_013503.wav,validate,0,0,0,0,0,0,1,0
04_013513.wav,validate,0,0,0,0,0,0,0,0
04_013557.wav,validate,0,0,0,0,0,0,0,0
04_013608.wav,validate,0,0,0,1,0,0,0,0
04_013647.wav,validate,0,0,0,0,0,0,1,0
04_013655.wav,validate,0,0,0,0,0,0,1,0
04_013663.wav,validate,0,0,0,1,1,0,0,0
04_013700.wav,validate,0,0,0,0,0,0,1,0
04_016283.wav,validate,0,1,0,0,0,0,0,0
04_016343.wav,validate,0,0,0,0,1,0,1,0
04_016345.wav,validate,0,0,0,0,0,0,0,0
04_016408.wav,validate,0,0,0,1,0,0,0,0
04_016437.wav,validate,0,0,0,0,0,1,1,0
04_016525.wav,validate,1,0,0,0,0,0,0,0
04_016559.wav,validate,0,0,0,0,0,0,0,0
04_016630.wav,validate,0,0,0,0,0,0,1,0
04_016655.wav,validate,1,0,0,0,0,0,1,0
04_016698.wav,validate,0,0,0,0,0,0,0,0
04_016700.wav,validate,1,0,0,0,0,0,1,0
04_016737.wav,validate,0,0,0,0,0,0,1,0
04_016816.wav,validate,0,0,0,0,0,0,1,0
04_016826.wav,validate,0,0,0,0,1,0,0,0
04_016949.wav,validate,1,0,0,0,0,0,0,0
04_017017.wav,validate,0,0,0,0,0,0,1,0
04_017052.wav,validate,0,0,0,1,0,0,1,0
04_017054.wav,validate,0,0,0,0,0,0,1,0
04_017138.wav,validate,1,0,0,0,0,0,0,0
04_017177.wav,validate,1,0,0,0,0,1,0,0
04_017205.wav,validate,0,0,0,0,0,0,0,0
04_017229.wav,validate,0,0,0,0,0,1,1,0
04_017278.wav,validate,0,0,0,0,1,0,1,0
04_017316.wav,validate,0,0,0,0,1,0,0,0
04_017350.wav,validate,0,0,0,0,0,0,0,0
04_017382.wav,validate,0,0,0,0,0,0,1,0
04_017418.wav,validate,0,0,0,0,0,0,0,0
04_017419.wav,validate,0,0,0,0,0,0,1,0
04_017478.wav,validate,0,0,0,0,0,0,1,0
04_017504.wav,validate,1,0,0,0,1,0,1,0
04_017508.wav,validate,0,1,0,0,0,0,0,0
04_017533.wav,validate,0,0,0,0,0,0,1,0
04_017539.wav,validate,1,0,0,0,0,0,0,0
04_017549.wav,validate,0,0,0,0,1,0,1,0
04_017562.wav,validate,0,0,0,0,0,0,1,0
04_017570.wav,validate,0,0,0,0,0,0,0,0
04_017579.wav,validate,0,0,0,0,1,0,0,0
04_017582.wav,validate,0,0,0,0,0,0,0,0
04_017633.wav,validate,1,0,0,0,0,0,0,0
04_017662.wav,validate,0,0,0,1,0,0,0,0
04_017794.wav,validate,0,0,0,0,0,0,1,0
04_017813.wav,validate,1,0,0,0,1,0,0,0
04_017826.wav,validate,0,0,0,0,0,0,1,0
04_017832.wav,validate,0,0,0,0,0,0,0,0
04_017924.wav,validate,0,0,0,1,0,0,0,0
04_017925.wav,validate,0,0,0,0,0,0,1,0
04_017931.wav,validate,0,0,0,0,0,0,1,0
04_017951.wav,validate,0,0,0,0,0,0,1,0
04_017986.wav,validate,0,0,0,0,0,0,1,0
04_017993.wav,validate,0,1,0,0,1,0,0,0
04_018010.wav,validate,0,1,0,0,0,0,0,0
04_018058.wav,validate,0,0,0,1,0,0,0,0
04_018074.wav,validate,0,0,0,0,0,0,1,0
04_018095.wav,validate,0,0,0,0,0,0,1,0
04_018107.wav,validate,1,0,0,0,1,0,0,0
04_018137.wav,validate,0,0,0,0,0,0,0,0
04_018157.wav,validate,0,0,0,0,0,1,0,0
04_018162.wav,validate,0,0,0,0,0,1,0,0
04_018207.wav,validate,0,0,0,0,0,0,0,0
04_018231.wav,validate,0,0,0,0,0,0,0,0
04_018272.wav,validate,0,0,0,0,1,0,0,0
04_018278.wav,validate,0,0,0,1,0,0,1,0
04_018300.wav,validate,0,0,0,0,0,0,0,0
04_018411.wav,validate,0,0,0,1,0,0,0,0
04_018440.wav,validate,0,0,0,1,0,0,0,0
04_018445.wav,validate,0,0,0,0,0,0,0,0
04_018451.wav,validate,1,0,0,0,0,0,0,0
04_018466.wav,validate,1,0,0,0,0,0,1,0
04_018488.wav,validate,0,0,0,0,0,0,1,0
04_018579.wav,validate,0,0,0,0,0,0,0,0
04_018581.wav,validate,0,0,0,0,0,0,1,0
04_018592.wav,validate,0,0,0,0,0,0,0,0
04_018654.wav,validate,0,0,0,0,0,0,0,0
04_018721.wav,validate,0,0,0,0,0,0,0,0
04_018738.wav,validate,1,0,0,0,0,0,0,0
04_018743.wav,validate,1,0,0,0,1,0,1,0
04_018778.wav,validate,0,0,0,1,0,0,0,0
04_018799.wav,validate,0,0,0,0,0,0,0,0
04_018822.wav,validate,0,0,0,0,0,1,0,0
04_018831.wav,validate,0,0,0,0,0,0,0,0
04_018834.wav,validate,0,0,0,0,1,0,1,0
04_018900.wav,validate,0,0,0,0,0,0,1,0
04_018907.wav,validate,0,0,0,1,0,0,0,0
04_018926.wav,validate,0,0,0,0,0,0,0,0
04_018931.wav,validate,0,0,0,0,0,0,0,0
04_018957.wav,validate,0,0,0,0,0,0,1,0
04_018971.wav,validate,1,0,0,0,1,0,0,0
04_019002.wav,validate,1,0,0,0,0,0,0,0
04_019006.wav,validate,0,0,0,0,0,0,1,0
04_019048.wav,validate,0,0,0,0,1,0,0,0
04_019108.wav,validate,1,0,0,0,0,0,1,0
04_019112.wav,validate,1,0,0,0,0,0,0,0
04_019136.wav,validate,0,0,0,0,0,0,1,0
04_019177.wav,validate,0,1,0,0,0,0,0,0
04_019329.wav,validate,1,0,0,0,0,0,0,0
04_019342.wav,validate,0,0,0,0,0,1,1,0
04_019372.wav,validate,1,0,0,0,0,0,1,0
04_019420.wav,validate,0,0,0,0,0,0,1,0
04_019423.wav,validate,0,1,0,0,0,0,0,0
04_019440.wav,validate,0,0,0,0,0,0,1,0
04_019463.wav,validate,0,0,0,0,0,0,1,0
04_019511.wav,validate,1,0,0,0,1,0,0,0
04_019571.wav,validate,1,0,0,0,0,0,0,0
04_019594.wav,validate,0,0,0,0,0,0,0,0
04_019653.wav,validate,0,1,0,0,0,0,0,0
04_019675.wav,validate,0,0,0,0,0,0,0,0
04_019702.wav,validate,0,0,0,0,0,1,0,0
04_019781.wav,validate,0,0,0,0,0,0,0,0
04_019808.wav,validate,1,0,0,0,0,0,0,0
04_019823.wav,validate,1,0,0,1,0,0,0,0
04_019898.wav,validate,0,0,0,1,0,0,0,0
04_019904.wav,validate,0,0,0,0,0,0,1,0
04_019909.wav,validate,0,0,0,1,0,0,0,0
04_019934.wav,validate,1,0,0,0,1,0,1,0
04_019977.wav,validate,0,0,0,0,0,0,0,0
04_019979.wav,validate,1,0,0,0,0,0,0,0
04_020001.wav,validate,1,0,0,0,0,0,0,0
04_020005.wav,validate,1,0,0,0,0,0,1,0
04_020022.wav,validate,0,1,0,0,0,0,0,0
04_020038.wav,validate,1,0,0,0,1,0,0,0
04_020066.wav,validate,0,0,0,1,0,0,0,0
04_020110.wav,validate,0,1,0,0,0,0,0,0
04_020112.wav,validate,0,0,0,0,0,0,0,0
04_020147.wav,validate,1,0,0,0,0,0,1,0
04_020169.wav,validate,0,0,0,0,0,0,1,0
04_020211.wav,validate,1,0,0,0,1,1,0,0
04_020212.wav,validate,0,0,0,0,0,0,1,0
04_020236.wav,validate,1,0,0,0,0,0,0,0
04_020244.wav,validate,0,0,0,0,0,0,1,0
04_020270.wav,validate,0,0,0,0,0,1,0,0
04_020276.wav,validate,0,0,0,0,0,0,1,0
04_020289.wav,validate,0,0,0,1,0,0,0,0
04_020316.wav,validate,0,0,0,1,0,0,0,0
04_020330.wav,validate,0,0,0,0,0,0,0,0
04_020337.wav,validate,0,0,0,0,0,0,0,0
04_020354.wav,validate,0,0,1,0,0,0,1,0
04_020374.wav,validate,0,0,0,0,0,0,0,0
04_020400.wav,validate,1,0,0,0,0,0,0,0
04_020414.wav,validate,0,0,0,0,0,0,1,0
04_020424.wav,validate,0,1,0,0,0,0,0,0
04_020448.wav,validate,0,0,0,0,1,0,1,0
04_020461.wav,validate,0,0,0,1,1,0,0,0
04_020466.wav,validate,0,0,0,0,1,0,1,0
04_020469.wav,validate,0,0,0,1,0,0,0,0
04_020476.wav,validate,0,0,0,0,0,0,1,0
04_020557.wav,validate,0,0,0,0,0,0,0,0
04_020577.wav,validate,0,0,0,0,0,0,1,0
04_020617.wav,validate,0,0,1,0,0,0,1,0
04_020626.wav,validate,1,0,0,0,0,1,0,0
04_020675.wav,validate,0,1,0,0,0,0,0,0
04_020737.wav,validate,1,0,0,0,0,0,0,0
04_020770.wav,validate,0,0,0,0,0,0,0,0
04_020785.wav,validate,0,0,0,0,0,0,0,0
04_020830.wav,validate,0,0,0,1,0,0,0,0
04_020855.wav,validate,0,0,0,0,0,0,0,0
04_020856.wav,validate,0,0,0,0,0,0,1,0
04_020867.wav,validate,0,0,0,0,0,0,0,0
04_020896.wav,validate,1,0,0,0,0,0,0,0
04_020901.wav,validate,1,0,0,0,0,0,0,0
04_026889.wav,test,1,0,1,0,1,0,1,0
04_026937.wav,test,0,0,0,0,0,0,1,1
04_026951.wav,test,0,0,1,0,0,0,1,0
04_026954.wav,test,0,0,1,0,0,0,1,0
04_026982.wav,test,1,1,0,0,0,0,1,0
04_026992.wav,test,1,0,1,0,0,0,1,1
04_027085.wav,test,0,0,1,0,0,1,1,0
04_027099.wav,test,1,0,0,0,1,0,1,0
04_027111.wav,test,0,0,0,0,0,0,1,0
04_027185.wav,test,1,0,1,0,0,0,0,0
04_027204.wav,test,0,0,0,0,0,0,1,0
04_027205.wav,test,1,0,1,0,0,0,0,0
04_027239.wav,test,0,0,1,0,0,0,1,0
04_027373.wav,test,0,0,1,0,0,0,1,0
04_027411.wav,test,0,0,1,0,0,0,1,0
04_027432.wav,test,1,0,0,0,0,0,0,0
04_027473.wav,test,1,0,0,0,0,0,0,1
04_027502.wav,test,1,0,0,0,0,0,1,0
04_027613.wav,test,1,0,1,0,0,0,0,0
04_027657.wav,test,0,1,0,0,0,0,0,0
04_027712.wav,test,0,1,0,0,1,0,1,1
04_027730.wav,test,1,0,1,0,0,0,0,0
04_027731.wav,test,1,0,0,0,1,0,1,0
04_027751.wav,test,0,0,0,0,0,0,0,0
04_027754.wav,test,1,0,0,0,0,0,1,0
04_027817.wav,test,0,0,0,0,0,0,1,1
04_027853.wav,test,1,0,1,0,1,0,1,1
04_027875.wav,test,0,0,1,0,1,0,1,0
05_000169.wav,validate,0,0,0,0,0,1,0,0
05_000203.wav,validate,1,0,0,0,0,1,0,0
05_000222.wav,validate,0,0,0,0,0,1,1,0
05_000262.wav,validate,1,0,0,0,0,0,0,0
05_000306.wav,validate,0,0,0,0,0,1,1,0
05_000543.wav,validate,0,0,0,0,0,0,1,0
05_000547.wav,validate,0,0,0,1,0,0,0,0
05_000696.wav,validate,0,0,0,0,0,1,0,0
05_000744.wav,validate,0,0,1,0,0,0,0,0
05_000792.wav,validate,0,0,0,0,0,1,1,0
05_000858.wav,validate,1,0,1,0,0,0,1,0
05_000872.wav,validate,1,0,0,0,0,0,0,0
05_001151.wav,validate,0,0,0,0,0,1,1,0
05_001216.wav,validate,1,0,0,0,0,0,1,0
05_001276.wav,validate,1,0,0,0,0,1,0,0
05_001410.wav,validate,1,0,0,0,0,0,0,0
05_001525.wav,validate,1,0,0,0,0,0,0,0
05_001530.wav,validate,1,0,0,0,0,0,1,0
05_001553.wav,validate,0,0,0,0,1,0,0,0
05_001577.wav,validate,1,0,0,0,1,0,0,0
05_001860.wav,validate,1,0,0,0,1,1,1,0
05_001881.wav,validate,0,1,0,0,0,0,1,0
05_001997.wav,validate,0,0,0,0,0,1,0,0
05_002009.wav,validate,0,0,0,0,1,0,1,0
05_002207.wav,validate,0,0,0,0,0,0,1,0
05_002296.wav,validate,0,0,0,0,0,0,1,0
05_002374.wav,validate,1,0,0,0,0,0,1,0
05_002433.wav,validate,0,0,0,0,0,0,1,0
05_002495.wav,validate,0,0,0,0,0,0,0,0
05_002653.wav,validate,1,0,1,0,0,0,0,0
05_002770.wav,validate,1,0,0,0,1,0,0,0
05_002964.wav,validate,1,0,0,0,0,0,0,0
05_003033.wav,validate,0,0,0,0,0,1,1,0
05_003115.wav,validate,1,0,1,0,0,0,0,0
05_003241.wav,validate,0,0,0,0,0,1,0,0
05_003305.wav,validate,0,0,0,0,0,1,1,0
05_003463.wav,validate,1,0,0,0,0,0,0,0
05_003470.wav,validate,1,0,0,0,0,0,1,0
05_003567.wav,validate,0,0,0,0,0,1,0,0
05_003570.wav,validate,1,0,0,0,0,0,0,0
05_003612.wav,validate,0,0,0,0,0,0,1,0
05_003660.wav,validate,0,0,0,0,0,0,0,0
05_003736.wav,validate,0,0,0,0,0,0,1,0
05_003762.wav,validate,0,0,0,0,0,0,1,0
05_003768.wav,validate,0,0,0,0,1,0,0,0
05_003876.wav,validate,0,0,0,0,0,1,0,0
05_003935.wav,validate,0,0,0,0,0,1,1,0
05_003950.wav,validate,0,0,0,0,0,1,0,0
05_004045.wav,validate,0,0,0,0,0,0,1,0
05_004083.wav,validate,1,0,0,0,0,0,0,0
05_004275.wav,validate,0,0,0,0,0,1,0,0
05_004415.wav,validate,0,0,0,0,0,0,0,0
05_004430.wav,validate,0,0,0,0,1,0,0,0
05_004492.wav,validate,1,0,0,0,0,0,0,0
05_004674.wav,validate,0,0,0,0,0,1,0,0
05_004710.wav,validate,0,0,0,0,0,0,1,0
05_004749.wav,validate,0,0,0,0,0,0,0,0
05_004877.wav,validate,0,0,0,0,0,1,0,0
05_005126.wav,validate,1,0,0,0,0,0,0,0
05_005180.wav,validate,0,0,0,0,0,0,1,0
05_005201.wav,validate,0,0,0,0,0,0,1,0
05_005222.wav,validate,1,0,1,0,0,1,1,0
05_005259.wav,validate,0,0,0,0,1,1,0,0
05_005424.wav,validate,0,0,0,0,0,0,0,0
05_005445.wav,validate,0,0,0,0,0,1,0,0
05_005585.wav,validate,0,0,0,0,0,0,1,0
05_005618.wav,validate,0,0,0,0,0,0,0,0
05_005707.wav,validate,0,0,0,0,0,0,1,0
05_005791.wav,validate,0,0,0,0,0,1,0,0
05_005797.wav,validate,0,0,0,0,1,0,0,0
05_005874.wav,validate,0,0,0,0,0,0,0,0
05_006058.wav,validate,0,0,0,0,0,1,1,0
05_006143.wav,validate,1,0,0,0,0,0,1,0
05_006151.wav,validate,0,0,0,0,0,0,1,0
05_006198.wav,validate,0,0,0,0,0,0,0,0
05_006280.wav,validate,0,0,0,0,0,0,1,0
05_006302.wav,validate,1,0,1,0,0,0,0,0
05_006434.wav,validate,1,0,0,0,0,0,0,0
05_006440.wav,validate,0,0,0,0,1,0,0,0
05_006497.wav,validate,1,0,0,0,0,1,0,0
05_006546.wav,validate,0,0,0,0,0,0,0,0
05_006563.wav,validate,0,0,0,0,1,1,0,0
05_006627.wav,validate,0,0,0,0,0,0,0,0
05_006763.wav,validate,1,0,0,0,0,0,0,0
05_006907.wav,validate,0,0,0,0,0,1,0,0
05_006934.wav,validate,0,0,0,0,1,0,1,0
05_007122.wav,validate,0,0,0,0,0,1,0,0
05_007182.wav,validate,0,0,0,0,0,0,0,0
05_007235.wav,validate,0,0,0,0,0,0,0,0
05_007241.wav,validate,0,0,0,0,0,0,1,0
05_007283.wav,validate,0,0,0,0,0,0,0,0
05_007319.wav,validate,1,0,0,0,0,0,0,0
05_007333.wav,validate,0,0,0,0,0,0,0,0
05_007420.wav,validate,0,0,0,0,0,1,0,0
05_007573.wav,validate,0,0,0,0,0,0,0,0
05_007575.wav,validate,0,0,0,0,0,1,0,0
05_007627.wav,validate,0,0,0,0,0,1,0,0
05_007648.wav,validate,0,0,0,0,0,0,0,0
05_007671.wav,validate,1,0,0,0,0,0,0,0
05_007696.wav,validate,0,0,1,0,0,0,0,0
05_007793.wav,validate,0,0,0,0,0,1,0,0
05_007897.wav,validate,0,0,0,0,0,1,1,0
05_008009.wav,validate,1,0,0,0,0,1,0,0
05_008037.wav,validate,0,0,0,0,1,0,0,0
05_008055.wav,validate,0,0,0,0,0,1,0,0
05_008467.wav,validate,0,0,0,0,1,0,0,0
05_008495.wav,validate,1,0,0,0,1,1,0,0
05_008509.wav,validate,0,0,0,0,0,0,0,0
05_008709.wav,validate,1,0,0,0,0,1,0,0
05_008803.wav,validate,0,0,0,0,1,0,1,0
05_008827.wav,validate,0,0,0,0,0,1,0,0
05_008829.wav,validate,0,0,0,0,0,0,1,0
05_008834.wav,validate,0,0,0,0,0,0,0,0
05_008915.wav,validate,0,0,0,0,0,0,1,0
05_008967.wav,validate,0,0,0,0,0,1,1,0
05_009012.wav,validate,0,0,0,0,0,0,1,0
05_009013.wav,validate,0,0,0,0,0,0,1,0
05_009096.wav,validate,0,0,0,0,0,0,0,0
05_009113.wav,validate,0,0,0,0,1,1,1,0
05_010264.wav,validate,0,0,0,0,0,0,0,0
05_010276.wav,validate,1,0,0,0,0,0,0,0
05_010307.wav,validate,1,0,0,0,0,1,0,0
05_010329.wav,validate,0,0,0,0,0,0,0,0
05_010339.wav,validate,1,0,0,0,0,1,0,0
05_010351.wav,validate,0,0,0,0,0,1,0,0
05_010410.wav,validate,0,0,0,0,0,0,0,0
05_010416.wav,validate,1,0,0,1,0,0,0,0
05_010428.wav,validate,0,0,0,0,0,1,0,0
05_010438.wav,validate,0,0,0,0,0,1,1,0
05_010479.wav,validate,1,0,0,0,0,0,1,0
05_010547.wav,validate,1,0,0,0,0,1,0,0
05_010563.wav,validate,0,0,0,0,0,1,0,0
05_010565.wav,validate,0,0,0,0,0,0,0,0
05_010602.wav,validate,0,0,0,0,0,0,0,0
05_010621.wav,validate,0,1,0,0,0,0,0,0
05_010634.wav,validate,0,0,0,0,0,1,0,0
05_010730.wav,validate,1,0,0,1,0,0,0,0
05_010799.wav,validate,0,0,0,0,1,0,0,0
05_010844.wav,validate,1,0,0,0,0,0,0,0
05_010892.wav,validate,0,0,0,0,1,0,1,0
05_010894.wav,validate,1,0,0,0,0,1,0,0
05_010898.wav,validate,1,0,0,0,1,0,0,0
05_010937.wav,validate,0,0,0,0,0,1,0,0
05_010978.wav,validate,0,0,0,0,0,0,0,0
05_011028.wav,validate,0,0,0,0,1,0,0,0
05_011080.wav,validate,0,0,0,0,0,0,1,0
05_011091.wav,validate,1,0,0,0,0,0,1,0
05_011149.wav,validate,0,0,0,0,0,0,0,0
05_011168.wav,validate,0,0,0,0,0,0,0,0
05_011188.wav,validate,1,0,0,0,0,0,0,0
05_011221.wav,validate,0,0,0,0,0,0,1,0
05_011303.wav,validate,1,0,0,0,0,0,0,0
05_011317.wav,validate,1,0,0,0,0,0,1,0
05_011399.wav,validate,0,0,0,0,0,1,0,0
05_011446.wav,validate,0,0,0,0,0,0,0,0
05_011447.wav,validate,0,1,0,0,0,0,0,0
05_011566.wav,validate,1,0,0,0,1,0,1,0
05_011580.wav,validate,0,0,0,0,0,0,0,0
05_011595.wav,validate,1,0,0,0,0,0,0,0
05_011604.wav,validate,0,0,0,0,0,0,0,0
05_011667.wav,validate,1,0,0,0,0,0,1,0
05_011698.wav,validate,0,0,0,0,0,0,0,0
05_011706.wav,validate,1,0,0,0,0,1,0,0
05_011781.wav,validate,0,0,0,0,0,0,1,0
05_011785.wav,validate,0,0,0,0,1,0,0,0
05_011845.wav,validate,0,0,0,0,0,0,0,0
05_011926.wav,validate,0,0,0,0,0,0,0,0
05_011950.wav,validate,0,0,1,0,0,0,0,0
05_012031.wav,validate,1,0,0,0,0,0,0,0
05_012098.wav,validate,0,0,0,0,0,0,0,0
05_012104.wav,validate,0,0,0,0,0,1,0,0
05_012124.wav,validate,1,0,0,0,0,0,0,0
05_012411.wav,validate,0,0,0,0,0,1,1,0
05_012463.wav,validate,0,0,0,0,0,1,1,0
05_012468.wav,validate,0,1,0,0,0,0,0,0
05_012487.wav,validate,0,0,0,0,0,0,0,0
05_012505.wav,validate,0,0,0,0,0,0,0,0
05_012509.wav,validate,1,0,0,0,0,0,0,0
05_012599.wav,validate,0,0,0,0,0,0,0,0
05_012614.wav,validate,0,0,0,0,0,0,0,0
05_012721.wav,validate,1,0,0,0,0,0,0,0
05_012723.wav,validate,0,0,0,0,0,0,0,0
05_012780.wav,validate,1,0,0,0,0,0,1,0
05_012805.wav,validate,0,0,0,0,0,0,0,0
05_012839.wav,validate,1,0,0,0,0,0,0,0
05_012876.wav,validate,0,0,0,0,0,0,0,0
05_012904.wav,validate,0,0,0,0,1,1,0,0
05_013021.wav,validate,0,0,0,0,0,1,0,0
05_013065.wav,validate,0,0,0,0,0,0,0,0
05_013085.wav,validate,0,0,0,0,0,1,0,0
05_013093.wav,validate,0,0,0,0,0,0,0,0
05_013132.wav,validate,0,0,0,0,0,1,1,0
05_013140.wav,validate,0,0,0,0,0,0,0,0
05_013219.wav,validate,1,0,0,0,0,0,0,0
05_013234.wav,validate,0,1,0,0,0,0,0,0
05_013400.wav,validate,0,1,0,0,0,0,0,0
05_013476.wav,validate,0,0,0,0,0,1,0,0
05_013516.wav,validate,0,0,0,0,0,0,0,0
05_013540.wav,validate,0,0,0,0,0,0,0,0
05_013613.wav,validate,0,0,0,0,0,0,1,0
05_013614.wav,validate,0,0,0,0,1,0,0,0
05_013693.wav,validate,0,0,0,0,0,1,0,0
05_013707.wav,validate,1,0,0,0,0,0,0,0
05_016306.wav,validate,0,0,0,0,1,0,1,0
05_016317.wav,validate,1,0,0,0,0,0,0,0
05_016334.wav,validate,0,0,0,0,0,1,1,0
05_016341.wav,validate,0,0,0,0,0,1,0,0
05_016346.wav,validate,0,0,0,0,1,0,0,0
05_016385.wav,validate,0,0,0,0,0,1,0,0
05_016438.wav,validate,0,0,0,0,0,1,0,0
05_016441.wav,validate,0,0,0,0,0,1,0,0
05_016448.wav,validate,1,0,0,0,0,0,0,0
05_016506.wav,validate,0,0,0,0,0,1,1,0
05_016518.wav,validate,0,0,0,0,0,0,1,0
05_016537.wav,validate,0,0,0,0,0,1,0,0
05_016548.wav,validate,0,0,0,0,0,0,1,0
05_016551.wav,validate,0,0,0,0,1,0,0,0
05_016585.wav,validate,0,0,0,0,0,1,0,0
05_016604.wav,validate,0,0,0,0,1,0,1,0
05_016653.wav,validate,0,0,0,0,0,1,0,0
05_016675.wav,validate,0,0,0,0,0,0,1,0
05_016749.wav,validate,0,0,0,0,0,0,0,0
05_016780.wav,validate,1,0,0,0,0,1,0,0
05_016786.wav,validate,0,0,0,0,0,0,0,0
05_016897.wav,validate,1,0,0,0,0,0,0,0
05_016904.wav,validate,1,0,0,0,1,1,0,0
05_016936.wav,validate,0,0,0,0,0,0,0,0
05_016953.wav,validate,1,0,0,0,0,0,0,0
05_016956.wav,validate,0,0,0,0,0,1,0,0
05_016978.wav,validate,0,0,0,0,0,0,0,0
05_017051.wav,validate,0,0,0,0,0,0,1,0
05_017063.wav,validate,0,0,0,0,0,0,1,0
05_017104.wav,validate,1,1,0,0,0,0,0,0
05_017105.wav,validate,0,0,0,0,0,1,1,0
05_017116.wav,validate,0,0,0,0,0,1,0,0
05_017155.wav,validate,0,0,0,0,0,1,1,0
05_017168.wav,validate,1,0,0,0,0,0,0,0
05_017192.wav,validate,1,0,0,0,0,0,0,0
05_017215.wav,validate,1,0,0,0,0,1,0,0
05_017233.wav,validate,0,0,0,0,0,0,1,0
05_017252.wav,validate,0,0,0,0,0,0,0,0
05_017253.wav,validate,0,0,0,0,0,1,0,0
05_017259.wav,validate,0,0,0,1,0,0,0,0
05_017300.wav,validate,0,0,0,0,0,1,0,0
05_017320.wav,validate,0,0,0,0,0,0,0,0
05_017321.wav,validate,0,0,0,0,0,0,1,0
05_017351.wav,validate,1,0,0,0,0,1,0,0
05_017379.wav,validate,0,0,0,0,0,0,0,0
05_017405.wav,validate,0,0,0,0,0,1,0,0
05_017413.wav,validate,0,1,0,0,0,0,0,0
05_017455.wav,validate,0,0,0,0,0,1,0,0
05_017473.wav,validate,0,0,0,0,0,0,1,0
05_017474.wav,validate,0,0,0,0,0,0,0,0
05_017529.wav,validate,0,0,0,0,0,1,1,0
05_017532.wav,validate,1,0,0,0,0,1,1,0
05_017535.wav,validate,0,0,0,0,0,0,0,0
05_017558.wav,validate,1,0,0,0,0,0,0,0
05_017592.wav,validate,0,0,0,0,1,0,0,0
05_017631.wav,validate,0,0,0,0,0,0,1,0
05_017652.wav,validate,0,0,0,0,0,1,1,0
05_017665.wav,validate,0,0,0,0,1,0,0,0
05_017666.wav,validate,0,0,0,0,0,0,1,0
05_017672.wav,validate,0,0,0,0,0,1,0,0
05_017707.wav,validate,1,0,0,0,0,1,0,0
05_017729.wav,validate,0,0,0,0,0,1,0,0
05_017748.wav,validate,0,0,0,0,0,1,0,0
05_017772.wav,validate,0,0,0,0,0,1,1,0
05_017823.wav,validate,0,0,0,0,0,1,0,0
05_017833.wav,validate,0,0,0,0,0,0,1,0
05_017881.wav,validate,0,0,0,0,0,0,1,0
05_017905.wav,validate,0,0,0,0,1,1,0,0
05_017908.wav,validate,0,0,0,0,0,1,1,0
05_017939.wav,validate,0,0,0,0,0,1,0,0
05_017957.wav,validate,0,0,0,0,0,1,0,0
05_017960.wav,validate,0,0,0,0,0,0,1,0
05_017973.wav,validate,1,0,0,0,0,0,0,0
05_017997.wav,validate,0,0,0,0,1,1,0,0
05_018008.wav,validate,0,0,0,0,0,1,1,0
05_018035.wav,validate,0,0,0,0,1,0,0,0
05_018044.wav,validate,0,0,0,0,0,0,0,0
05_018049.wav,validate,1,0,0,0,1,0,0,0
05_018093.wav,validate,0,0,0,0,0,0,0,0
05_018104.wav,validate,0,0,0,0,0,0,0,0
05_018130.wav,validate,0,0,0,0,0,1,0,0
05_018133.wav,validate,0,0,0,0,0,0,1,0
05_018154.wav,validate,1,1,0,0,0,0,0,0
05_018264.wav,validate,0,0,0,0,0,0,0,0
05_018280.wav,validate,0,0,0,0,0,0,0,0
05_018281.wav,validate,0,0,0,0,0,0,0,0
05_018297.wav,validate,0,0,0,0,0,1,0,0
05_018366.wav,validate,0,0,0,0,0,0,1,0
05_018388.wav,validate,0,0,0,0,0,0,1,0
05_018449.wav,validate,0,0,0,0,0,0,1,0
05_018457.wav,validate,1,0,0,0,0,1,0,0
05_018493.wav,validate,0,0,0,0,1,1,0,0
05_018496.wav,validate,0,0,0,0,0,1,0,0
05_018542.wav,validate,0,0,0,0,0,0,0,0
05_018550.wav,validate,0,0,0,0,0,0,0,0
05_018656.wav,validate,1,0,0,0,0,0,0,0
05_018684.wav,validate,0,0,0,0,0,1,1,0
05_018698.wav,validate,0,0,0,0,0,0,0,0
05_018711.wav,validate,0,0,0,0,0,1,0,0
05_018740.wav,validate,0,0,0,0,0,1,0,0
05_018744.wav,validate,0,0,0,0,0,1,0,0
05_018809.wav,validate,0,0,0,0,0,0,1,0
05_018826.wav,validate,0,0,1,0,0,0,1,0
05_018838.wav,validate,0,0,0,0,0,1,0,0
05_018849.wav,validate,0,1,0,0,0,1,0,0
05_018850.wav,validate,0,0,0,0,0,1,0,0
05_018853.wav,validate,0,0,0,0,0,0,0,0
05_018870.wav,validate,0,0,0,0,0,1,0,0
05_018879.wav,validate,0,0,0,0,0,1,0,0
05_018881.wav,validate,0,0,0,0,0,1,0,0
05_018884.wav,validate,0,0,0,0,0,1,0,0
05_018908.wav,validate,0,0,0,0,0,0,0,0
05_018963.wav,validate,0,0,0,0,0,0,0,0
05_018993.wav,validate,0,0,0,0,0,0,0,0
05_018997.wav,validate,0,0,0,0,0,0,0,0
05_019072.wav,validate,0,0,0,0,0,1,0,0
05_019075.wav,validate,0,0,0,0,0,1,0,0
05_019078.wav,validate,0,0,0,0,0,1,0,0
05_019088.wav,validate,0,0,0,0,0,0,0,0
05_019140.wav,validate,1,0,0,0,0,1,1,0
05_019162.wav,validate,0,0,0,0,0,1,0,0
05_019176.wav,validate,0,0,0,0,0,0,1,0
05_019210.wav,validate,0,0,0,0,0,0,1,0
05_019251.wav,validate,0,0,0,0,0,1,0,0
05_019303.wav,validate,1,0,0,0,0,0,0,0
05_019308.wav,validate,0,0,0,0,0,0,1,0
05_019325.wav,validate,0,0,0,0,1,1,1,0
05_019332.wav,validate,0,0,0,0,0,1,0,0
05_019363.wav,validate,0,0,0,0,0,1,0,0
05_019369.wav,validate,1,0,0,0,0,0,0,0
05_019396.wav,validate,0,0,0,0,0,0,0,0
05_019478.wav,validate,1,0,0,0,0,1,0,0
05_019510.wav,validate,0,1,0,0,0,0,0,0
05_019520.wav,validate,0,0,0,0,1,0,1,0
05_019528.wav,validate,0,0,0,0,0,1,0,0
05_019561.wav,validate,1,0,0,0,0,0,0,0
05_019583.wav,validate,1,0,0,0,0,0,1,0
05_019603.wav,validate,0,0,0,0,0,1,0,0
05_019604.wav,validate,1,0,0,0,0,1,0,0
05_019623.wav,validate,0,0,0,0,0,1,0,0
05_019626.wav,validate,1,0,0,0,1,0,1,0
05_019645.wav,validate,0,0,0,0,0,1,0,0
05_019655.wav,validate,1,0,0,0,0,0,0,0
05_019739.wav,validate,0,0,0,0,0,0,0,0
05_019752.wav,validate,0,0,0,0,0,0,0,0
05_019761.wav,validate,1,0,0,0,0,1,1,0
05_019794.wav,validate,0,0,0,0,0,1,0,0
05_019870.wav,validate,1,0,0,0,0,1,0,0
05_019878.wav,validate,1,0,0,0,0,0,1,0
05_019936.wav,validate,0,0,0,0,0,1,0,0
05_019945.wav,validate,0,0,0,0,0,1,0,0
05_019959.wav,validate,0,0,0,0,0,1,0,0
05_019986.wav,validate,1,0,0,0,0,0,0,0
05_020052.wav,validate,0,0,0,0,1,1,0,0
05_020057.wav,validate,1,0,0,0,0,1,0,0
05_020138.wav,validate,1,0,0,0,0,0,0,0
05_020189.wav,validate,0,0,0,0,0,1,1,0
05_020197.wav,validate,0,0,0,0,0,0,0,0
05_020202.wav,validate,0,0,0,0,1,0,0,0
05_020246.wav,validate,0,0,0,0,0,1,1,0
05_020258.wav,validate,0,1,0,0,0,0,0,0
05_020306.wav,validate,0,0,0,0,0,0,0,0
05_020308.wav,validate,0,0,0,0,0,1,1,0
05_020322.wav,validate,0,0,0,0,0,0,0,0
05_020345.wav,validate,0,0,0,0,0,1,0,0
05_020377.wav,validate,0,0,1,0,0,0,0,0
05_020396.wav,validate,0,0,0,0,1,0,0,0
05_020442.wav,validate,0,0,0,0,1,0,1,0
05_020494.wav,validate,0,0,0,0,0,0,0,0
05_020502.wav,validate,0,0,0,1,0,0,0,0
05_020509.wav,validate,0,0,0,0,1,0,1,0
05_020585.wav,validate,1,0,0,0,0,0,0,0
05_020589.wav,validate,0,0,0,0,0,1,0,0
05_020604.wav,validate,0,0,0,0,0,0,0,0
05_020622.wav,validate,0,0,0,0,0,0,1,0
05_020628.wav,validate,0,0,0,0,0,1,0,0
05_020637.wav,validate,0,0,0,0,0,1,1,0
05_020639.wav,validate,0,0,0,0,0,1,0,0
05_020660.wav,validate,0,0,0,0,0,1,0,0
05_020678.wav,validate,0,0,0,0,0,1,0,0
05_020698.wav,validate,0,0,0,0,0,1,0,0
05_020706.wav,validate,0,0,0,0,0,0,0,0
05_020816.wav,validate,0,0,0,0,0,0,1,0
05_020864.wav,validate,1,0,0,0,0,0,0,0
05_020871.wav,validate,0,0,0,0,0,0,0,0
05_026893.wav,test,0,0,0,0,0,0,1,0
05_026912.wav,test,1,0,0,0,0,0,0,0
05_026915.wav,test,0,0,0,0,0,1,1,0
05_027006.wav,test,0,1,0,0,0,0,0,0
05_027010.wav,test,0,1,0,0,0,0,1,0
05_027057.wav,test,1,0,1,0,0,1,1,0
05_027064.wav,test,1,0,0,0,1,1,1,0
05_027148.wav,test,0,0,1,0,0,1,1,0
05_027168.wav,test,0,0,1,0,0,0,0,0
05_027200.wav,test,1,1,1,0,0,1,1,0
05_027310.wav,test,1,0,0,0,0,1,1,0
05_027311.wav,test,1,0,0,0,0,0,1,0
05_027343.wav,test,0,0,0,0,0,1,1,0
05_027485.wav,test,0,0,0,0,0,1,0,0
05_027511.wav,test,0,0,1,0,0,0,0,0
05_027524.wav,test,0,0,1,0,0,1,1,0
05_027703.wav,test,0,0,0,0,0,1,1,0
05_027792.wav,test,0,0,0,0,0,1,1,0
05_027832.wav,test,1,0,0,0,0,0,0,0
06_000013.wav,validate,1,0,0,0,0,0,0,0
06_000031.wav,validate,0,0,0,0,0,0,1,0
06_000048.wav,validate,0,0,0,0,0,0,1,0
06_000050.wav,validate,0,0,0,0,0,0,1,0
06_000069.wav,validate,0,0,0,0,1,0,1,0
06_000088.wav,validate,1,0,0,0,0,0,1,0
06_000125.wav,validate,1,0,0,0,1,0,1,0
06_000150.wav,validate,0,0,0,0,0,0,1,0
06_000196.wav,validate,0,0,0,0,1,0,1,1
06_000307.wav,validate,0,0,0,0,0,0,1,0
06_000317.wav,validate,0,0,0,0,0,0,1,0
06_000334.wav,validate,0,0,0,0,0,0,1,0
06_000335.wav,validate,0,0,0,0,0,0,1,0
06_000356.wav,validate,0,0,0,0,0,0,1,0
06_000413.wav,validate,0,0,1,0,0,0,1,0
06_000535.wav,validate,1,0,1,0,0,0,1,1
06_000546.wav,validate,0,0,0,0,0,0,1,0
06_000559.wav,validate,0,0,0,0,0,0,1,0
06_000579.wav,validate,0,0,0,0,0,0,1,0
06_000583.wav,validate,0,0,0,0,0,0,1,0
06_000619.wav,validate,1,0,0,0,0,0,0,0
06_000646.wav,validate,0,0,0,0,0,0,1,0
06_000650.wav,validate,1,0,0,0,0,0,0,0
06_000742.wav,validate,1,0,1,0,0,0,0,0
06_000749.wav,validate,0,0,0,0,0,0,1,0
06_000768.wav,validate,0,0,0,0,0,0,1,0
06_000806.wav,validate,1,0,0,0,0,0,1,0
06_000849.wav,validate,0,0,0,0,1,0,0,0
06_000871.wav,validate,1,0,0,0,0,0,1,0
06_000876.wav,validate,0,0,1,0,0,0,1,0
06_000895.wav,validate,0,0,1,0,0,0,1,0
06_000905.wav,validate,0,0,0,0,0,0,1,0
06_000991.wav,validate,1,0,0,0,0,0,0,0
06_001003.wav,validate,0,0,0,0,0,0,0,1
06_001006.wav,validate,0,0,0,0,0,0,1,0
06_001011.wav,validate,1,0,0,0,0,0,1,0
06_001045.wav,validate,0,0,0,0,0,0,1,0
06_001047.wav,validate,0,0,0,0,0,0,1,0
06_001058.wav,validate,1,0,0,0,0,0,1,0
06_001066.wav,validate,1,0,0,0,0,0,1,0
06_001106.wav,validate,1,0,0,0,0,0,0,0
06_001126.wav,validate,1,0,0,0,0,0,0,0
06_001133.wav,validate,0,0,0,0,0,0,1,0
06_001160.wav,validate,0,0,0,0,0,0,1,0
06_001170.wav,validate,0,0,0,0,1,0,0,0
06_001221.wav,validate,1,0,0,0,0,0,1,0
06_001290.wav,validate,0,0,0,0,0,0,1,0
06_001327.wav,validate,0,0,0,0,0,0,1,0
06_001337.wav,validate,1,0,0,0,0,1,0,0
06_001383.wav,validate,0,0,0,0,1,0,1,0
06_001394.wav,validate,1,0,1,0,0,0,0,0
06_001478.wav,validate,0,0,0,0,0,0,1,0
06_001522.wav,validate,1,0,0,0,0,0,0,0
06_001561.wav,validate,0,0,0,0,0,0,1,0
06_001562.wav,validate,1,0,0,0,0,0,1,0
06_001631.wav,validate,1,0,0,0,0,0,0,0
06_001635.wav,validate,1,0,0,0,0,0,1,0
06_001669.wav,validate,0,0,0,0,0,0,1,0
06_001688.wav,validate,0,0,0,0,0,0,1,0
06_001728.wav,validate,1,0,0,0,0,0,0,0
06_001759.wav,validate,0,0,0,0,0,0,1,0
06_001808.wav,validate,0,0,0,0,0,0,0,0
06_001837.wav,validate,1,0,0,0,0,0,1,0
06_001849.wav,validate,0,0,0,0,0,1,0,0
06_001853.wav,validate,1,0,0,0,0,0,0,0
06_001855.wav,validate,0,0,0,0,1,0,0,0
06_001922.wav,validate,0,0,0,0,0,0,1,0
06_001952.wav,validate,0,0,0,0,0,0,1,0
06_002010.wav,validate,1,0,0,0,0,0,0,0
06_002028.wav,validate,0,0,0,0,0,0,1,0
06_002063.wav,validate,0,0,1,0,0,0,1,0
06_002135.wav,validate,0,0,0,0,0,0,0,0
06_002221.wav,validate,1,0,0,0,0,0,1,0
06_002228.wav,validate,0,0,0,0,0,1,1,0
06_002233.wav,validate,1,0,0,0,1,0,1,0
06_002268.wav,validate,0,0,0,0,0,0,1,0
06_002320.wav,validate,1,1,0,0,0,0,0,0
06_002323.wav,validate,0,0,0,0,0,0,1,0
06_002332.wav,validate,0,0,0,0,0,0,1,0
06_002347.wav,validate,0,1,0,0,0,0,0,0
06_002367.wav,validate,0,0,0,0,1,0,0,0
06_002373.wav,validate,0,0,0,0,0,0,1,0
06_002380.wav,validate,0,0,0,0,0,0,1,0
06_002392.wav,validate,1,0,0,0,1,0,1,0
06_002403.wav,validate,1,0,0,1,0,0,0,0
06_002435.wav,validate,1,0,0,0,0,0,1,0
06_002453.wav,validate,0,0,0,0,0,0,1,0
06_002455.wav,validate,0,0,0,0,0,0,1,0
06_002464.wav,validate,0,0,0,0,0,1,1,0
06_002474.wav,validate,0,0,0,0,0,0,0,0
06_002549.wav,validate,0,0,1,0,0,0,1,0
06_002565.wav,validate,0,1,0,0,0,0,0,0
06_002641.wav,validate,0,0,0,0,0,0,1,0
06_002738.wav,validate,1,0,0,0,0,0,1,0
06_002744.wav,validate,1,0,0,0,0,0,0,0
06_002758.wav,validate,0,0,0,0,0,0,1,0
06_002819.wav,validate,0,0,0,0,0,0,1,0
06_002905.wav,validate,0,0,0,0,1,0,0,0
06_002911.wav,validate,0,0,0,0,1,0,0,0
06_002961.wav,validate,0,0,0,0,0,0,1,0
06_003037.wav,validate,0,0,0,0,1,0,1,0
06_003042.wav,validate,0,0,0,0,0,0,0,0
06_003047.wav,validate,0,0,0,0,0,0,1,0
06_003053.wav,validate,0,0,0,0,1,0,1,0
06_003103.wav,validate,0,0,0,0,0,0,1,0
06_003105.wav,validate,0,0,0,0,0,0,1,0
06_003204.wav,validate,0,0,0,0,0,0,1,0
06_003221.wav,validate,0,0,0,0,0,0,1,0
06_003222.wav,validate,0,0,0,0,0,0,1,0
06_003224.wav,validate,0,0,0,1,0,0,0,0
06_003398.wav,validate,0,0,0,0,1,0,0,0
06_003414.wav,validate,1,0,0,0,0,0,0,0
06_003484.wav,validate,0,0,0,0,0,0,1,0
06_003582.wav,validate,1,0,0,0,0,0,1,0
06_003588.wav,validate,0,0,0,0,0,0,1,0
06_003607.wav,validate,0,0,0,0,0,0,1,0
06_003733.wav,validate,0,0,0,0,0,0,1,0
06_003742.wav,validate,0,0,0,0,0,0,1,0
06_003751.wav,validate,0,0,0,0,0,0,1,0
06_003757.wav,validate,0,0,0,0,0,0,1,0
06_003763.wav,validate,1,0,0,0,0,0,1,0
06_003767.wav,validate,0,0,0,0,0,0,0,0
06_003807.wav,validate,0,0,0,0,1,0,1,0
06_003818.wav,validate,0,0,0,0,0,0,1,0
06_003868.wav,validate,1,0,0,0,0,0,1,0
06_003892.wav,validate,0,0,0,0,1,0,0,0
06_003895.wav,validate,0,0,0,0,0,0,1,0
06_003911.wav,validate,0,0,0,0,1,0,1,0
06_003922.wav,validate,0,0,0,0,0,0,0,0
06_003931.wav,validate,0,0,0,0,0,0,0,0
06_004017.wav,validate,0,0,0,0,0,0,0,0
06_004044.wav,validate,0,0,0,1,0,0,0,0
06_004062.wav,validate,0,0,0,0,0,1,1,0
06_004090.wav,validate,0,0,0,0,0,0,0,0
06_004096.wav,validate,0,0,0,0,0,0,1,0
06_004110.wav,validate,0,0,0,0,0,0,1,0
06_004232.wav,validate,0,0,0,0,0,0,1,0
06_004285.wav,validate,0,0,0,0,0,0,0,0
06_004286.wav,validate,0,0,0,0,0,1,0,0
06_004316.wav,validate,0,0,0,0,0,0,1,0
06_004320.wav,validate,0,0,0,0,0,0,1,0
06_004328.wav,validate,0,0,0,0,0,0,1,0
06_004410.wav,validate,0,0,0,0,0,0,1,0
06_004413.wav,validate,1,0,0,0,0,0,0,0
06_004432.wav,validate,0,0,0,0,0,0,0,0
06_004434.wav,validate,0,0,0,0,0,0,1,0
06_004441.wav,validate,0,0,0,0,0,0,0,0
06_004453.wav,validate,0,0,0,0,0,0,0,0
06_004491.wav,validate,0,1,0,0,0,0,0,0
06_004572.wav,validate,0,0,0,0,1,0,0,0
06_004703.wav,validate,0,0,0,0,0,0,1,0
06_004735.wav,validate,0,0,0,0,0,0,1,0
06_004748.wav,validate,0,0,0,0,0,0,1,0
06_004786.wav,validate,0,0,0,0,0,0,0,0
06_004788.wav,validate,0,0,0,0,1,0,1,0
06_004832.wav,validate,0,0,0,0,0,1,1,0
06_004857.wav,validate,1,0,0,0,0,0,1,0
06_004879.wav,validate,0,0,0,0,0,0,1,0
06_004881.wav,validate,0,0,0,0,0,0,1,0
06_004892.wav,validate,1,0,0,0,0,1,1,0
06_004924.wav,validate,1,1,0,0,0,0,0,0
06_004936.wav,validate,1,0,0,0,0,0,0,0
06_004949.wav,validate,0,0,0,0,0,0,1,0
06_004955.wav,validate,0,0,0,0,1,0,1,0
06_004962.wav,validate,0,1,0,0,0,0,0,0
06_004975.wav,validate,0,0,0,0,0,0,1,0
06_004986.wav,validate,0,0,0,0,1,0,0,0
06_005007.wav,validate,0,0,0,0,0,0,1,0
06_005031.wav,validate,0,0,0,0,0,0,0,0
06_005038.wav,validate,0,0,0,0,0,0,0,0
06_005077.wav,validate,0,0,0,0,0,0,0,0
06_005110.wav,validate,1,0,0,0,0,0,0,0
06_005118.wav,validate,1,0,0,0,0,0,1,0
06_005130.wav,validate,1,0,0,0,0,0,0,0
06_005141.wav,validate,0,0,0,0,0,0,1,0
06_005143.wav,validate,0,0,0,0,0,0,1,0
06_005176.wav,validate,0,0,0,0,0,0,1,0
06_005178.wav,validate,0,0,0,0,0,0,1,0
06_005196.wav,validate,0,0,0,0,0,0,0,1
06_005231.wav,validate,0,0,0,0,1,0,1,0
06_005242.wav,validate,1,0,0,0,1,0,0,0
06_005264.wav,validate,0,0,0,0,0,0,1,0
06_005269.wav,validate,0,0,0,0,0,0,1,0
06_005326.wav,validate,1,0,0,0,0,0,1,0
06_005353.wav,validate,0,0,0,0,1,0,1,0
06_005388.wav,validate,0,0,0,0,0,0,1,0
06_005390.wav,validate,0,0,0,0,0,0,1,0
06_005453.wav,validate,0,0,0,0,0,0,1,0
06_005476.wav,validate,0,0,0,0,0,0,1,0
06_005494.wav,validate,0,0,0,0,0,0,1,0
06_005495.wav,validate,0,0,0,0,0,0,1,0
06_005578.wav,validate,0,0,0,0,1,0,1,0
06_005580.wav,validate,0,0,0,0,0,0,1,0
06_005593.wav,validate,1,0,0,0,0,0,1,0
06_005632.wav,validate,1,0,0,0,0,0,0,0
06_005644.wav,validate,0,0,0,0,0,0,1,0
06_005646.wav,validate,1,0,0,0,0,1,0,0
06_005666.wav,validate,0,0,0,0,0,0,1,0
06_005716.wav,validate,0,0,0,0,0,0,0,0
06_005723.wav,validate,0,0,0,0,0,0,0,0
06_005736.wav,validate,0,0,1,0,0,0,0,0
06_005765.wav,validate,0,0,0,0,0,0,1,0
06_005766.wav,validate,0,0,0,0,1,0,1,0
06_005787.wav,validate,0,0,0,0,0,0,1,0
06_005798.wav,validate,0,0,0,0,0,0,1,0
06_005812.wav,validate,0,0,0,0,0,0,1,0
06_005814.wav,validate,0,0,0,0,0,0,1,0
06_005821.wav,validate,0,0,0,0,0,0,0,0
06_005826.wav,validate,0,0,0,0,0,0,0,0
06_005828.wav,validate,1,0,0,0,0,0,0,0
06_005839.wav,validate,0,0,0,0,0,0,1,0
06_005844.wav,validate,0,0,0,0,1,0,0,0
06_005851.wav,validate,0,0,0,0,1,0,1,0
06_005909.wav,validate,1,0,0,0,0,0,1,0
06_005931.wav,validate,1,0,0,0,1,0,1,0
06_005943.wav,validate,0,0,0,0,0,0,0,0
06_005945.wav,validate,0,0,0,0,0,0,1,0
06_005968.wav,validate,0,0,0,0,1,0,0,0
06_006004.wav,validate,0,0,0,1,0,0,0,0
06_006061.wav,validate,1,0,0,0,0,0,0,0
06_006099.wav,validate,0,0,0,0,1,0,1,0
06_006124.wav,validate,0,0,0,0,0,0,1,0
06_006137.wav,validate,0,0,0,0,0,0,1,0
06_006141.wav,validate,1,0,0,0,0,0,0,0
06_006200.wav,validate,1,0,0,0,0,0,1,0
06_006223.wav,validate,0,0,0,0,0,0,0,0
06_006244.wav,validate,1,0,0,0,0,0,1,0
06_006248.wav,validate,0,0,0,0,1,0,0,0
06_006250.wav,validate,0,0,0,0,0,0,0,0
06_006282.wav,validate,0,0,0,0,0,0,0,0
06_006289.wav,validate,0,0,0,0,0,0,1,0
06_006300.wav,validate,0,1,0,0,0,0,0,0
06_006313.wav,validate,1,0,0,0,0,0,0,0
06_006322.wav,validate,1,0,1,0,0,0,1,0
06_006323.wav,validate,0,0,0,0,0,0,1,0
06_006349.wav,validate,0,0,0,0,0,0,1,0
06_006350.wav,validate,0,0,0,0,0,0,1,0
06_006365.wav,validate,0,0,0,0,0,0,1,0
06_006394.wav,validate,0,0,0,0,0,0,1,0
06_006401.wav,validate,0,0,0,0,0,0,1,0
06_006452.wav,validate,0,0,0,0,0,0,0,0
06_006459.wav,validate,0,0,0,0,0,0,0,0
06_006469.wav,validate,0,0,0,0,0,0,1,0
06_006496.wav,validate,0,0,0,0,1,0,1,0
06_006534.wav,validate,0,0,0,0,1,0,0,0
06_006596.wav,validate,0,0,0,0,1,0,1,0
06_006618.wav,validate,0,0,0,0,0,0,1,0
06_006645.wav,validate,1,0,0,0,0,0,0,0
06_006664.wav,validate,0,0,0,0,0,0,1,0
06_006686.wav,validate,0,0,0,0,0,0,1,0
06_006696.wav,validate,1,0,0,0,0,0,0,0
06_006705.wav,validate,0,0,0,0,0,0,1,0
06_006725.wav,validate,0,0,0,0,0,1,1,0
06_006754.wav,validate,0,0,0,0,0,0,1,0
06_006762.wav,validate,0,0,0,0,0,0,1,0
06_006768.wav,validate,0,0,0,0,0,0,1,0
06_006769.wav,validate,0,0,0,0,0,0,0,0
06_006799.wav,validate,0,0,0,0,0,1,1,0
06_006809.wav,validate,0,0,0,0,1,0,1,0
06_006848.wav,validate,0,0,1,0,0,0,1,0
06_006857.wav,validate,1,0,0,0,0,0,0,0
06_006863.wav,validate,0,0,0,0,1,0,0,0
06_006871.wav,validate,1,0,0,0,0,0,0,0
06_006888.wav,validate,0,0,0,0,1,0,0,0
06_006912.wav,validate,0,0,0,0,0,0,1,0
06_006943.wav,validate,0,0,0,0,0,0,1,0
06_006956.wav,validate,0,0,0,0,0,0,1,0
06_006957.wav,validate,0,0,0,0,0,0,0,0
06_006962.wav,validate,0,0,0,0,0,0,1,0
06_006966.wav,validate,0,0,0,0,0,0,1,0
06_006982.wav,validate,0,0,0,0,0,0,0,0
06_006986.wav,validate,0,0,0,0,0,0,1,0
06_007041.wav,validate,0,0,0,0,0,0,0,0
06_007066.wav,validate,0,0,0,0,0,1,1,0
06_007081.wav,validate,1,0,0,0,0,0,0,0
06_007131.wav,validate,0,0,0,0,0,0,0,0
06_007146.wav,validate,0,0,0,0,0,0,1,0
06_007154.wav,validate,0,0,0,1,0,0,0,0
06_007167.wav,validate,0,0,0,0,0,0,1,0
06_007171.wav,validate,1,0,0,0,0,0,0,0
06_007176.wav,validate,0,0,0,0,0,0,0,0
06_007192.wav,validate,0,0,0,0,0,0,0,0
06_007205.wav,validate,0,0,0,0,0,0,1,0
06_007265.wav,validate,0,0,0,0,1,0,1,0
06_007270.wav,validate,0,0,0,0,0,0,1,0
06_007276.wav,validate,1,0,0,0,1,0,1,0
06_007318.wav,validate,1,0,0,0,0,0,1,0
06_007320.wav,validate,0,0,0,0,0,0,1,0
06_007326.wav,validate,1,0,0,0,0,0,0,0
06_007365.wav,validate,0,0,0,0,0,0,0,0
06_007373.wav,validate,0,0,0,0,0,0,0,0
06_007392.wav,validate,0,0,0,0,0,0,1,0
06_007397.wav,validate,0,0,0,0,0,0,1,0
06_007421.wav,validate,0,0,0,0,0,0,1,0
06_007452.wav,validate,0,0,0,0,0,0,0,0
06_007470.wav,validate,0,0,0,0,0,0,1,0
06_007471.wav,validate,0,0,0,0,1,0,0,0
06_007508.wav,validate,0,0,0,0,0,0,1,0
06_007509.wav,validate,1,0,0,0,0,0,0,0
06_007512.wav,validate,0,1,0,0,0,0,0,0
06_007521.wav,validate,1,0,0,0,0,0,0,0
06_007554.wav,validate,0,0,0,0,0,0,0,0
06_007564.wav,validate,0,0,0,0,1,0,0,0
06_007594.wav,validate,0,0,0,0,0,0,0,0
06_007600.wav,validate,0,0,0,0,0,0,0,0
06_007612.wav,validate,0,0,0,0,0,0,0,0
06_007650.wav,validate,0,0,0,0,0,0,0,0
06_007677.wav,validate,0,0,0,0,0,0,1,0
06_007697.wav,validate,0,0,0,0,0,0,1,0
06_007751.wav,validate,0,0,0,0,0,0,1,0
06_007768.wav,validate,0,0,0,0,1,0,0,0
06_007777.wav,validate,0,0,0,0,0,0,0,0
06_007786.wav,validate,0,0,0,0,0,0,0,0
06_007804.wav,validate,0,0,0,0,0,0,1,0
06_007808.wav,validate,0,0,0,0,0,0,0,0
06_007826.wav,validate,0,0,0,0,0,0,1,0
06_007839.wav,validate,1,0,0,0,0,0,1,0
06_007843.wav,validate,0,0,0,0,1,0,0,0
06_007846.wav,validate,0,1,0,0,0,0,0,0
06_007866.wav,validate,0,0,0,0,0,0,1,0
06_007895.wav,validate,0,0,0,0,0,0,1,0
06_007920.wav,validate,0,0,0,0,0,0,1,0
06_007922.wav,validate,1,0,0,0,0,0,0,0
06_007946.wav,validate,0,0,0,0,0,0,1,0
06_007960.wav,validate,0,0,0,0,0,0,1,0
06_007994.wav,validate,0,0,0,0,0,0,1,0
06_008025.wav,validate,0,0,0,0,1,0,0,0
06_008026.wav,validate,0,0,0,0,0,0,1,0
06_008029.wav,validate,0,0,0,0,0,0,0,0
06_008060.wav,validate,0,0,0,0,0,0,1,0
06_008076.wav,validate,1,0,0,0,0,0,1,0
06_008078.wav,validate,0,0,0,0,0,0,1,0
06_008108.wav,validate,0,0,0,0,0,0,1,1
06_008120.wav,validate,0,0,0,0,0,1,1,0
06_008132.wav,validate,0,0,0,0,0,0,1,0
06_008133.wav,validate,0,0,0,0,0,0,1,0
06_008170.wav,validate,0,0,0,0,0,0,1,0
06_008207.wav,validate,1,0,0,0,0,0,0,0
06_008209.wav,validate,0,0,0,0,0,0,0,0
06_008297.wav,validate,0,0,0,0,1,0,1,0
06_008354.wav,validate,0,0,0,0,0,0,1,0
06_008358.wav,validate,0,0,0,0,0,0,0,1
06_008363.wav,validate,0,0,0,0,0,0,0,0
06_008377.wav,validate,0,0,0,0,0,0,1,0
06_008386.wav,validate,0,0,0,0,0,0,1,0
06_008396.wav,validate,0,0,0,0,0,0,1,0
06_008431.wav,validate,0,0,0,0,0,0,1,0
06_008460.wav,validate,0,0,0,0,0,0,1,0
06_008465.wav,validate,0,0,0,0,0,0,1,0
06_008470.wav,validate,0,0,0,0,0,0,1,0
06_008475.wav,validate,1,0,0,0,0,0,0,0
06_008496.wav,validate,1,0,0,0,0,0,1,0
06_008498.wav,validate,0,0,0,0,0,0,1,0
06_008511.wav,validate,0,0,0,0,0,0,1,0
06_008534.wav,validate,0,0,0,0,0,0,1,0
06_008584.wav,validate,0,0,0,0,0,0,0,0
06_008640.wav,validate,0,0,0,0,0,0,1,0
06_008647.wav,validate,0,0,0,0,0,0,1,0
06_008655.wav,validate,0,0,0,0,0,0,1,0
06_008656.wav,validate,0,0,0,0,0,0,1,0
06_008687.wav,validate,0,0,0,0,0,0,1,0
06_008694.wav,validate,0,0,0,0,0,0,1,0
06_008710.wav,validate,0,0,0,0,0,0,1,0
06_008713.wav,validate,0,0,0,0,0,0,1,0
06_008727.wav,validate,1,0,0,0,0,0,0,0
06_008851.wav,validate,0,0,0,0,0,0,1,0
06_008989.wav,validate,0,0,0,0,0,0,1,0
06_009010.wav,validate,0,0,0,0,0,0,1,0
06_009029.wav,validate,0,0,0,0,0,0,1,0
06_009038.wav,validate,0,0,0,0,1,0,1,0
06_009045.wav,validate,0,1,0,0,0,0,0,0
06_009046.wav,validate,0,0,0,0,0,0,1,0
06_009079.wav,validate,0,0,0,0,0,0,1,0
06_009094.wav,validate,0,0,0,0,0,0,1,0
06_009133.wav,validate,0,0,0,0,0,0,1,0
06_009136.wav,validate,1,0,0,0,1,0,0,0
06_009146.wav,validate,0,0,0,0,0,0,1,0
06_009147.wav,validate,0,0,0,0,0,0,1,0
06_009153.wav,validate,0,0,0,0,0,0,0,0
06_009164.wav,validate,0,0,0,0,0,0,1,0
06_009176.wav,validate,0,0,0,0,1,0,0,0
06_009196.wav,validate,0,0,0,0,0,0,0,0
06_009197.wav,validate,0,0,0,0,0,0,1,0
06_009219.wav,validate,0,0,0,0,0,0,1,0
06_009230.wav,validate,0,0,0,0,0,0,0,0
06_009233.wav,validate,0,0,0,0,0,0,0,0
06_009243.wav,validate,0,0,0,0,0,0,1,0
06_009249.wav,validate,0,0,0,0,0,0,0,0
06_009272.wav,validate,0,0,0,0,1,0,0,0
06_009282.wav,validate,0,0,0,0,0,0,1,0
06_009286.wav,validate,0,0,0,0,0,0,1,0
06_009288.wav,validate,0,0,0,0,0,1,0,0
06_009289.wav,validate,0,0,0,0,1,0,1,0
06_009332.wav,validate,0,0,0,0,0,0,1,0
06_009354.wav,validate,0,0,0,0,0,0,1,0
06_009397.wav,validate,0,0,0,0,0,0,1,0
06_009398.wav,validate,0,0,0,0,0,0,1,0
06_009400.wav,validate,0,0,0,0,0,0,1,0
06_009423.wav,validate,0,0,0,0,0,0,1,0
06_009443.wav,validate,0,0,0,0,0,0,1,0
06_009474.wav,validate,0,0,0,0,1,0,1,0
06_009479.wav,validate,0,0,0,0,0,0,1,0
06_009502.wav,validate,0,0,0,0,0,1,1,0
06_009507.wav,validate,0,0,0,0,0,0,0,0
06_009508.wav,validate,0,0,0,0,0,0,0,0
06_009510.wav,validate,0,0,0,0,0,0,1,0
06_009544.wav,validate,0,0,0,0,0,0,1,0
06_009551.wav,validate,0,0,0,0,1,0,1,0
06_009586.wav,validate,0,0,0,0,0,0,1,0
06_009602.wav,validate,0,0,0,0,0,0,0,0
06_009616.wav,validate,0,0,0,0,0,0,0,0
06_009624.wav,validate,0,0,0,0,0,0,1,0
06_009630.wav,validate,0,0,0,0,0,0,1,0
06_009646.wav,validate,0,0,0,0,0,0,1,0
06_009647.wav,validate,0,0,0,0,0,0,1,0
06_009682.wav,validate,0,0,0,0,0,0,1,0
06_009691.wav,validate,0,0,0,0,1,0,0,0
06_009719.wav,validate,0,0,0,0,0,0,1,0
06_009728.wav,validate,0,0,0,0,0,0,0,0
06_009767.wav,validate,0,0,0,0,0,0,1,0
06_009774.wav,validate,0,0,0,0,0,0,0,0
06_009778.wav,validate,0,0,0,0,0,0,1,0
06_009796.wav,validate,0,0,0,0,0,0,1,0
06_009829.wav,validate,0,0,0,0,0,0,1,0
06_009834.wav,validate,0,0,1,0,0,0,0,0
06_009838.wav,validate,0,0,0,0,0,0,1,0
06_009849.wav,validate,0,0,0,0,0,0,0,0
06_009861.wav,validate,0,0,0,0,0,0,1,0
06_009863.wav,validate,0,0,0,0,0,0,1,0
06_009898.wav,validate,0,0,0,0,0,0,1,0
06_009899.wav,validate,0,0,0,0,0,0,1,0
06_009908.wav,validate,0,0,0,0,0,0,1,0
06_009912.wav,validate,0,0,0,0,1,0,0,0
06_009933.wav,validate,0,0,0,0,0,0,1,0
06_009939.wav,validate,0,0,0,0,0,0,1,0
06_009961.wav,validate,0,0,0,0,1,0,1,0
06_009977.wav,validate,0,0,0,0,0,0,1,0
06_009992.wav,validate,0,0,0,0,0,0,1,0
06_009993.wav,validate,1,0,0,0,0,0,1,0
06_009995.wav,validate,0,0,0,0,0,0,1,0
06_009999.wav,validate,0,0,0,0,0,0,0,0
06_010001.wav,validate,0,0,0,0,0,0,1,0
06_010002.wav,validate,0,0,0,0,0,0,1,0
06_010014.wav,validate,0,0,0,0,0,0,1,0
06_010021.wav,validate,0,0,0,0,0,0,1,1
06_010030.wav,validate,0,0,0,0,0,0,0,0
06_010057.wav,validate,0,0,0,0,0,0,1,0
06_010060.wav,validate,0,0,0,0,1,0,1,0
06_010084.wav,validate,0,0,0,0,0,0,1,0
06_010108.wav,validate,0,0,0,0,0,0,1,0
06_010109.wav,validate,0,0,0,0,0,0,1,0
06_010114.wav,validate,0,0,0,0,0,0,0,0
06_010137.wav,validate,0,0,0,0,0,0,1,0
06_010139.wav,validate,0,0,0,0,0,0,0,0
06_010151.wav,validate,0,0,0,0,1,0,1,0
06_010163.wav,validate,0,0,0,0,0,0,1,0
06_010170.wav,validate,0,0,0,0,0,0,0,0
06_010179.wav,validate,0,0,0,0,0,0,0,0
06_010186.wav,validate,0,0,0,0,0,0,1,0
06_010193.wav,validate,0,0,0,0,0,0,1,0
06_010202.wav,validate,0,0,0,0,0,0,0,0
06_010209.wav,validate,0,0,0,0,0,0,1,0
06_010225.wav,validate,0,0,0,0,0,0,1,0
06_010228.wav,validate,0,0,0,0,0,0,1,0
06_010235.wav,validate,0,0,0,0,0,0,1,0
06_010239.wav,validate,1,0,0,0,0,0,0,0
06_010295.wav,validate,1,0,0,0,0,0,0,0
06_010300.wav,validate,1,0,0,0,0,0,1,0
06_010313.wav,validate,0,0,0,0,0,0,1,0
06_010316.wav,validate,0,0,0,0,0,0,1,0
06_010331.wav,validate,0,0,0,0,0,0,0,0
06_010333.wav,validate,0,0,0,0,0,0,1,0
06_010343.wav,validate,1,0,0,0,0,0,1,0
06_010355.wav,validate,0,0,0,0,0,0,1,0
06_010388.wav,validate,1,0,0,0,0,0,0,0
06_010445.wav,validate,0,0,0,0,0,0,1,0
06_010446.wav,validate,0,0,0,0,0,0,1,0
06_010458.wav,validate,0,0,0,0,0,1,1,0
06_010465.wav,validate,0,0,0,0,0,1,1,0
06_010472.wav,validate,0,0,0,0,0,0,1,0
06_010480.wav,validate,0,0,0,0,1,0,1,0
06_010500.wav,validate,0,0,0,0,0,0,0,0
06_010517.wav,validate,0,0,0,0,0,0,1,0
06_010524.wav,validate,0,0,0,0,0,0,1,0
06_010558.wav,validate,0,0,0,0,0,0,0,0
06_010564.wav,validate,0,0,0,0,1,0,1,0
06_010603.wav,validate,0,0,0,0,1,0,1,0
06_010624.wav,validate,0,0,0,0,0,0,0,0
06_010640.wav,validate,0,0,0,1,0,0,0,0
06_010662.wav,validate,0,0,0,0,1,0,1,0
06_010689.wav,validate,1,0,0,0,0,0,0,0
06_010700.wav,validate,1,0,0,0,0,0,0,0
06_010701.wav,validate,1,0,0,0,0,0,0,0
06_010715.wav,validate,0,0,0,0,0,0,0,0
06_010721.wav,validate,0,0,0,0,0,0,1,0
06_010742.wav,validate,0,0,0,0,1,1,0,0
06_010755.wav,validate,0,0,0,0,0,0,1,0
06_010756.wav,validate,0,0,0,0,0,0,1,0
06_010771.wav,validate,0,1,0,0,0,0,0,0
06_010775.wav,validate,1,0,0,0,0,0,0,0
06_010789.wav,validate,0,0,0,0,0,0,1,0
06_010797.wav,validate,0,0,0,0,1,0,1,0
06_010809.wav,validate,0,0,0,0,0,0,0,0
06_010813.wav,validate,0,0,1,0,0,0,0,0
06_010843.wav,validate,0,0,0,0,0,0,1,0
06_010857.wav,validate,1,0,0,0,0,0,1,0
06_010870.wav,validate,0,0,0,0,0,0,1,0
06_010889.wav,validate,1,0,0,0,0,0,0,0
06_010893.wav,validate,1,0,0,0,0,1,1,0
06_010943.wav,validate,0,0,0,0,0,0,1,0
06_010967.wav,validate,1,0,0,0,0,0,0,0
06_011008.wav,validate,0,0,0,0,0,0,0,0
06_011012.wav,validate,0,0,0,0,0,0,1,0
06_011017.wav,validate,1,0,0,0,1,0,0,0
06_011033.wav,validate,0,0,0,0,0,0,1,0
06_011053.wav,validate,0,0,0,0,1,0,1,0
06_011059.wav,validate,0,0,0,0,0,0,1,0
06_011077.wav,validate,0,0,0,0,0,0,1,0
06_011083.wav,validate,1,0,0,0,0,0,0,0
06_011085.wav,validate,0,0,0,0,0,0,1,0
06_011086.wav,validate,0,0,0,0,0,0,1,0
06_011104.wav,validate,0,0,0,0,0,0,1,0
06_011118.wav,validate,1,0,0,0,0,0,0,0
06_011139.wav,validate,0,0,0,0,0,0,1,0
06_011145.wav,validate,0,0,0,0,0,0,1,0
06_011158.wav,validate,0,0,0,0,0,0,1,0
06_011177.wav,validate,0,0,0,0,1,0,0,0
06_011203.wav,validate,1,0,0,0,0,0,0,0
06_011210.wav,validate,1,0,0,0,0,0,0,0
06_011224.wav,validate,0,0,0,0,0,0,1,0
06_011232.wav,validate,0,0,0,0,0,1,1,0
06_011233.wav,validate,1,0,0,0,0,0,0,0
06_011239.wav,validate,0,0,0,0,0,0,0,0
06_011246.wav,validate,0,1,0,0,0,0,1,0
06_011259.wav,validate,0,0,0,0,0,0,1,0
06_011293.wav,validate,0,0,0,0,1,0,1,0
06_011294.wav,validate,0,0,0,0,0,0,0,0
06_011316.wav,validate,0,0,0,0,0,0,1,0
06_011351.wav,validate,0,0,0,0,0,0,1,0
06_011361.wav,validate,0,0,0,0,0,0,0,0
06_011364.wav,validate,0,0,0,0,1,0,1,0
06_011387.wav,validate,1,0,0,0,0,0,0,0
06_011405.wav,validate,0,0,0,0,0,0,1,0
06_011407.wav,validate,1,0,0,0,0,0,0,0
06_011439.wav,validate,0,0,0,0,1,0,1,0
06_011448.wav,validate,0,0,0,0,0,0,1,0
06_011465.wav,validate,0,0,0,0,1,0,1,0
06_011470.wav,validate,0,0,0,0,0,0,0,0
06_011502.wav,validate,0,0,0,0,0,0,1,0
06_011513.wav,validate,0,0,0,0,0,0,0,0
06_011529.wav,validate,0,0,0,0,0,0,1,0
06_011538.wav,validate,0,0,0,0,0,0,1,0
06_011547.wav,validate,0,0,0,0,0,0,0,0
06_011560.wav,validate,0,0,0,0,0,0,1,0
06_011562.wav,validate,0,0,0,0,0,0,0,0
06_011568.wav,validate,0,0,0,0,1,0,1,0
06_011576.wav,validate,0,0,0,0,1,0,0,0
06_011601.wav,validate,0,0,0,0,0,0,1,0
06_011661.wav,validate,0,0,0,0,0,0,1,0
06_011685.wav,validate,0,0,0,0,0,0,0,0
06_011716.wav,validate,0,0,0,0,0,0,0,0
06_011723.wav,validate,0,0,0,0,0,0,1,0
06_011725.wav,validate,0,0,0,0,0,0,0,0
06_011737.wav,validate,0,0,0,0,0,1,0,0
06_011739.wav,validate,0,0,0,0,0,0,1,0
06_011754.wav,validate,1,0,0,0,0,0,0,0
06_011762.wav,validate,0,0,0,0,0,0,0,0
06_011771.wav,validate,0,0,0,0,0,1,1,0
06_011801.wav,validate,0,0,0,0,0,0,0,0
06_011840.wav,validate,0,0,0,0,0,0,1,0
06_011859.wav,validate,1,0,0,0,0,0,1,0
06_011864.wav,validate,0,0,0,0,0,0,1,0
06_011891.wav,validate,0,0,0,0,0,0,1,0
06_011904.wav,validate,0,0,0,0,0,0,0,0
06_011914.wav,validate,0,0,0,0,0,0,0,0
06_011915.wav,validate,0,0,0,0,0,0,1,0
06_011919.wav,validate,0,0,0,0,0,0,1,0
06_011925.wav,validate,0,0,0,0,0,0,0,0
06_011928.wav,validate,0,0,0,0,0,0,1,0
06_011935.wav,validate,0,1,0,0,0,0,0,0
06_011947.wav,validate,1,0,0,0,0,0,0,0
06_011954.wav,validate,0,0,0,0,1,0,1,0
06_011955.wav,validate,0,0,0,0,0,0,1,0
06_011959.wav,validate,0,0,0,0,0,0,1,0
06_011963.wav,validate,0,0,0,0,1,0,0,0
06_011965.wav,validate,0,0,0,0,0,0,1,0
06_011973.wav,validate,0,0,0,0,0,0,1,0
06_011978.wav,validate,0,0,0,0,0,0,0,0
06_011979.wav,validate,0,0,0,0,0,0,0,0
06_011985.wav,validate,1,0,0,0,0,0,1,0
06_012007.wav,validate,0,0,0,0,0,0,1,0
06_012041.wav,validate,0,0,0,0,0,0,0,0
06_012061.wav,validate,0,0,0,0,0,0,1,0
06_012071.wav,validate,0,0,0,0,0,0,1,0
06_012089.wav,validate,0,0,0,0,0,0,1,0
06_012123.wav,validate,0,0,0,0,0,0,0,0
06_012135.wav,validate,0,0,0,0,0,0,0,0
06_012151.wav,validate,0,0,0,0,0,1,0,0
06_012190.wav,validate,0,0,0,0,0,0,1,0
06_012221.wav,validate,0,0,0,0,0,0,1,0
06_012226.wav,validate,0,0,0,0,0,0,1,0
06_012229.wav,validate,0,0,0,0,0,1,0,0
06_012243.wav,validate,0,0,0,0,0,0,0,0
06_012246.wav,validate,1,0,0,0,0,0,0,0
06_012267.wav,validate,0,0,0,0,0,0,0,0
06_012286.wav,validate,0,0,0,0,0,0,1,0
06_012288.wav,validate,0,0,0,0,0,1,0,0
06_012297.wav,validate,1,0,0,0,0,0,0,0
06_012309.wav,validate,0,0,0,0,0,0,1,1
06_012374.wav,validate,0,0,0,0,0,0,1,0
06_012442.wav,validate,0,0,0,0,0,0,1,0
06_012473.wav,validate,0,1,0,0,0,0,0,0
06_012483.wav,validate,1,0,0,0,0,0,1,0
06_012501.wav,validate,0,0,0,0,0,0,0,0
06_012511.wav,validate,0,0,0,0,0,0,0,0
06_012513.wav,validate,0,0,0,0,0,0,0,0
06_012517.wav,validate,0,0,0,0,0,0,0,0
06_012537.wav,validate,0,0,0,0,0,0,0,0
06_012545.wav,validate,0,0,0,0,0,0,1,0
06_012551.wav,validate,0,0,0,0,0,0,1,0
06_012590.wav,validate,0,0,0,0,0,0,1,0
06_012596.wav,validate,1,0,0,0,1,0,1,0
06_012620.wav,validate,0,0,0,0,0,0,0,0
06_012628.wav,validate,0,0,0,0,0,0,0,0
06_012663.wav,validate,0,0,0,0,0,0,0,0
06_012671.wav,validate,0,0,0,0,1,0,0,0
06_012682.wav,validate,0,0,0,0,0,0,1,0
06_012713.wav,validate,1,0,0,0,0,0,0,0
06_012730.wav,validate,1,0,0,0,0,0,1,0
06_012735.wav,validate,0,0,0,0,0,0,1,0
06_012742.wav,validate,0,0,0,0,0,0,1,0
06_012743.wav,validate,0,0,0,0,0,0,1,0
06_012754.wav,validate,0,0,0,0,0,0,0,0
06_012764.wav,validate,1,0,0,0,0,0,0,0
06_012800.wav,validate,0,0,0,0,0,0,0,0
06_012806.wav,validate,0,0,0,0,1,0,1,0
06_012838.wav,validate,0,0,0,0,0,0,0,0
06_012843.wav,validate,0,0,0,0,0,0,1,0
06_012890.wav,validate,0,0,0,0,0,0,0,0
06_012906.wav,validate,0,0,0,0,0,0,1,0
06_012914.wav,validate,0,0,0,0,0,0,1,0
06_012918.wav,validate,1,0,0,0,0,0,0,0
06_012958.wav,validate,0,0,0,0,0,0,1,0
06_012973.wav,validate,0,0,0,0,0,0,1,0
06_013009.wav,validate,0,0,0,0,0,0,1,0
06_013017.wav,validate,0,0,0,0,0,1,0,0
06_013033.wav,validate,1,0,0,0,0,1,0,0
06_013099.wav,validate,0,0,0,0,0,0,1,0
06_013129.wav,validate,0,0,0,0,1,0,1,0
06_013188.wav,validate,1,0,0,0,0,0,0,0
06_013192.wav,validate,0,0,0,0,0,0,1,0
06_013207.wav,validate,0,0,0,0,0,0,0,0
06_013224.wav,validate,1,0,0,0,0,0,0,0
06_013228.wav,validate,0,0,0,0,0,0,0,0
06_013241.wav,validate,0,0,0,0,0,0,0,0
06_013255.wav,validate,0,0,0,0,0,0,0,0
06_013278.wav,validate,1,0,0,0,0,0,1,0
06_013340.wav,validate,0,0,0,0,0,0,1,0
06_013379.wav,validate,0,0,0,0,1,0,0,0
06_013406.wav,validate,0,0,0,0,0,0,1,1
06_013407.wav,validate,1,0,0,0,0,0,1,0
06_013425.wav,validate,0,0,0,0,0,0,1,0
06_013438.wav,validate,0,0,0,0,0,0,0,0
06_013454.wav,validate,1,0,0,0,0,0,0,0
06_013493.wav,validate,0,0,0,0,0,0,1,0
06_013497.wav,validate,0,0,0,0,0,1,1,0
06_013506.wav,validate,0,0,0,0,0,0,1,0
06_013511.wav,validate,0,0,0,0,0,0,1,0
06_013526.wav,validate,0,0,0,0,0,0,1,0
06_013527.wav,validate,0,0,0,0,0,0,1,0
06_013529.wav,validate,0,0,0,0,0,0,1,0
06_013554.wav,validate,1,0,0,0,0,0,1,0
06_013570.wav,validate,0,0,0,0,0,0,1,0
06_013574.wav,validate,0,0,0,0,0,0,1,0
06_013588.wav,validate,0,0,0,0,0,0,0,0
06_013620.wav,validate,0,0,0,0,0,0,0,0
06_013632.wav,validate,1,0,0,0,0,0,0,0
06_013653.wav,validate,0,0,0,0,1,0,0,0
06_013669.wav,validate,0,0,0,0,0,0,0,0
06_013703.wav,validate,0,0,0,0,0,0,0,0
06_013708.wav,validate,0,0,0,0,0,0,1,0
06_013710.wav,validate,0,0,0,0,0,0,1,0
06_013714.wav,validate,0,0,0,0,0,0,0,0
06_016296.wav,validate,0,0,0,0,1,0,1,0
06_016304.wav,validate,0,0,0,0,0,0,1,0
06_016308.wav,validate,0,0,0,0,0,0,1,0
06_016313.wav,validate,0,0,0,0,1,0,1,0
06_016318.wav,validate,0,0,0,0,0,0,1,0
06_016324.wav,validate,0,0,0,0,0,0,0,0
06_016325.wav,validate,0,0,0,0,0,0,1,0
06_016327.wav,validate,0,0,0,0,0,0,1,0
06_016339.wav,validate,0,0,0,0,0,0,1,0
06_016358.wav,validate,0,0,0,0,0,0,1,0
06_016369.wav,validate,0,0,0,0,0,0,0,0
06_016372.wav,validate,0,0,0,0,0,0,1,0
06_016380.wav,validate,1,0,1,0,0,0,0,0
06_016386.wav,validate,0,0,0,0,0,0,1,0
06_016388.wav,validate,0,0,0,0,0,1,1,0
06_016401.wav,validate,0,0,0,0,0,1,1,0
06_016416.wav,validate,0,0,0,0,1,0,1,0
06_016432.wav,validate,0,0,0,0,0,0,0,0
06_016439.wav,validate,1,0,0,0,0,0,0,0
06_016445.wav,validate,0,0,0,0,0,0,1,0
06_016478.wav,validate,0,0,0,0,0,0,1,0
06_016483.wav,validate,0,0,0,0,0,0,1,0
06_016492.wav,validate,0,0,0,0,0,1,0,0
06_016495.wav,validate,0,0,0,0,0,0,1,0
06_016496.wav,validate,0,0,0,0,0,0,1,0
06_016499.wav,validate,0,0,0,0,0,0,1,0
06_016508.wav,validate,0,0,0,0,1,0,0,0
06_016509.wav,validate,0,0,0,0,0,0,1,0
06_016514.wav,validate,1,0,0,0,0,0,0,0
06_016515.wav,validate,0,0,0,0,1,0,1,0
06_016531.wav,validate,0,0,0,0,0,0,1,0
06_016543.wav,validate,0,0,0,0,0,0,1,0
06_016549.wav,validate,0,0,0,0,0,0,0,0
06_016557.wav,validate,0,0,0,0,0,0,1,0
06_016560.wav,validate,0,0,0,0,0,0,1,0
06_016575.wav,validate,0,0,0,0,1,0,1,0
06_016580.wav,validate,0,0,0,0,0,1,1,0
06_016582.wav,validate,0,0,0,0,0,0,0,0
06_016626.wav,validate,0,0,0,0,0,0,1,0
06_016652.wav,validate,0,0,0,0,0,1,0,0
06_016664.wav,validate,0,0,0,0,0,0,0,0
06_016719.wav,validate,1,0,0,0,0,0,0,0
06_016726.wav,validate,0,0,0,0,0,0,0,0
06_016741.wav,validate,0,0,0,0,0,0,1,0
06_016746.wav,validate,0,0,1,0,0,0,1,0
06_016774.wav,validate,0,0,0,0,0,0,1,0
06_016796.wav,validate,1,0,0,0,1,0,1,0
06_016815.wav,validate,0,0,0,0,0,0,1,0
06_016827.wav,validate,0,0,0,0,1,0,1,0
06_016828.wav,validate,0,0,1,0,0,0,0,0
06_016829.wav,validate,1,0,0,0,0,0,1,0
06_016840.wav,validate,0,0,0,0,1,1,1,0
06_016862.wav,validate,0,0,0,0,0,1,0,0
06_016879.wav,validate,0,0,0,0,0,0,1,0
06_016881.wav,validate,0,0,0,0,0,0,1,0
06_016903.wav,validate,1,0,0,0,0,0,0,0
06_016912.wav,validate,0,0,0,0,0,0,1,0
06_016925.wav,validate,0,0,0,0,0,0,1,0
06_016931.wav,validate,0,0,0,0,0,0,1,0
06_016948.wav,validate,0,0,0,0,0,0,0,0
06_016961.wav,validate,0,0,0,0,0,0,1,0
06_016983.wav,validate,0,0,0,0,0,0,1,0
06_016984.wav,validate,0,0,0,0,0,0,0,0
06_016988.wav,validate,1,0,0,0,0,0,1,0
06_016993.wav,validate,1,0,0,0,0,0,0,0
06_017009.wav,validate,0,0,0,0,0,0,1,0
06_017014.wav,validate,0,0,0,0,0,0,1,0
06_017027.wav,validate,1,0,0,0,0,0,0,0
06_017031.wav,validate,0,0,0,0,0,1,0,0
06_017042.wav,validate,0,0,0,0,0,1,1,0
06_017066.wav,validate,0,0,0,0,0,0,0,0
06_017092.wav,validate,0,0,0,0,0,0,1,0
06_017127.wav,validate,0,0,0,0,0,0,1,0
06_017139.wav,validate,0,0,0,0,0,1,0,0
06_017140.wav,validate,0,0,0,0,0,0,0,0
06_017149.wav,validate,0,0,0,0,0,0,1,0
06_017160.wav,validate,0,0,0,0,0,0,0,0
06_017165.wav,validate,1,0,0,0,0,0,1,0
06_017167.wav,validate,0,0,0,0,1,0,0,0
06_017173.wav,validate,0,0,0,0,0,0,1,0
06_017180.wav,validate,0,0,0,0,0,0,1,0
06_017181.wav,validate,0,0,0,0,0,0,1,0
06_017241.wav,validate,0,0,0,0,0,0,1,0
06_017282.wav,validate,0,0,0,0,0,0,1,0
06_017290.wav,validate,0,0,0,0,0,0,0,0
06_017293.wav,validate,0,0,0,0,1,0,0,0
06_017324.wav,validate,1,0,0,0,0,0,1,0
06_017333.wav,validate,0,0,0,0,0,0,1,0
06_017340.wav,validate,0,0,0,0,0,0,1,0
06_017362.wav,validate,0,0,0,0,0,0,1,0
06_017369.wav,validate,0,0,0,0,0,0,1,0
06_017380.wav,validate,0,0,0,0,0,0,1,0
06_017404.wav,validate,0,0,0,0,0,0,1,0
06_017438.wav,validate,0,0,0,0,0,0,1,0
06_017439.wav,validate,0,0,0,0,0,0,1,0
06_017452.wav,validate,0,0,0,0,0,0,1,0
06_017454.wav,validate,0,1,0,0,0,0,0,0
06_017464.wav,validate,0,0,0,0,0,0,1,0
06_017477.wav,validate,0,0,0,0,0,0,1,0
06_017503.wav,validate,0,0,0,0,0,0,1,0
06_017537.wav,validate,0,0,0,0,0,0,1,0
06_017541.wav,validate,0,0,0,0,1,0,1,0
06_017551.wav,validate,0,0,0,0,0,0,1,0
06_017564.wav,validate,0,0,0,0,0,0,1,0
06_017566.wav,validate,0,0,0,0,0,0,1,0
06_017585.wav,validate,0,0,0,0,0,1,0,0
06_017596.wav,validate,0,0,0,0,0,0,1,0
06_017609.wav,validate,0,0,0,0,0,0,1,0
06_017657.wav,validate,1,0,0,0,0,0,1,0
06_017660.wav,validate,0,0,0,0,0,0,1,0
06_017688.wav,validate,0,0,0,0,0,0,1,0
06_017690.wav,validate,1,0,0,0,0,0,1,0
06_017709.wav,validate,0,0,0,0,0,0,1,0
06_017712.wav,validate,0,0,0,0,0,0,0,0
06_017730.wav,validate,0,0,0,0,0,0,1,0
06_017737.wav,validate,0,0,0,0,0,0,1,0
06_017739.wav,validate,0,0,0,0,0,0,1,0
06_017744.wav,validate,0,0,0,0,0,0,1,0
06_017753.wav,validate,1,0,0,0,0,0,1,0
06_017754.wav,validate,0,0,0,0,0,1,1,0
06_017780.wav,validate,0,0,0,0,0,0,1,0
06_017793.wav,validate,0,0,0,0,0,0,1,0
06_017822.wav,validate,1,0,0,0,0,0,0,0
06_017844.wav,validate,0,0,0,0,0,1,0,0
06_017847.wav,validate,0,0,0,0,0,0,1,0
06_017860.wav,validate,0,0,0,0,0,0,0,0
06_017870.wav,validate,0,0,0,0,0,0,1,0
06_017878.wav,validate,0,0,0,0,1,0,1,0
06_017912.wav,validate,0,0,0,0,0,1,1,0
06_017926.wav,validate,0,0,0,0,0,0,1,0
06_017953.wav,validate,0,0,0,0,0,1,1,0
06_017990.wav,validate,0,0,0,0,0,0,1,0
06_018015.wav,validate,1,0,0,0,1,0,1,0
06_018026.wav,validate,0,0,0,0,0,0,1,0
06_018053.wav,validate,0,0,0,0,0,0,1,0
06_018062.wav,validate,0,0,1,0,0,0,0,0
06_018077.wav,validate,0,0,0,0,1,1,1,0
06_018085.wav,validate,0,0,0,0,0,0,1,0
06_018091.wav,validate,0,0,0,0,0,1,0,0
06_018092.wav,validate,0,0,1,0,0,0,0,0
06_018096.wav,validate,1,0,0,0,1,0,1,0
06_018099.wav,validate,0,0,0,0,0,1,1,0
06_018101.wav,validate,0,0,0,0,0,0,1,0
06_018102.wav,validate,0,0,0,0,0,0,1,0
06_018115.wav,validate,0,0,0,0,0,1,0,0
06_018136.wav,validate,0,0,1,0,0,0,1,0
06_018141.wav,validate,0,0,0,0,0,1,0,0
06_018147.wav,validate,0,0,0,0,0,0,0,0
06_018164.wav,validate,0,0,0,0,1,0,1,0
06_018176.wav,validate,0,0,0,0,0,0,1,0
06_018190.wav,validate,0,0,0,0,0,0,0,0
06_018191.wav,validate,0,0,0,0,0,0,1,0
06_018200.wav,validate,0,0,0,0,0,0,1,0
06_018204.wav,validate,0,0,1,0,0,0,1,0
06_018214.wav,validate,0,0,0,0,0,1,1,0
06_018219.wav,validate,1,0,0,0,0,1,1,0
06_018224.wav,validate,0,1,0,0,0,0,0,0
06_018226.wav,validate,0,0,0,0,0,0,1,0
06_018243.wav,validate,1,0,0,0,0,0,0,0
06_018253.wav,validate,0,0,0,0,0,0,1,0
06_018259.wav,validate,0,0,0,0,0,0,1,0
06_018260.wav,validate,0,0,0,0,0,0,1,0
06_018275.wav,validate,0,0,0,0,0,0,1,0
06_018279.wav,validate,0,0,0,0,0,0,0,0
06_018284.wav,validate,0,0,0,0,0,0,0,0
06_018310.wav,validate,0,0,0,0,0,0,0,0
06_018314.wav,validate,0,0,0,0,0,0,1,0
06_018329.wav,validate,0,0,0,0,0,0,1,0
06_018333.wav,validate,0,0,0,0,0,1,0,0
06_018339.wav,validate,0,0,0,0,0,0,0,0
06_018351.wav,validate,0,0,1,0,0,0,1,0
06_018360.wav,validate,0,0,0,0,0,0,1,0
06_018361.wav,validate,0,0,0,0,0,0,1,0
06_018377.wav,validate,0,0,0,0,1,0,0,0
06_018382.wav,validate,0,0,0,0,0,0,1,0
06_018391.wav,validate,0,0,0,0,0,0,1,0
06_018394.wav,validate,1,0,0,0,0,0,0,0
06_018396.wav,validate,0,0,0,0,1,0,0,0
06_018399.wav,validate,0,0,0,0,0,0,1,0
06_018404.wav,validate,1,0,0,0,1,0,1,0
06_018407.wav,validate,0,0,0,0,0,0,1,0
06_018414.wav,validate,0,0,0,0,0,0,1,0
06_018416.wav,validate,0,0,0,0,0,0,1,0
06_018424.wav,validate,0,0,0,0,0,1,0,0
06_018436.wav,validate,0,0,0,0,0,0,0,0
06_018444.wav,validate,0,0,0,0,0,0,1,0
06_018446.wav,validate,0,0,0,0,0,0,0,0
06_018459.wav,validate,0,0,0,0,1,0,1,0
06_018465.wav,validate,1,0,0,0,0,0,1,0
06_018467.wav,validate,0,0,0,0,1,0,0,0
06_018469.wav,validate,0,0,0,0,0,0,1,0
06_018471.wav,validate,1,0,0,0,0,0,0,0
06_018475.wav,validate,0,1,0,0,0,0,0,0
06_018482.wav,validate,0,0,0,0,1,0,1,0
06_018490.wav,validate,1,0,0,0,1,0,1,0
06_018506.wav,validate,0,0,0,0,0,0,1,0
06_018512.wav,validate,0,0,0,0,0,0,0,0
06_018535.wav,validate,0,0,0,0,0,0,0,0
06_018553.wav,validate,0,0,0,0,0,0,1,0
06_018554.wav,validate,0,0,0,0,0,1,1,0
06_018555.wav,validate,0,0,0,0,0,0,0,0
06_018583.wav,validate,1,0,0,0,0,0,1,0
06_018594.wav,validate,0,0,0,0,0,1,1,0
06_018614.wav,validate,0,0,0,0,0,0,1,0
06_018617.wav,validate,0,0,0,0,0,0,0,0
06_018618.wav,validate,0,0,0,0,0,0,0,0
06_018629.wav,validate,0,0,0,0,0,0,1,0
06_018650.wav,validate,0,0,0,0,0,0,1,0
06_018677.wav,validate,1,0,0,0,0,0,0,0
06_018682.wav,validate,0,0,0,0,0,0,1,0
06_018688.wav,validate,1,0,1,0,1,0,1,0
06_018696.wav,validate,0,0,0,0,0,0,1,0
06_018714.wav,validate,0,0,0,0,0,0,0,0
06_018723.wav,validate,0,0,0,0,0,0,0,0
06_018735.wav,validate,0,0,0,0,0,0,0,0
06_018742.wav,validate,0,0,0,0,0,0,0,0
06_018746.wav,validate,0,0,0,0,0,0,0,0
06_018756.wav,validate,0,0,0,0,0,0,1,0
06_018761.wav,validate,0,0,0,0,0,0,1,0
06_018762.wav,validate,0,0,0,0,1,0,0,0
06_018771.wav,validate,0,1,0,0,0,0,0,0
06_018772.wav,validate,0,0,0,0,1,0,0,0
06_018805.wav,validate,0,0,0,0,0,0,1,0
06_018825.wav,validate,0,0,0,0,0,0,0,0
06_018835.wav,validate,0,0,0,0,0,1,1,0
06_018837.wav,validate,1,0,0,0,0,0,1,0
06_018840.wav,validate,0,0,0,0,0,0,1,0
06_018843.wav,validate,0,0,0,0,0,0,1,0
06_018846.wav,validate,0,0,0,0,0,0,1,0
06_018857.wav,validate,1,0,0,0,0,0,0,0
06_018858.wav,validate,0,0,0,0,0,0,1,0
06_018871.wav,validate,0,0,0,0,1,0,1,0
06_018875.wav,validate,0,0,0,0,1,0,0,0
06_018890.wav,validate,1,0,0,0,0,0,1,0
06_018891.wav,validate,0,0,0,0,0,0,0,0
06_018897.wav,validate,0,0,0,0,0,0,0,0
06_018899.wav,validate,0,0,0,0,0,0,0,0
06_018909.wav,validate,0,0,0,0,0,0,0,0
06_018912.wav,validate,0,0,0,0,1,0,0,0
06_018920.wav,validate,0,0,0,0,0,0,0,0
06_018933.wav,validate,0,0,0,0,0,0,1,0
06_018935.wav,validate,1,0,0,0,0,0,1,0
06_018936.wav,validate,0,0,0,0,0,0,1,0
06_018945.wav,validate,0,0,0,0,0,0,0,0
06_018965.wav,validate,0,0,0,0,0,0,0,0
06_018976.wav,validate,0,0,0,0,0,0,1,0
06_018987.wav,validate,0,0,0,0,0,1,1,0
06_018988.wav,validate,0,0,0,0,0,0,0,0
06_018989.wav,validate,0,0,0,0,0,0,1,0
06_018991.wav,validate,0,0,0,0,0,0,0,0
06_019007.wav,validate,1,0,0,0,0,0,0,0
06_019016.wav,validate,0,0,0,0,0,1,0,0
06_019028.wav,validate,0,0,0,0,0,0,0,0
06_019029.wav,validate,0,0,0,0,0,0,1,1
06_019030.wav,validate,0,0,0,0,0,0,0,0
06_019058.wav,validate,0,0,0,0,1,0,1,0
06_019060.wav,validate,0,0,0,0,0,0,1,0
06_019062.wav,validate,0,0,0,0,1,0,1,0
06_019063.wav,validate,0,0,0,0,0,1,0,0
06_019064.wav,validate,0,0,0,0,0,0,1,0
06_019082.wav,validate,0,0,0,0,0,0,1,0
06_019091.wav,validate,0,0,0,0,0,0,1,0
06_019097.wav,validate,0,0,0,0,1,0,1,0
06_019121.wav,validate,0,0,0,0,0,0,0,0
06_019126.wav,validate,0,0,0,0,0,0,0,0
06_019130.wav,validate,0,0,0,0,0,1,1,0
06_019147.wav,validate,0,0,0,0,1,0,0,0
06_019170.wav,validate,1,0,0,0,0,0,0,0
06_019178.wav,validate,0,0,0,0,0,0,1,0
06_019179.wav,validate,0,0,0,0,0,0,1,0
06_019185.wav,validate,0,0,0,0,1,0,0,0
06_019188.wav,validate,0,0,0,0,0,0,1,0
06_019207.wav,validate,0,0,0,0,0,0,0,0
06_019208.wav,validate,0,0,1,0,0,0,0,0
06_019223.wav,validate,0,0,0,0,0,0,1,0
06_019233.wav,validate,0,0,0,0,0,0,1,0
06_019236.wav,validate,0,0,0,0,0,0,1,0
06_019240.wav,validate,0,0,0,0,0,0,1,0
06_019247.wav,validate,0,0,0,0,0,0,1,0
06_019248.wav,validate,0,0,0,0,0,0,1,0
06_019255.wav,validate,0,0,0,0,0,0,1,0
06_019260.wav,validate,0,0,1,0,0,0,1,0
06_019284.wav,validate,0,0,0,0,0,0,1,0
06_019301.wav,validate,0,0,0,0,1,0,1,0
06_019318.wav,validate,0,0,0,0,0,1,1,0
06_019334.wav,validate,0,0,0,0,0,0,0,0
06_019338.wav,validate,0,0,1,0,0,0,0,0
06_019339.wav,validate,0,0,0,0,0,1,1,0
06_019361.wav,validate,0,0,0,0,1,0,1,0
06_019371.wav,validate,0,0,0,0,0,0,1,0
06_019391.wav,validate,0,0,0,0,1,0,1,0
06_019393.wav,validate,1,0,0,0,0,0,1,0
06_019398.wav,validate,0,0,0,0,0,0,1,0
06_019409.wav,validate,0,0,0,0,0,0,1,0
06_019413.wav,validate,0,0,0,0,0,0,1,0
06_019414.wav,validate,1,0,0,0,1,0,1,0
06_019418.wav,validate,0,0,0,0,1,0,1,0
06_019433.wav,validate,0,0,0,0,0,0,1,0
06_019435.wav,validate,1,0,0,0,0,0,0,0
06_019471.wav,validate,0,0,0,0,0,1,0,0
06_019493.wav,validate,0,0,0,0,1,0,0,0
06_019517.wav,validate,0,0,0,0,1,0,1,0
06_019525.wav,validate,0,0,0,0,0,1,1,0
06_019533.wav,validate,1,0,0,0,0,0,1,0
06_019539.wav,validate,0,0,0,0,0,0,1,0
06_019555.wav,validate,0,0,0,0,1,0,1,0
06_019564.wav,validate,1,0,0,0,0,0,1,0
06_019565.wav,validate,1,0,0,0,0,1,0,0
06_019572.wav,validate,0,0,0,0,0,0,0,0
06_019597.wav,validate,0,0,0,0,0,1,1,0
06_019598.wav,validate,0,0,0,0,0,0,1,0
06_019601.wav,validate,0,0,0,0,0,0,1,0
06_019609.wav,validate,0,0,1,0,0,0,0,0
06_019617.wav,validate,1,0,0,0,0,0,0,0
06_019618.wav,validate,0,0,1,0,1,0,0,0
06_019619.wav,validate,0,0,0,0,0,0,1,0
06_019634.wav,validate,0,0,0,0,0,0,1,0
06_019644.wav,validate,0,1,0,0,0,0,0,0
06_019648.wav,validate,0,0,0,0,0,0,1,0
06_019670.wav,validate,0,0,0,0,0,0,1,0
06_019689.wav,validate,0,0,0,0,0,1,0,0
06_019690.wav,validate,0,0,0,0,0,0,1,0
06_019707.wav,validate,0,0,0,0,0,0,1,0
06_019710.wav,validate,0,0,0,0,0,0,1,0
06_019724.wav,validate,0,0,0,0,0,0,0,0
06_019751.wav,validate,0,0,1,0,0,0,0,0
06_019762.wav,validate,0,0,0,0,0,0,0,0
06_019763.wav,validate,0,0,0,0,0,1,1,0
06_019768.wav,validate,0,0,0,0,0,0,1,0
06_019773.wav,validate,0,0,0,0,1,0,1,0
06_019789.wav,validate,0,0,0,0,0,0,1,0
06_019797.wav,validate,0,0,0,0,0,0,1,0
06_019803.wav,validate,0,0,0,0,0,0,1,0
06_019804.wav,validate,1,0,0,0,1,0,1,0
06_019819.wav,validate,0,0,0,0,0,0,1,0
06_019830.wav,validate,0,0,0,0,0,0,1,0
06_019839.wav,validate,0,0,1,0,0,0,0,0
06_019849.wav,validate,1,0,0,0,0,0,1,0
06_019853.wav,validate,0,0,0,0,0,1,1,0
06_019854.wav,validate,0,0,0,0,0,0,1,0
06_019867.wav,validate,0,0,0,0,0,0,1,0
06_019876.wav,validate,0,0,0,0,0,1,1,0
06_019885.wav,validate,0,0,0,0,0,0,1,0
06_019895.wav,validate,0,0,1,0,0,0,1,0
06_019902.wav,validate,0,0,0,0,0,0,1,0
06_019911.wav,validate,0,0,0,0,0,0,1,0
06_019914.wav,validate,1,0,0,0,0,0,0,0
06_019918.wav,validate,0,0,0,0,0,0,1,0
06_019943.wav,validate,0,0,0,0,0,0,0,0
06_019952.wav,validate,0,0,1,0,0,0,1,0
06_019962.wav,validate,1,0,0,0,0,0,0,0
06_019967.wav,validate,0,0,0,0,0,0,1,0
06_019969.wav,validate,0,0,0,0,0,0,1,0
06_019997.wav,validate,0,0,0,0,0,0,0,0
06_019998.wav,validate,1,0,0,0,0,0,0,0
06_020008.wav,validate,0,0,0,0,0,1,1,0
06_020018.wav,validate,0,0,0,0,0,0,0,0
06_020021.wav,validate,0,0,0,0,1,0,0,0
06_020037.wav,validate,0,1,0,0,0,0,0,0
06_020073.wav,validate,0,0,0,0,1,0,0,0
06_020076.wav,validate,0,0,0,0,0,0,1,0
06_020078.wav,validate,0,0,0,0,0,0,1,0
06_020079.wav,validate,1,0,0,0,0,0,0,0
06_020083.wav,validate,0,0,0,0,0,0,1,0
06_020085.wav,validate,0,0,0,0,0,0,1,0
06_020089.wav,validate,1,0,0,0,0,0,0,0
06_020105.wav,validate,0,0,0,0,0,0,1,0
06_020160.wav,validate,0,0,0,0,0,0,0,0
06_020170.wav,validate,0,0,0,0,0,1,0,0
06_020175.wav,validate,1,0,0,0,1,0,0,0
06_020186.wav,validate,0,0,0,0,1,1,0,0
06_020199.wav,validate,0,0,0,0,0,1,0,0
06_020209.wav,validate,0,0,0,0,0,0,1,0
06_020213.wav,validate,1,0,0,0,0,0,1,0
06_020226.wav,validate,0,0,0,0,0,0,1,0
06_020229.wav,validate,0,0,0,0,0,0,1,0
06_020247.wav,validate,0,0,0,0,1,0,1,0
06_020266.wav,validate,1,0,0,0,0,0,0,0
06_020277.wav,validate,0,0,0,0,0,0,0,0
06_020353.wav,validate,0,0,0,0,1,0,1,0
06_020360.wav,validate,0,0,0,0,0,1,0,0
06_020367.wav,validate,0,0,0,0,0,0,0,0
06_020405.wav,validate,1,0,0,0,0,0,0,0
06_020418.wav,validate,0,0,0,0,0,0,1,0
06_020445.wav,validate,0,0,0,0,0,0,0,0
06_020497.wav,validate,0,0,0,0,0,0,1,0
06_020507.wav,validate,0,0,0,0,1,0,1,0
06_020513.wav,validate,0,0,0,0,0,0,1,0
06_020530.wav,validate,0,0,0,0,0,1,0,0
06_020536.wav,validate,0,0,0,0,1,1,0,0
06_020552.wav,validate,0,0,1,0,0,0,1,0
06_020600.wav,validate,0,1,0,0,0,0,0,0
06_020601.wav,validate,1,0,0,0,0,0,0,0
06_020612.wav,validate,0,0,0,0,0,0,0,0
06_020623.wav,validate,0,0,0,0,0,0,0,0
06_020624.wav,validate,0,0,0,0,1,1,1,0
06_020657.wav,validate,0,0,0,0,0,0,1,0
06_020668.wav,validate,0,0,0,0,0,1,0,0
06_020686.wav,validate,0,0,0,0,0,1,0,0
06_020692.wav,validate,0,0,0,0,1,0,1,0
06_020702.wav,validate,0,0,1,0,0,0,1,0
06_020743.wav,validate,1,0,0,0,0,0,0,0
06_020814.wav,validate,0,1,0,0,0,0,0,0
06_020834.wav,validate,0,0,0,0,0,0,0,0
06_020866.wav,validate,0,0,0,0,0,0,0,0
06_020880.wav,validate,0,0,0,0,1,0,1,0
06_020881.wav,validate,0,0,0,0,0,0,1,0
06_026923.wav,test,0,0,0,0,0,1,1,0
06_027167.wav,test,0,0,0,0,0,1,0,0
06_027322.wav,test,1,0,0,0,0,1,1,0
06_027404.wav,test,1,0,0,0,1,0,1,0
06_027533.wav,test,0,0,1,0,0,1,1,0
06_027545.wav,test,1,0,0,0,0,0,1,0
06_027563.wav,test,0,0,1,0,1,0,1,0
06_027581.wav,test,0,0,0,0,0,1,1,0
06_027653.wav,test,0,0,0,0,0,1,1,0
06_027676.wav,test,1,0,0,0,0,0,1,0
06_027844.wav,test,0,0,1,0,0,0,1,0
07_000016.wav,validate,0,0,0,0,0,0,0,0
07_000075.wav,validate,0,0,0,0,0,0,1,0
07_000092.wav,validate,0,0,0,0,1,0,0,0
07_000101.wav,validate,0,0,0,0,0,0,0,0
07_000145.wav,validate,1,0,0,0,0,0,1,0
07_000198.wav,validate,0,0,0,0,0,0,0,0
07_000293.wav,validate,0,0,0,1,0,0,0,0
07_000382.wav,validate,0,0,0,1,0,0,0,0
07_000421.wav,validate,0,0,0,0,0,0,1,0
07_000571.wav,validate,0,0,0,1,0,0,0,0
07_000822.wav,validate,0,0,0,0,0,0,1,0
07_000873.wav,validate,0,0,0,0,0,0,1,0
07_001016.wav,validate,1,0,1,0,1,0,0,0
07_001017.wav,validate,1,0,0,0,0,0,0,0
07_001184.wav,validate,0,0,0,0,0,0,1,0
07_001229.wav,validate,1,0,0,0,1,0,0,0
07_001232.wav,validate,1,0,1,0,0,0,0,0
07_001362.wav,validate,0,0,0,0,0,0,0,0
07_001363.wav,validate,0,0,0,0,0,0,1,0
07_001419.wav,validate,0,0,0,0,0,0,1,0
07_001459.wav,validate,1,0,0,0,0,0,0,0
07_001547.wav,validate,1,0,0,0,0,0,0,1
07_001751.wav,validate,0,0,1,0,0,0,0,0
07_001771.wav,validate,0,0,0,0,0,0,0,0
07_001803.wav,validate,1,0,0,0,0,0,0,0
07_001866.wav,validate,1,0,1,0,0,0,0,0
07_001912.wav,validate,1,0,1,0,0,0,0,0
07_002241.wav,validate,1,0,0,0,0,0,0,0
07_002307.wav,validate,1,0,1,1,0,0,0,0
07_002400.wav,validate,0,0,0,0,0,0,1,0
07_002554.wav,validate,0,0,0,0,0,0,0,0
07_002601.wav,validate,0,0,0,0,0,0,0,0
07_002802.wav,validate,0,0,0,0,0,0,0,0
07_003114.wav,validate,0,0,1,0,1,0,0,0
07_003125.wav,validate,0,0,0,0,0,0,0,0
07_003142.wav,validate,1,0,0,0,1,0,0,0
07_003271.wav,validate,0,0,0,0,0,0,0,0
07_003277.wav,validate,0,0,0,0,0,0,0,0
07_003280.wav,validate,0,0,0,0,0,0,0,0
07_003377.wav,validate,0,0,0,1,0,0,0,0
07_003380.wav,validate,0,0,0,0,1,0,0,0
07_003448.wav,validate,0,0,0,1,0,0,0,0
07_003468.wav,validate,0,0,0,0,0,0,0,0
07_003561.wav,validate,0,0,0,1,0,0,0,0
07_003578.wav,validate,0,0,0,0,1,0,0,0
07_003608.wav,validate,0,0,0,0,0,0,1,0
07_003626.wav,validate,0,0,0,0,0,0,1,0
07_003641.wav,validate,1,0,0,0,0,0,0,0
07_003707.wav,validate,0,0,0,0,1,0,0,0
07_003770.wav,validate,0,0,0,0,0,0,0,0
07_003854.wav,validate,1,0,0,0,0,0,0,0
07_003966.wav,validate,1,0,0,0,1,0,0,0
07_003979.wav,validate,0,0,0,0,0,0,0,0
07_004114.wav,validate,0,0,0,1,0,0,0,0
07_004193.wav,validate,0,0,0,0,0,0,0,0
07_004282.wav,validate,0,0,0,0,0,0,0,0
07_004483.wav,validate,0,0,0,0,0,0,0,0
07_004494.wav,validate,0,0,0,0,0,0,1,0
07_004498.wav,validate,0,0,0,0,0,0,0,0
07_004601.wav,validate,1,0,0,0,0,0,1,0
07_004605.wav,validate,1,0,0,0,0,0,0,0
07_004632.wav,validate,0,0,0,0,0,0,0,0
07_004634.wav,validate,0,0,0,0,1,0,0,0
07_004638.wav,validate,1,0,0,0,0,0,1,0
07_004687.wav,validate,0,0,0,0,1,0,0,0
07_004805.wav,validate,0,0,0,0,0,0,0,0
07_004838.wav,validate,0,0,0,0,0,0,0,0
07_004896.wav,validate,0,0,0,0,0,0,0,0
07_004935.wav,validate,0,0,0,0,0,0,0,0
07_004959.wav,validate,1,0,0,0,0,0,0,0
07_004960.wav,validate,0,0,0,0,0,0,0,0
07_004966.wav,validate,0,0,0,0,0,0,0,0
07_005072.wav,validate,0,0,0,0,0,0,1,0
07_005074.wav,validate,1,0,0,0,0,0,0,0
07_005089.wav,validate,1,0,0,0,0,0,0,0
07_005224.wav,validate,1,0,0,0,0,0,0,0
07_005275.wav,validate,0,0,0,0,0,0,0,0
07_005351.wav,validate,0,0,0,0,0,0,1,0
07_005363.wav,validate,0,0,0,0,0,0,0,0
07_005369.wav,validate,0,0,0,0,0,0,1,0
07_005389.wav,validate,0,0,0,0,1,0,0,0
07_005414.wav,validate,1,0,0,0,0,0,0,0
07_005449.wav,validate,0,0,0,0,0,0,0,0
07_005553.wav,validate,1,0,0,0,0,0,0,0
07_005554.wav,validate,0,0,0,0,1,0,0,0
07_005589.wav,validate,0,0,1,0,0,0,0,0
07_005592.wav,validate,1,0,0,0,0,0,0,0
07_005662.wav,validate,0,0,0,0,0,0,0,0
07_005688.wav,validate,0,0,0,0,0,0,0,0
07_005708.wav,validate,0,0,0,0,1,0,0,0
07_005737.wav,validate,0,0,0,0,0,0,0,0
07_005758.wav,validate,0,0,0,0,1,0,0,0
07_005867.wav,validate,0,0,0,0,0,0,0,0
07_005896.wav,validate,0,0,0,0,0,0,0,0
07_005901.wav,validate,1,0,0,0,0,1,0,0
07_006067.wav,validate,1,0,1,0,0,0,0,0
07_006087.wav,validate,0,0,0,0,0,0,0,0
07_006103.wav,validate,1,0,0,0,0,0,0,0
07_006316.wav,validate,0,0,0,0,0,0,0,0
07_006329.wav,validate,0,0,0,0,0,0,1,0
07_006364.wav,validate,1,0,0,0,0,0,0,0
07_006389.wav,validate,0,0,0,0,0,0,0,0
07_006505.wav,validate,1,0,0,0,1,0,0,0
07_006549.wav,validate,1,0,0,0,0,0,0,0
07_006567.wav,validate,0,0,0,0,0,0,1,0
07_006615.wav,validate,1,0,0,0,0,0,0,0
07_006646.wav,validate,0,0,0,0,1,0,0,0
07_006657.wav,validate,0,0,0,0,0,0,1,0
07_006694.wav,validate,0,0,0,0,0,0,1,0
07_006721.wav,validate,1,0,0,0,0,0,0,0
07_006747.wav,validate,0,0,0,0,0,0,0,0
07_006787.wav,validate,1,0,0,0,0,0,0,0
07_006866.wav,validate,1,0,0,0,0,0,0,0
07_006976.wav,validate,0,0,0,0,0,0,0,0
07_006980.wav,validate,0,0,0,0,0,0,0,0
07_007031.wav,validate,0,0,0,0,0,0,0,0
07_007032.wav,validate,1,0,0,0,0,0,0,0
07_007101.wav,validate,0,0,0,0,0,0,0,0
07_007149.wav,validate,1,0,0,0,0,0,0,0
07_007193.wav,validate,0,0,0,0,0,0,1,0
07_007208.wav,validate,0,0,0,1,0,0,0,0
07_007219.wav,validate,0,0,0,1,0,0,0,0
07_007228.wav,validate,0,0,0,0,0,0,1,0
07_007233.wav,validate,0,0,0,0,0,0,0,0
07_007272.wav,validate,0,0,0,0,0,0,0,0
07_007461.wav,validate,0,0,0,0,0,0,0,0
07_007468.wav,validate,0,1,0,1,0,0,0,0
07_007568.wav,validate,1,0,0,0,0,0,0,0
07_007576.wav,validate,0,0,0,0,0,0,0,0
07_007598.wav,validate,0,0,0,0,0,0,1,0
07_007610.wav,validate,0,0,0,0,0,0,0,0
07_007619.wav,validate,0,0,0,0,0,0,0,0
07_007659.wav,validate,1,0,0,0,1,0,0,0
07_007691.wav,validate,0,0,0,0,0,0,0,0
07_007701.wav,validate,0,0,0,0,0,0,0,0
07_007729.wav,validate,0,0,0,0,0,0,1,0
07_007814.wav,validate,0,0,0,0,0,0,0,0
07_007829.wav,validate,0,0,0,0,0,0,0,0
07_007853.wav,validate,0,1,0,0,0,0,0,0
07_007867.wav,validate,1,0,0,0,0,0,0,0
07_007906.wav,validate,0,0,0,0,0,0,0,0
07_008122.wav,validate,0,0,0,0,0,0,0,0
07_008455.wav,validate,0,0,0,0,0,0,1,0
07_008494.wav,validate,0,0,0,0,0,0,0,0
07_008772.wav,validate,0,0,0,0,1,0,0,0
07_008788.wav,validate,0,0,0,0,0,0,0,0
07_008875.wav,validate,1,0,0,0,0,0,0,0
07_008926.wav,validate,1,0,0,0,0,0,0,0
07_008976.wav,validate,0,0,0,0,0,0,0,0
07_009054.wav,validate,0,0,0,0,0,0,0,0
07_009078.wav,validate,0,0,0,0,0,0,1,0
07_009104.wav,validate,0,0,0,1,0,0,0,0
07_009117.wav,validate,0,0,0,0,0,0,1,0
07_009123.wav,validate,0,0,0,0,1,0,0,0
07_009127.wav,validate,0,0,0,0,1,0,0,0
07_009137.wav,validate,0,0,0,0,0,0,1,0
07_009174.wav,validate,0,0,0,0,0,0,1,0
07_009194.wav,validate,1,0,0,0,1,0,0,0
07_009401.wav,validate,0,0,0,0,0,0,0,0
07_009426.wav,validate,0,0,0,0,0,0,0,0
07_009499.wav,validate,0,0,0,0,0,0,0,0
07_009513.wav,validate,0,0,0,0,0,0,0,0
07_009563.wav,validate,0,0,0,0,0,0,0,1
07_009657.wav,validate,1,0,0,0,0,0,0,0
07_009663.wav,validate,1,0,0,0,0,0,0,0
07_009665.wav,validate,0,0,0,0,0,0,0,0
07_009669.wav,validate,0,0,0,0,0,0,1,0
07_009673.wav,validate,1,0,0,0,0,0,0,0
07_009729.wav,validate,0,0,0,0,0,0,1,0
07_009782.wav,validate,0,0,0,0,0,0,1,0
07_009806.wav,validate,0,0,0,0,1,0,0,0
07_009871.wav,validate,1,0,0,0,0,0,0,0
07_009987.wav,validate,0,0,0,0,0,0,0,0
07_010037.wav,validate,0,0,0,0,1,0,0,0
07_010123.wav,validate,0,0,0,0,0,0,0,0
07_010176.wav,validate,1,0,0,0,1,0,1,0
07_010224.wav,validate,0,0,0,0,1,0,0,0
07_010238.wav,validate,1,0,0,0,0,0,0,0
07_010273.wav,validate,0,0,0,0,0,0,0,0
07_010344.wav,validate,1,0,0,0,0,0,1,0
07_010467.wav,validate,1,0,0,0,0,0,0,0
07_010475.wav,validate,1,0,0,0,0,0,1,0
07_010543.wav,validate,0,0,0,0,1,0,0,0
07_010589.wav,validate,1,0,0,0,0,0,0,0
07_010655.wav,validate,1,0,0,0,0,0,1,0
07_010684.wav,validate,0,0,0,0,0,0,0,0
07_010728.wav,validate,0,0,0,0,1,0,0,0
07_010805.wav,validate,0,0,0,0,1,0,0,0
07_010855.wav,validate,0,0,0,0,0,0,1,0
07_010923.wav,validate,0,0,0,0,0,0,0,0
07_010975.wav,validate,0,0,0,0,0,0,0,0
07_011056.wav,validate,0,0,0,0,0,0,0,0
07_011120.wav,validate,0,0,0,0,0,0,0,0
07_011184.wav,validate,1,0,0,0,0,0,0,0
07_011190.wav,validate,0,0,0,0,0,0,0,0
07_011320.wav,validate,0,0,0,0,1,0,0,0
07_011327.wav,validate,0,0,0,0,1,0,1,0
07_011444.wav,validate,0,0,0,0,0,0,1,0
07_011559.wav,validate,0,0,0,0,0,0,0,0
07_011574.wav,validate,1,0,0,0,0,0,0,0
07_011655.wav,validate,0,0,0,0,0,0,1,0
07_011869.wav,validate,0,0,0,0,0,0,1,0
07_011894.wav,validate,0,1,0,0,0,0,0,0
07_011982.wav,validate,0,0,0,0,0,0,1,0
07_012274.wav,validate,0,0,0,0,0,0,1,0
07_012308.wav,validate,0,0,0,0,0,0,0,0
07_012423.wav,validate,1,0,0,0,0,0,0,0
07_012455.wav,validate,0,0,0,1,0,0,0,0
07_012699.wav,validate,0,0,0,0,0,0,1,0
07_012874.wav,validate,0,0,0,0,1,0,1,0
07_013018.wav,validate,1,0,0,0,0,0,0,0
07_013059.wav,validate,0,0,0,0,0,0,0,0
07_013173.wav,validate,1,0,0,0,0,0,0,0
07_013191.wav,validate,0,0,0,0,0,0,0,0
07_013197.wav,validate,0,0,0,0,0,0,0,0
07_013297.wav,validate,0,0,0,0,0,0,0,0
07_013305.wav,validate,0,0,0,0,0,0,0,0
07_013326.wav,validate,0,0,0,0,0,0,0,0
07_013358.wav,validate,0,0,0,0,0,0,0,0
07_013368.wav,validate,0,0,0,0,0,0,0,0
07_013389.wav,validate,0,0,0,0,0,0,0,0
07_013390.wav,validate,0,0,0,0,0,0,0,0
07_013436.wav,validate,0,0,0,0,0,0,0,0
07_013564.wav,validate,0,0,0,0,0,0,1,0
07_013598.wav,validate,0,0,0,0,0,0,1,0
07_016289.wav,validate,1,0,0,0,0,0,0,0
07_016299.wav,validate,0,0,0,0,0,0,0,0
07_016333.wav,validate,0,0,0,0,1,0,0,0
07_016365.wav,validate,0,0,0,0,1,0,0,0
07_016373.wav,validate,0,0,0,0,0,0,0,0
07_016440.wav,validate,0,0,0,1,0,0,0,0
07_016498.wav,validate,0,0,0,0,1,0,0,0
07_016571.wav,validate,1,0,0,0,1,0,0,0
07_016606.wav,validate,0,0,1,0,0,0,0,0
07_016632.wav,validate,0,0,0,0,0,1,0,0
07_016691.wav,validate,1,0,0,0,0,0,0,0
07_016805.wav,validate,0,0,0,0,1,0,0,0
07_016825.wav,validate,0,0,0,0,0,0,0,0
07_016839.wav,validate,1,0,0,0,0,0,0,0
07_016906.wav,validate,0,0,0,0,1,0,0,0
07_016920.wav,validate,0,0,0,0,0,0,0,0
07_016940.wav,validate,0,0,0,0,0,0,0,0
07_016999.wav,validate,0,0,0,0,1,0,0,0
07_017005.wav,validate,1,0,0,0,0,0,0,0
07_017008.wav,validate,0,0,0,0,0,0,0,0
07_017036.wav,validate,0,0,0,0,1,0,0,0
07_017043.wav,validate,0,0,0,0,0,0,0,0
07_017082.wav,validate,1,0,0,0,0,0,0,0
07_017091.wav,validate,1,0,0,0,1,0,0,0
07_017094.wav,validate,1,0,0,0,1,0,0,0
07_017143.wav,validate,1,0,0,0,0,0,1,0
07_017201.wav,validate,0,1,0,0,0,0,0,0
07_017311.wav,validate,1,0,0,0,0,0,0,0
07_017347.wav,validate,0,0,0,1,0,0,0,0
07_017361.wav,validate,0,0,0,0,1,0,0,0
07_017378.wav,validate,0,0,0,0,0,0,0,0
07_017386.wav,validate,1,0,0,0,0,0,0,0
07_017424.wav,validate,1,0,0,0,0,0,0,0
07_017634.wav,validate,1,0,0,0,1,0,0,0
07_017714.wav,validate,0,0,0,0,1,0,0,0
07_017716.wav,validate,0,0,0,0,0,0,0,0
07_017795.wav,validate,0,0,0,0,1,0,0,0
07_017801.wav,validate,0,0,0,0,0,0,0,0
07_017839.wav,validate,1,0,0,0,0,0,0,0
07_017892.wav,validate,1,0,0,0,0,0,0,0
07_017901.wav,validate,1,0,0,0,0,0,1,0
07_017963.wav,validate,0,0,0,0,0,0,0,0
07_018054.wav,validate,0,0,0,0,0,0,0,0
07_018188.wav,validate,0,0,0,0,0,0,0,0
07_018307.wav,validate,0,0,0,0,0,0,0,0
07_018317.wav,validate,0,0,0,0,1,0,0,0
07_018319.wav,validate,1,0,0,0,0,0,0,0
07_018330.wav,validate,1,0,0,0,0,0,0,0
07_018370.wav,validate,1,0,0,0,0,0,0,0
07_018376.wav,validate,0,0,0,0,0,0,0,0
07_018410.wav,validate,0,0,0,0,1,0,0,0
07_018532.wav,validate,0,0,0,0,0,0,0,0
07_018621.wav,validate,0,0,0,0,0,0,1,0
07_018715.wav,validate,0,0,0,0,0,0,1,0
07_018782.wav,validate,0,0,0,0,0,0,0,0
07_018913.wav,validate,0,0,0,0,0,1,0,0
07_019000.wav,validate,0,0,0,0,1,0,0,0
07_019065.wav,validate,0,0,0,0,0,0,1,0
07_019206.wav,validate,0,0,0,0,0,0,1,0
07_019237.wav,validate,0,0,0,0,0,0,0,0
07_019341.wav,validate,0,0,0,0,0,0,0,0
07_019550.wav,validate,1,0,0,0,0,0,0,0
07_019753.wav,validate,0,0,0,0,1,0,0,0
07_019824.wav,validate,1,0,0,0,0,0,0,0
07_019829.wav,validate,1,0,0,1,0,0,0,0
07_019852.wav,validate,0,0,1,0,0,0,0,0
07_019903.wav,validate,0,0,0,0,0,0,0,0
07_019937.wav,validate,0,0,0,0,0,0,0,0
07_020023.wav,validate,0,0,0,0,0,0,0,0
07_020047.wav,validate,1,0,0,0,0,0,0,0
07_020062.wav,validate,1,0,0,0,0,0,0,0
07_020164.wav,validate,1,0,0,0,0,0,0,0
07_020172.wav,validate,1,0,0,0,0,0,0,0
07_020188.wav,validate,1,0,0,0,0,0,0,0
07_020230.wav,validate,0,0,1,0,0,0,1,0
07_020281.wav,validate,0,0,0,0,0,0,0,0
07_020284.wav,validate,0,0,0,0,1,0,0,0
07_020297.wav,validate,0,0,0,1,0,0,0,0
07_020395.wav,validate,0,0,0,0,1,0,0,0
07_020433.wav,validate,0,0,0,0,0,0,0,0
07_020481.wav,validate,0,0,0,0,1,0,0,0
07_020504.wav,validate,0,0,0,0,1,0,0,0
07_020516.wav,validate,0,0,0,0,0,0,0,0
07_020554.wav,validate,0,0,0,0,1,0,1,0
07_020568.wav,validate,0,0,0,0,0,0,0,0
07_020575.wav,validate,0,0,0,1,0,0,0,0
07_020653.wav,validate,1,0,0,0,0,0,0,0
07_020669.wav,validate,0,0,0,0,0,1,0,0
07_020740.wav,validate,0,0,0,0,0,0,1,0
07_020869.wav,validate,0,0,0,0,0,0,0,0
07_026897.wav,test,0,0,0,0,0,0,0,0
07_026948.wav,test,0,0,0,0,1,1,0,0
07_027015.wav,test,0,0,0,0,0,0,0,0
07_027027.wav,test,0,0,0,0,0,0,0,0
07_027068.wav,test,0,0,0,0,0,0,0,0
07_027150.wav,test,0,0,0,0,0,0,1,0
07_027242.wav,test,0,0,0,0,0,0,0,0
07_027320.wav,test,0,0,1,0,0,0,0,0
07_027365.wav,test,1,0,0,0,1,0,0,0
07_027402.wav,test,0,0,1,0,0,0,0,0
07_027499.wav,test,0,0,0,0,0,0,0,0
07_027523.wav,test,1,1,0,0,0,0,0,0
07_027549.wav,test,0,0,0,0,0,0,0,0
07_027602.wav,test,1,0,1,0,0,0,0,0
07_027607.wav,test,0,0,0,0,0,0,0,0
07_027714.wav,test,1,0,0,0,1,0,0,0
07_027726.wav,test,0,0,0,0,1,0,0,0
07_027871.wav,test,0,0,0,0,0,0,0,0
08_000242.wav,train,0,0,0,0,0,0,1,0
08_000351.wav,train,0,0,0,0,0,0,1,0
08_000561.wav,train,0,0,0,0,0,0,0,0
08_000648.wav,train,0,0,0,0,0,0,0,0
08_000919.wav,train,1,0,0,0,1,0,0,0
08_000947.wav,train,0,0,0,0,1,0,0,0
08_001007.wav,train,1,0,0,0,0,0,0,0
08_001033.wav,train,0,0,0,0,0,0,0,0
08_001117.wav,train,1,0,0,0,0,0,0,0
08_001293.wav,train,0,0,0,0,1,0,0,0
08_001723.wav,train,0,0,0,0,1,0,0,0
08_001735.wav,train,0,0,0,0,0,0,0,0
08_002306.wav,train,0,0,0,0,0,0,1,0
08_002542.wav,train,0,0,0,0,0,0,0,0
08_002651.wav,train,0,0,0,0,0,0,0,0
08_002662.wav,train,0,0,0,0,0,0,1,0
08_002669.wav,train,0,0,0,0,0,0,0,0
08_002791.wav,train,0,0,0,0,0,0,1,0
08_002839.wav,train,0,0,0,0,1,0,0,0
08_003028.wav,train,0,0,0,0,0,0,0,0
08_003134.wav,train,0,0,0,0,0,0,1,0
08_003165.wav,train,0,0,0,0,0,0,1,0
08_003391.wav,train,0,0,0,0,0,0,1,0
08_004010.wav,train,0,0,0,0,0,0,0,0
08_004148.wav,train,0,0,0,0,0,0,0,0
08_004207.wav,train,0,0,0,0,0,0,0,0
08_004388.wav,train,1,0,0,0,0,0,0,0
08_005162.wav,train,1,0,0,0,0,0,0,0
08_005265.wav,train,0,0,0,0,0,0,0,0
08_005293.wav,train,1,0,0,0,0,0,0,0
08_005364.wav,train,1,0,0,0,0,0,1,0
08_005386.wav,train,1,0,0,0,1,0,0,0
08_005431.wav,train,1,0,0,0,0,0,0,0
08_005459.wav,train,0,0,0,0,0,0,0,0
08_005664.wav,train,0,0,0,0,0,0,0,0
08_005799.wav,train,0,0,0,0,0,0,1,1
08_005888.wav,train,0,0,0,0,0,0,0,0
08_005900.wav,train,0,0,0,0,0,0,1,0
08_006018.wav,train,0,0,0,0,0,0,0,0
08_006066.wav,train,0,0,0,0,0,0,0,0
08_006079.wav,train,1,0,0,0,0,0,1,0
08_006390.wav,train,0,0,0,0,0,0,0,0
08_006944.wav,train,0,0,0,0,0,0,0,0
08_006970.wav,train,0,0,0,0,0,0,1,0
08_006992.wav,train,0,0,0,0,1,0,0,0
08_007129.wav,train,1,0,0,0,0,0,0,0
08_007294.wav,train,0,0,0,0,0,0,1,0
08_007538.wav,train,0,0,0,0,0,0,1,0
08_008205.wav,train,0,0,0,0,0,0,1,0
08_008267.wav,train,0,0,0,0,0,0,0,0
08_008379.wav,train,1,0,0,0,0,0,0,0
08_008389.wav,train,0,0,0,0,0,0,0,0
08_008441.wav,train,0,0,0,1,0,0,0,0
08_008489.wav,train,1,0,0,0,0,0,0,0
08_008635.wav,train,0,0,0,0,0,0,1,0
08_008877.wav,train,0,0,0,0,1,0,0,0
08_008880.wav,train,0,0,0,0,0,0,0,0
08_009095.wav,train,0,0,0,0,0,0,1,0
08_016460.wav,train,0,0,0,0,1,0,0,0
08_016985.wav,train,1,0,0,0,0,0,0,0
08_017062.wav,train,1,0,0,0,0,0,0,0
08_017277.wav,train,0,0,0,0,0,0,0,0
08_017512.wav,train,0,0,0,0,1,0,1,0
08_017618.wav,train,0,0,0,0,0,0,1,0
08_017734.wav,train,1,0,0,0,0,0,0,0
08_017779.wav,train,0,0,0,0,0,0,0,0
08_017880.wav,train,0,0,0,0,1,0,0,0
08_017929.wav,train,0,0,0,0,0,0,0,0
08_018048.wav,train,1,0,0,0,0,0,0,0
08_018065.wav,train,0,1,0,0,0,0,1,0
08_018201.wav,train,0,0,0,0,0,0,0,0
08_018205.wav,train,0,0,0,0,0,0,1,0
08_018646.wav,train,0,0,0,0,0,0,1,0
08_018733.wav,train,0,0,0,0,0,0,0,0
08_018801.wav,train,0,0,0,0,0,0,0,0
08_019201.wav,train,0,0,0,0,0,0,1,0
08_019243.wav,train,0,0,0,0,0,0,0,0
08_019461.wav,train,0,0,0,0,1,0,0,0
08_020214.wav,train,0,0,0,0,0,0,0,0
08_020275.wav,train,0,0,0,0,1,0,0,0
08_020390.wav,train,0,0,0,0,0,0,0,0
08_020512.wav,train,0,0,0,0,1,0,0,0
08_020571.wav,train,0,0,0,0,0,0,0,0
08_020619.wav,train,0,0,0,0,1,0,0,0
08_020745.wav,train,0,0,0,0,0,0,0,0
08_020890.wav,train,0,0,0,0,0,0,0,0
09_000318.wav,validate,0,0,0,0,1,0,1,0
09_000408.wav,validate,0,0,0,1,0,0,0,0
09_000516.wav,validate,0,0,1,0,0,0,0,0
09_000607.wav,validate,1,0,0,0,0,0,0,0
09_000737.wav,validate,0,0,1,1,0,0,1,0
09_000839.wav,validate,0,0,0,0,0,0,1,0
09_000846.wav,validate,0,0,0,0,0,0,1,0
09_000956.wav,validate,0,0,0,0,0,0,1,0
09_001284.wav,validate,0,0,0,0,0,0,1,0
09_001294.wav,validate,0,1,0,0,0,0,0,0
09_001321.wav,validate,0,1,0,0,0,0,0,0
09_001706.wav,validate,0,0,0,0,1,0,0,0
09_002008.wav,validate,0,0,0,0,0,0,0,0
09_002040.wav,validate,1,1,0,0,0,0,1,0
09_002238.wav,validate,0,1,0,0,0,0,1,0
09_002348.wav,validate,0,1,0,0,0,0,0,0
09_002715.wav,validate,0,0,0,1,0,0,0,0
09_002861.wav,validate,0,0,0,0,0,0,1,0
09_002918.wav,validate,0,0,0,0,0,0,1,0
09_003032.wav,validate,0,1,0,0,0,0,0,0
09_003060.wav,validate,0,0,0,1,0,0,0,0
09_003163.wav,validate,0,0,0,1,0,0,0,0
09_003203.wav,validate,0,0,0,0,0,0,0,0
09_003411.wav,validate,0,1,0,0,0,0,0,0
09_003423.wav,validate,0,0,0,0,0,0,1,0
09_003571.wav,validate,1,0,0,0,0,0,0,0
09_003766.wav,validate,0,0,0,0,0,0,1,0
09_003816.wav,validate,0,0,0,0,0,0,1,0
09_003859.wav,validate,0,1,0,0,0,0,0,0
09_004007.wav,validate,0,0,0,0,0,0,0,0
09_004257.wav,validate,0,0,0,0,0,0,1,0
09_004368.wav,validate,0,0,0,0,0,0,0,0
09_004451.wav,validate,0,1,0,0,0,0,0,0
09_004484.wav,validate,0,0,0,0,0,0,0,0
09_004557.wav,validate,0,0,0,0,0,0,0,0
09_004708.wav,validate,0,1,0,0,0,0,0,0
09_004731.wav,validate,0,0,0,1,0,0,0,0
09_004752.wav,validate,0,0,0,0,0,0,1,0
09_004933.wav,validate,1,0,0,0,0,0,0,0
09_004948.wav,validate,0,0,0,0,0,0,1,0
09_005034.wav,validate,0,1,0,0,0,0,0,0
09_005053.wav,validate,1,0,0,0,0,0,0,0
09_005148.wav,validate,0,0,0,1,0,0,0,0
09_005290.wav,validate,0,0,0,0,0,0,0,0
09_005384.wav,validate,1,0,0,0,1,0,0,0
09_005526.wav,validate,0,0,0,0,0,0,0,0
09_005567.wav,validate,0,1,0,1,0,0,0,0
09_005609.wav,validate,0,0,0,0,0,0,0,0
09_005639.wav,validate,1,0,0,0,0,0,1,0
09_005834.wav,validate,0,0,0,0,0,0,1,0
09_005840.wav,validate,0,0,0,0,0,0,1,0
09_005861.wav,validate,0,0,0,0,0,0,1,0
09_005886.wav,validate,0,0,0,0,0,0,1,1
09_005921.wav,validate,0,0,0,0,0,0,1,0
09_005930.wav,validate,0,0,0,0,0,0,1,0
09_005950.wav,validate,0,1,0,0,0,0,0,0
09_006016.wav,validate,0,0,0,0,0,0,0,0
09_006086.wav,validate,0,0,0,0,0,0,0,0
09_006108.wav,validate,0,0,0,0,0,0,1,0
09_006147.wav,validate,0,0,0,1,0,0,1,0
09_006177.wav,validate,0,0,0,0,0,0,1,0
09_006204.wav,validate,0,0,0,0,0,0,1,0
09_006268.wav,validate,0,1,0,0,0,0,0,0
09_006504.wav,validate,0,0,0,0,0,0,0,0
09_006680.wav,validate,0,0,0,0,0,0,0,0
09_006878.wav,validate,1,0,0,0,0,0,0,0
09_006906.wav,validate,0,0,0,0,0,0,0,0
09_006915.wav,validate,0,0,0,0,0,0,0,0
09_007010.wav,validate,1,0,0,0,0,0,0,0
09_007083.wav,validate,0,1,0,0,0,0,0,0
09_007089.wav,validate,0,0,0,0,0,0,0,0
09_007151.wav,validate,0,0,0,0,0,0,0,0
09_007716.wav,validate,1,0,0,0,0,0,0,0
09_007726.wav,validate,0,0,0,0,0,0,0,0
09_007902.wav,validate,1,0,0,0,0,0,0,0
09_007929.wav,validate,0,0,0,0,0,0,1,0
09_008016.wav,validate,0,0,0,0,0,0,0,0
09_008033.wav,validate,0,0,1,0,0,0,0,0
09_008208.wav,validate,0,1,0,0,0,0,0,0
09_008266.wav,validate,0,0,0,0,0,0,1,0
09_008285.wav,validate,0,0,0,0,0,0,1,0
09_008307.wav,validate,0,0,0,0,0,0,0,0
09_008530.wav,validate,0,0,0,0,0,0,1,0
09_008615.wav,validate,1,0,0,0,0,0,0,0
09_008818.wav,validate,0,0,0,0,0,0,0,0
09_008832.wav,validate,0,0,0,0,0,0,0,0
09_008903.wav,validate,0,0,0,1,0,0,0,0
09_008961.wav,validate,0,0,0,0,0,0,0,0
09_008993.wav,validate,0,0,1,0,0,0,1,0
09_009024.wav,validate,0,0,0,0,0,0,1,0
09_009145.wav,validate,0,0,0,0,0,0,1,0
09_009149.wav,validate,1,0,0,0,0,0,0,0
09_009203.wav,validate,1,0,0,0,0,0,0,0
09_009232.wav,validate,0,0,0,0,0,0,0,0
09_009234.wav,validate,1,0,0,0,0,0,0,0
09_009387.wav,validate,0,0,0,0,0,0,1,0
09_009438.wav,validate,0,0,0,0,0,0,1,0
09_009452.wav,validate,1,0,0,0,0,0,0,0
09_009468.wav,validate,0,0,0,0,0,0,1,0
09_009471.wav,validate,0,0,0,0,0,0,0,0
09_009506.wav,validate,1,0,0,0,0,0,0,0
09_009514.wav,validate,1,0,0,0,0,0,0,0
09_009536.wav,validate,0,0,0,0,1,0,0,0
09_009541.wav,validate,0,0,0,0,0,0,0,0
09_009575.wav,validate,0,0,0,1,0,0,0,0
09_009611.wav,validate,1,0,0,0,0,0,0,0
09_009866.wav,validate,0,0,0,0,0,0,0,0
09_009913.wav,validate,0,0,0,0,0,0,1,0
09_009920.wav,validate,1,0,0,0,0,0,0,0
09_009958.wav,validate,0,0,0,0,0,0,0,0
09_009971.wav,validate,0,0,0,0,0,0,0,0
09_010048.wav,validate,1,0,0,0,0,0,0,0
09_010068.wav,validate,0,0,0,0,0,0,1,0
09_010115.wav,validate,0,0,0,0,0,0,1,0
09_010138.wav,validate,0,0,0,0,0,0,0,0
09_010156.wav,validate,0,0,0,0,0,0,1,0
09_010214.wav,validate,0,0,0,0,0,0,1,0
09_010256.wav,validate,1,0,0,0,0,0,0,0
09_010359.wav,validate,1,0,0,0,0,0,0,0
09_010367.wav,validate,0,0,0,0,0,0,1,0
09_010384.wav,validate,0,0,0,0,1,1,1,0
09_010389.wav,validate,0,0,0,0,1,0,1,0
09_010396.wav,validate,1,0,0,0,0,0,0,0
09_010398.wav,validate,1,0,0,0,0,0,0,0
09_010423.wav,validate,1,0,0,0,0,0,1,0
09_010469.wav,validate,1,0,0,0,0,1,1,0
09_010488.wav,validate,0,0,0,0,1,0,1,0
09_010499.wav,validate,0,1,0,0,0,0,0,0
09_010507.wav,validate,0,0,0,0,0,0,1,0
09_010643.wav,validate,0,0,0,0,0,0,1,0
09_010752.wav,validate,0,0,0,1,0,0,0,0
09_010823.wav,validate,0,0,0,0,0,0,0,0
09_010895.wav,validate,0,0,0,0,0,0,1,0
09_010952.wav,validate,1,0,0,0,0,0,0,0
09_010955.wav,validate,1,0,0,0,0,0,0,0
09_011055.wav,validate,0,0,0,0,0,0,1,0
09_011069.wav,validate,0,0,0,0,0,0,1,0
09_011070.wav,validate,0,0,0,0,0,0,1,0
09_011102.wav,validate,0,0,0,0,1,0,1,0
09_011196.wav,validate,0,0,0,0,0,0,0,0
09_011220.wav,validate,1,0,0,0,0,0,0,0
09_011234.wav,validate,0,0,0,0,0,0,0,0
09_011240.wav,validate,0,0,0,0,0,0,0,0
09_011248.wav,validate,0,0,0,0,0,0,0,0
09_011413.wav,validate,0,0,0,0,0,0,1,0
09_011456.wav,validate,0,0,0,0,0,0,1,0
09_011461.wav,validate,1,0,0,0,1,0,0,0
09_011490.wav,validate,1,0,0,0,0,0,0,0
09_011497.wav,validate,0,0,0,0,0,0,1,0
09_011535.wav,validate,0,0,0,0,0,0,1,0
09_011545.wav,validate,1,0,0,0,0,0,1,0
09_011552.wav,validate,1,0,0,0,1,0,0,0
09_011594.wav,validate,0,0,0,0,0,0,1,0
09_011605.wav,validate,1,0,0,0,0,0,0,0
09_011611.wav,validate,0,0,0,0,0,0,1,0
09_011651.wav,validate,1,1,0,0,0,0,0,0
09_011652.wav,validate,1,0,0,0,0,0,0,0
09_011783.wav,validate,0,0,0,0,0,0,1,0
09_011791.wav,validate,0,0,0,0,0,0,0,0
09_011826.wav,validate,0,0,0,0,1,0,1,0
09_011966.wav,validate,0,0,0,0,0,0,1,0
09_011992.wav,validate,0,0,0,0,0,0,0,0
09_012009.wav,validate,0,0,0,0,0,0,0,0
09_012015.wav,validate,1,0,0,0,0,0,0,0
09_012088.wav,validate,0,0,0,0,0,0,0,0
09_012112.wav,validate,0,0,0,0,0,0,0,0
09_012148.wav,validate,1,0,0,0,0,0,0,0
09_012186.wav,validate,0,0,0,0,0,0,0,0
09_012209.wav,validate,1,0,0,0,0,0,0,0
09_012421.wav,validate,0,0,0,0,0,0,0,0
09_012515.wav,validate,0,0,0,0,0,0,1,0
09_012557.wav,validate,0,0,0,0,0,0,0,0
09_012580.wav,validate,0,0,0,0,0,0,0,0
09_012603.wav,validate,0,0,0,0,0,0,1,0
09_012660.wav,validate,0,0,0,0,0,0,0,0
09_012718.wav,validate,0,1,0,0,0,0,0,0
09_012792.wav,validate,0,0,0,0,0,0,0,0
09_012896.wav,validate,0,0,0,0,0,0,0,0
09_012919.wav,validate,0,0,0,0,0,0,0,0
09_013003.wav,validate,0,0,0,0,0,0,0,0
09_013020.wav,validate,1,0,0,0,0,0,0,0
09_013025.wav,validate,1,0,0,0,0,0,0,0
09_013087.wav,validate,1,0,0,0,0,0,0,0
09_013111.wav,validate,0,0,0,0,0,0,1,0
09_013143.wav,validate,0,0,0,0,0,0,0,0
09_013196.wav,validate,0,0,0,0,0,0,0,0
09_013221.wav,validate,0,0,0,0,0,0,0,0
09_013261.wav,validate,0,0,0,0,1,0,0,0
09_013263.wav,validate,1,0,0,0,0,0,0,0
09_013321.wav,validate,0,0,0,0,0,0,0,0
09_013385.wav,validate,1,0,0,0,0,0,0,0
09_013426.wav,validate,0,0,0,0,0,0,0,0
09_013443.wav,validate,0,0,0,0,0,0,0,0
09_013461.wav,validate,0,0,0,0,0,0,1,0
09_013498.wav,validate,0,0,0,0,0,0,0,0
09_013501.wav,validate,0,0,0,0,0,0,0,0
09_013531.wav,validate,1,0,0,0,0,0,0,0
09_013576.wav,validate,0,0,0,0,0,0,1,0
09_013581.wav,validate,0,0,0,0,0,0,0,0
09_013604.wav,validate,0,0,0,0,1,0,0,0
09_013609.wav,validate,0,0,0,0,1,0,0,0
09_013706.wav,validate,0,0,0,0,0,0,1,0
09_016427.wav,validate,0,0,0,0,1,0,0,0
09_016608.wav,validate,0,0,0,1,0,0,0,0
09_016618.wav,validate,0,0,0,0,0,0,1,0
09_016638.wav,validate,0,0,0,0,0,0,1,0
09_016677.wav,validate,0,0,0,0,0,0,0,0
09_016882.wav,validate,0,0,0,0,1,0,1,0
09_016934.wav,validate,0,0,0,0,0,0,0,0
09_016942.wav,validate,0,1,0,0,0,0,0,0
09_017137.wav,validate,0,0,0,0,0,0,0,0
09_017376.wav,validate,0,0,0,1,0,0,0,0
09_017516.wav,validate,0,0,0,0,0,0,0,0
09_017655.wav,validate,0,0,0,0,0,0,1,0
09_017866.wav,validate,0,0,0,0,0,0,0,0
09_017958.wav,validate,0,0,0,0,0,0,0,0
09_018013.wav,validate,0,1,0,0,0,0,0,0
09_018293.wav,validate,1,0,0,0,1,0,0,0
09_018523.wav,validate,0,0,0,1,0,0,0,0
09_018556.wav,validate,0,0,0,0,0,0,0,0
09_018668.wav,validate,1,0,0,0,0,0,0,0
09_018770.wav,validate,0,0,0,1,0,0,0,0
09_018905.wav,validate,1,0,0,0,0,0,0,0
09_018944.wav,validate,0,0,0,0,0,0,0,0
09_019034.wav,validate,0,0,0,0,0,0,0,0
09_019047.wav,validate,0,0,0,0,0,0,0,0
09_019190.wav,validate,1,0,0,0,1,0,0,0
09_019211.wav,validate,1,0,0,0,0,0,0,0
09_019244.wav,validate,0,0,0,0,0,0,1,0
09_019324.wav,validate,1,0,0,0,0,0,0,0
09_019392.wav,validate,0,0,0,0,0,0,0,0
09_019668.wav,validate,0,0,0,0,0,0,0,0
09_019907.wav,validate,0,0,1,0,0,0,0,0
09_019916.wav,validate,1,0,0,0,0,0,1,0
09_019920.wav,validate,0,0,0,0,1,0,0,0
09_019942.wav,validate,1,0,0,0,0,0,1,0
09_019975.wav,validate,0,0,0,0,1,0,0,0
09_019988.wav,validate,0,0,0,0,0,0,0,0
09_020034.wav,validate,0,0,0,0,0,0,1,0
09_020036.wav,validate,0,0,0,0,1,0,1,0
09_020161.wav,validate,1,0,0,0,1,0,0,0
09_020185.wav,validate,1,0,0,0,1,0,0,0
09_020239.wav,validate,0,0,1,0,0,0,0,0
09_020438.wav,validate,0,0,0,0,0,0,0,0
09_020458.wav,validate,1,0,0,0,0,0,0,0
09_020478.wav,validate,0,0,0,0,0,0,0,0
09_020523.wav,validate,0,0,0,0,0,0,0,0
09_020674.wav,validate,0,0,0,0,0,0,0,0
09_020701.wav,validate,0,0,0,0,0,0,0,0
09_020712.wav,validate,0,0,0,0,0,0,0,0
09_020747.wav,validate,1,0,0,0,0,0,1,0
09_020820.wav,validate,0,0,0,1,0,0,1,0
09_026940.wav,test,1,0,1,0,1,0,1,0
09_026980.wav,test,0,0,1,0,1,0,1,0
09_026986.wav,test,0,0,1,0,0,0,1,0
09_026995.wav,test,0,0,1,0,0,0,0,0
09_026999.wav,test,0,0,0,0,0,0,1,0
09_027035.wav,test,1,0,0,0,0,0,1,0
09_027075.wav,test,0,0,0,0,0,0,1,0
09_027127.wav,test,1,0,1,0,0,0,1,0
09_027132.wav,test,1,0,1,0,0,0,0,0
09_027144.wav,test,0,0,1,0,0,0,0,0
09_027149.wav,test,1,0,1,0,0,0,1,0
09_027201.wav,test,0,0,1,0,0,0,1,0
09_027244.wav,test,0,0,0,0,0,0,1,0
09_027386.wav,test,0,0,1,0,0,0,1,0
09_027484.wav,test,0,0,1,0,0,0,1,0
09_027529.wav,test,1,0,0,0,0,0,1,0
09_027536.wav,test,0,0,0,0,0,0,0,0
09_027541.wav,test,0,0,1,0,1,0,0,0
09_027605.wav,test,0,0,0,0,1,0,1,0
09_027729.wav,test,0,0,0,0,1,0,0,0
09_027740.wav,test,1,0,0,0,0,0,0,0
09_027851.wav,test,1,1,0,0,1,0,0,0
09_027880.wav,test,1,0,1,0,0,0,1,0
10_000024.wav,validate,1,0,0,0,1,0,0,0
10_000127.wav,validate,0,0,0,0,1,0,0,0
10_000208.wav,validate,0,0,1,0,0,0,0,0
10_000247.wav,validate,1,0,0,0,0,0,1,0
10_000431.wav,validate,1,0,0,0,0,0,1,0
10_000450.wav,validate,1,0,0,0,0,0,1,0
10_000510.wav,validate,1,0,0,0,0,0,0,0
10_000620.wav,validate,1,0,1,1,0,0,0,0
10_000637.wav,validate,0,0,1,0,1,0,0,0
10_000672.wav,validate,1,0,0,0,0,0,0,0
10_000680.wav,validate,0,0,0,0,0,0,1,0
10_000741.wav,validate,1,0,1,0,0,0,0,0
10_000770.wav,validate,1,0,0,0,0,0,1,0
10_000802.wav,validate,1,0,0,0,0,0,0,0
10_000818.wav,validate,0,0,1,0,0,0,0,0
10_000909.wav,validate,1,0,0,0,0,0,0,0
10_001071.wav,validate,0,0,1,0,0,1,0,0
10_001091.wav,validate,0,0,1,0,1,0,1,0
10_001116.wav,validate,1,0,1,0,0,0,0,0
10_001242.wav,validate,0,0,0,0,0,0,0,0
10_001367.wav,validate,0,0,0,0,1,0,0,0
10_001457.wav,validate,1,0,0,0,0,0,0,0
10_001475.wav,validate,0,0,0,0,0,1,0,0
10_001687.wav,validate,0,0,1,0,1,0,1,0
10_001718.wav,validate,1,0,1,0,0,0,0,0
10_001982.wav,validate,1,0,0,0,0,0,0,0
10_002071.wav,validate,1,0,0,0,0,0,1,0
10_002152.wav,validate,1,0,0,0,0,0,1,0
10_002157.wav,validate,0,0,0,0,1,0,0,0
10_002163.wav,validate,0,0,1,0,1,0,0,0
10_002189.wav,validate,1,0,1,0,0,0,0,0
10_002295.wav,validate,0,0,1,0,0,0,1,0
10_002364.wav,validate,1,0,1,0,1,0,0,0
10_002446.wav,validate,0,0,0,0,1,0,1,0
10_002456.wav,validate,1,0,0,0,0,0,0,0
10_002492.wav,validate,0,0,0,0,0,0,1,0
10_002515.wav,validate,1,0,1,0,0,0,1,0
10_002599.wav,validate,1,0,0,0,0,0,0,0
10_002607.wav,validate,1,0,1,0,0,0,1,0
10_002640.wav,validate,1,0,0,0,0,0,0,0
10_002752.wav,validate,0,0,0,0,1,0,0,0
10_002947.wav,validate,1,0,1,0,0,0,0,0
10_002955.wav,validate,0,0,0,0,1,0,0,0
10_003066.wav,validate,0,0,1,0,0,1,0,0
10_003121.wav,validate,0,0,0,0,1,0,0,0
10_003220.wav,validate,1,0,0,0,1,0,0,0
10_003302.wav,validate,0,0,0,0,1,0,0,0
10_003325.wav,validate,1,0,0,0,0,0,0,0
10_003518.wav,validate,1,0,0,0,0,0,1,0
10_003772.wav,validate,0,0,0,0,0,0,1,0
10_003869.wav,validate,0,0,0,0,0,0,1,0
10_004012.wav,validate,0,0,0,0,0,0,0,0
10_004338.wav,validate,0,0,0,0,1,0,0,0
10_004390.wav,validate,0,0,0,0,0,0,1,0
10_004665.wav,validate,0,0,0,0,1,0,1,0
10_004850.wav,validate,0,0,0,0,0,0,0,0
10_004900.wav,validate,0,0,0,0,0,0,1,0
10_005067.wav,validate,0,0,0,0,1,0,0,0
10_005070.wav,validate,0,0,0,0,0,0,0,0
10_005121.wav,validate,0,0,0,0,1,0,0,0
10_005217.wav,validate,1,0,0,0,0,0,0,0
10_005244.wav,validate,0,0,0,0,0,0,1,0
10_005402.wav,validate,1,0,0,0,0,0,1,0
10_005407.wav,validate,0,0,0,0,0,0,1,0
10_005432.wav,validate,1,0,0,0,1,0,0,0
10_005483.wav,validate,0,0,0,0,1,0,0,0
10_005691.wav,validate,1,0,0,0,1,0,0,0
10_005744.wav,validate,0,0,0,0,0,0,1,0
10_005829.wav,validate,1,0,0,0,1,0,0,0
10_005869.wav,validate,1,0,0,0,0,0,0,1
10_005941.wav,validate,0,0,0,0,0,0,0,0
10_006007.wav,validate,0,0,0,0,0,0,1,0
10_006116.wav,validate,1,0,0,0,0,0,0,0
10_006185.wav,validate,0,0,0,0,1,0,0,0
10_006186.wav,validate,1,0,0,0,0,0,0,0
10_006224.wav,validate,0,0,0,0,0,0,0,0
10_006266.wav,validate,0,0,0,0,0,0,0,0
10_006305.wav,validate,0,0,0,0,0,0,1,0
10_006337.wav,validate,0,0,0,0,0,0,1,0
10_006368.wav,validate,0,0,0,0,0,0,0,0
10_006410.wav,validate,1,0,0,0,0,0,0,0
10_006431.wav,validate,0,0,0,0,0,0,1,0
10_006540.wav,validate,0,0,0,0,0,0,1,0
10_006566.wav,validate,0,0,0,0,0,0,1,0
10_006626.wav,validate,0,0,0,0,0,0,0,0
10_006648.wav,validate,0,0,0,0,0,0,1,0
10_006702.wav,validate,1,0,0,0,0,0,1,0
10_006751.wav,validate,0,0,0,0,0,0,0,0
10_006776.wav,validate,0,0,0,0,1,0,0,0
10_006813.wav,validate,0,0,1,0,1,0,1,1
10_006850.wav,validate,1,0,0,0,0,0,0,0
10_006903.wav,validate,0,0,0,0,0,0,1,0
10_007056.wav,validate,0,0,1,0,0,0,0,0
10_007082.wav,validate,0,0,0,0,0,0,0,0
10_007091.wav,validate,0,0,0,0,1,0,0,0
10_007172.wav,validate,1,0,0,0,0,0,0,0
10_007336.wav,validate,1,0,0,0,0,0,1,0
10_007469.wav,validate,0,0,0,0,1,0,0,0
10_007485.wav,validate,1,0,0,0,0,0,0,0
10_007557.wav,validate,1,0,0,0,0,0,0,0
10_007581.wav,validate,1,0,0,0,0,0,1,0
10_007625.wav,validate,1,0,0,0,0,0,0,0
10_007652.wav,validate,1,0,0,0,0,0,0,0
10_007692.wav,validate,0,0,0,0,0,0,0,0
10_007784.wav,validate,0,0,0,0,0,0,0,0
10_007844.wav,validate,0,0,0,0,1,0,0,0
10_007869.wav,validate,0,0,0,0,0,0,0,0
10_007965.wav,validate,1,0,0,0,0,0,1,0
10_008149.wav,validate,1,0,0,0,0,0,0,0
10_008181.wav,validate,0,0,0,0,0,0,1,0
10_008202.wav,validate,1,0,0,0,0,0,0,0
10_008204.wav,validate,1,0,0,0,0,0,0,0
10_008252.wav,validate,1,0,0,0,0,0,0,0
10_008255.wav,validate,1,0,0,0,0,0,0,0
10_008407.wav,validate,0,0,0,0,1,0,1,0
10_008500.wav,validate,1,0,0,0,0,0,0,0
10_008513.wav,validate,1,0,0,0,0,0,0,0
10_008540.wav,validate,1,0,0,0,0,0,1,0
10_008546.wav,validate,1,0,0,0,0,0,1,0
10_008677.wav,validate,0,0,0,0,0,0,1,0
10_008689.wav,validate,0,0,0,0,1,0,1,0
10_008733.wav,validate,0,0,0,0,0,0,1,0
10_008972.wav,validate,0,0,0,0,0,0,0,0
10_008974.wav,validate,0,0,0,0,0,0,1,0
10_008984.wav,validate,0,0,0,0,0,0,0,0
10_009005.wav,validate,1,0,0,0,0,0,1,0
10_009020.wav,validate,0,0,0,0,0,0,0,0
10_009083.wav,validate,1,0,0,0,0,0,0,0
10_010280.wav,validate,0,0,0,0,1,0,0,0
10_010369.wav,validate,0,1,0,0,0,0,0,0
10_010399.wav,validate,0,0,0,0,1,0,0,0
10_010403.wav,validate,0,0,0,0,1,0,0,0
10_010439.wav,validate,1,0,0,0,0,0,1,0
10_010470.wav,validate,0,0,0,0,0,0,0,0
10_010504.wav,validate,1,0,0,0,0,0,0,0
10_010514.wav,validate,0,0,0,0,0,0,0,0
10_010516.wav,validate,1,0,0,0,0,0,0,0
10_010537.wav,validate,1,0,0,0,0,0,0,0
10_010551.wav,validate,1,0,0,0,0,0,0,0
10_010571.wav,validate,0,1,0,0,1,0,0,0
10_010637.wav,validate,0,0,0,0,1,0,0,0
10_010697.wav,validate,1,0,0,0,0,0,0,0
10_010706.wav,validate,0,0,0,0,1,0,0,0
10_010743.wav,validate,0,0,0,0,1,0,0,0
10_010764.wav,validate,0,0,0,0,1,0,0,0
10_010776.wav,validate,0,0,0,0,1,0,0,0
10_010826.wav,validate,0,0,0,0,0,0,0,0
10_010921.wav,validate,1,0,0,0,0,0,0,0
10_010947.wav,validate,0,0,0,0,1,0,0,0
10_010958.wav,validate,0,0,0,0,1,1,1,0
10_010976.wav,validate,1,0,0,0,0,0,0,0
10_011015.wav,validate,1,0,0,0,1,0,0,0
10_011078.wav,validate,0,0,0,0,1,0,0,0
10_011129.wav,validate,1,1,0,0,0,0,0,0
10_011193.wav,validate,1,0,0,0,0,0,0,0
10_011273.wav,validate,1,0,0,0,0,0,0,0
10_011277.wav,validate,0,0,0,0,0,0,0,0
10_011311.wav,validate,0,0,0,0,0,0,1,0
10_011329.wav,validate,1,0,0,0,0,0,0,0
10_011331.wav,validate,0,0,0,0,1,0,0,0
10_011340.wav,validate,0,0,0,0,1,0,0,0
10_011396.wav,validate,1,0,0,0,1,1,0,0
10_011450.wav,validate,0,0,0,0,0,0,0,0
10_011468.wav,validate,1,0,0,0,1,0,0,0
10_011539.wav,validate,0,0,0,0,0,0,1,0
10_011570.wav,validate,1,0,0,0,0,0,0,0
10_011669.wav,validate,1,0,0,0,0,0,0,0
10_011681.wav,validate,0,0,0,0,0,0,0,0
10_011694.wav,validate,0,0,0,0,0,0,0,0
10_011701.wav,validate,0,1,0,0,0,0,0,0
10_011721.wav,validate,0,0,0,0,0,0,0,0
10_011787.wav,validate,0,0,0,0,1,0,0,0
10_011830.wav,validate,0,0,0,0,0,0,0,0
10_011841.wav,validate,0,0,0,0,0,0,0,0
10_011888.wav,validate,0,0,0,0,0,0,0,0
10_011931.wav,validate,0,0,0,0,0,0,0,0
10_011941.wav,validate,1,0,0,0,1,0,0,0
10_012087.wav,validate,0,0,0,0,1,0,0,0
10_012122.wav,validate,0,0,0,0,0,0,0,0
10_012125.wav,validate,0,0,0,0,1,0,0,0
10_012145.wav,validate,0,0,0,0,1,0,0,0
10_012192.wav,validate,1,0,0,0,0,0,0,0
10_012198.wav,validate,0,0,0,0,0,0,0,0
10_012216.wav,validate,1,0,0,0,0,0,1,0
10_012298.wav,validate,1,0,0,0,0,0,0,0
10_012322.wav,validate,1,0,0,0,0,0,0,0
10_012332.wav,validate,0,0,0,0,0,0,0,0
10_012344.wav,validate,1,0,0,0,0,0,0,0
10_012404.wav,validate,0,0,0,0,0,0,0,0
10_012408.wav,validate,0,0,0,0,1,0,0,0
10_012445.wav,validate,0,0,0,0,1,0,1,0
10_012466.wav,validate,1,0,0,0,0,0,0,0
10_012582.wav,validate,0,0,0,0,1,0,0,0
10_012583.wav,validate,0,0,0,0,1,0,0,0
10_012610.wav,validate,1,0,0,0,1,0,0,0
10_012622.wav,validate,0,0,0,0,0,0,0,0
10_012624.wav,validate,1,0,0,0,1,0,0,0
10_012642.wav,validate,0,0,0,0,0,0,0,0
10_012655.wav,validate,0,0,0,0,0,0,0,0
10_012659.wav,validate,0,0,0,0,0,0,0,0
10_012737.wav,validate,0,0,0,0,0,0,0,0
10_012746.wav,validate,0,0,0,0,1,0,0,0
10_012768.wav,validate,0,0,0,0,0,0,0,0
10_012782.wav,validate,0,0,0,0,0,0,0,0
10_012803.wav,validate,1,0,0,0,0,0,0,0
10_012826.wav,validate,0,0,0,0,0,0,0,0
10_012847.wav,validate,0,0,0,0,0,0,0,0
10_012860.wav,validate,0,0,0,0,0,0,0,0
10_012862.wav,validate,0,0,0,0,0,0,1,0
10_012866.wav,validate,0,0,0,0,0,0,0,0
10_012869.wav,validate,0,0,0,0,0,0,0,0
10_012893.wav,validate,0,0,0,0,0,0,0,0
10_012901.wav,validate,0,0,0,0,0,0,0,0
10_013068.wav,validate,1,0,0,0,1,0,0,0
10_013077.wav,validate,0,1,0,0,0,0,0,0
10_013154.wav,validate,1,0,0,0,1,0,0,0
10_013218.wav,validate,1,0,0,0,0,0,0,0
10_013229.wav,validate,0,0,0,0,0,0,0,0
10_013240.wav,validate,0,0,0,0,1,0,0,0
10_013245.wav,validate,0,0,0,0,0,0,1,0
10_013285.wav,validate,1,0,0,0,1,0,0,0
10_013304.wav,validate,0,0,0,0,0,0,0,0
10_013309.wav,validate,1,0,0,0,0,0,0,0
10_013420.wav,validate,0,0,0,0,0,0,1,0
10_013452.wav,validate,0,0,0,0,0,0,0,0
10_013472.wav,validate,0,1,0,0,0,0,0,0
10_013483.wav,validate,1,0,0,0,0,0,1,0
10_013547.wav,validate,1,0,0,0,0,0,0,0
10_013578.wav,validate,1,0,0,0,0,0,0,0
10_013648.wav,validate,1,0,0,0,0,0,0,0
10_013672.wav,validate,0,0,0,0,0,0,0,0
10_013679.wav,validate,0,0,0,0,1,0,0,0
10_016288.wav,validate,0,0,0,0,0,0,1,0
10_016292.wav,validate,0,0,0,0,0,0,0,0
10_016402.wav,validate,0,0,0,0,1,1,1,0
10_016554.wav,validate,0,0,0,0,0,0,1,0
10_016566.wav,validate,1,0,0,0,0,0,0,0
10_016628.wav,validate,0,0,0,0,0,1,0,0
10_016657.wav,validate,0,0,0,0,1,0,1,0
10_016708.wav,validate,0,0,0,0,0,0,1,0
10_016765.wav,validate,0,0,0,0,0,0,1,0
10_016783.wav,validate,0,0,1,0,0,1,1,0
10_016788.wav,validate,0,0,0,0,1,0,0,0
10_016798.wav,validate,0,0,0,0,0,0,0,0
10_016937.wav,validate,0,0,0,0,0,0,0,0
10_016994.wav,validate,1,0,0,0,0,0,0,0
10_017000.wav,validate,0,0,0,0,0,1,0,0
10_017050.wav,validate,0,0,0,0,0,0,1,0
10_017074.wav,validate,0,0,0,0,1,0,0,0
10_017148.wav,validate,1,0,0,0,0,0,0,0
10_017209.wav,validate,1,0,0,0,0,0,1,0
10_017216.wav,validate,0,0,0,0,1,0,1,0
10_017269.wav,validate,1,0,0,0,0,0,0,0
10_017326.wav,validate,1,0,0,0,1,0,1,0
10_017357.wav,validate,0,0,0,0,0,1,1,0
10_017371.wav,validate,0,0,0,0,1,0,1,0
10_017383.wav,validate,0,0,0,0,1,0,1,0
10_017384.wav,validate,0,0,0,0,1,0,0,0
10_017387.wav,validate,0,0,0,0,1,0,0,0
10_017428.wav,validate,0,0,0,0,1,0,0,0
10_017430.wav,validate,0,0,0,0,0,0,1,0
10_017451.wav,validate,0,0,0,0,0,0,1,0
10_017479.wav,validate,0,0,0,0,1,1,0,0
10_017527.wav,validate,0,0,0,0,1,0,0,0
10_017540.wav,validate,1,0,0,0,0,0,0,0
10_017554.wav,validate,0,0,0,0,1,0,0,0
10_017573.wav,validate,0,0,0,0,1,0,0,0
10_017577.wav,validate,1,0,0,0,0,0,0,0
10_017604.wav,validate,1,1,0,0,0,0,0,0
10_017608.wav,validate,1,0,0,0,0,0,0,0
10_017723.wav,validate,0,0,0,0,1,0,0,0
10_017915.wav,validate,0,0,1,0,0,0,0,0
10_017928.wav,validate,1,0,0,0,0,0,0,0
10_017934.wav,validate,1,0,0,0,0,0,0,0
10_017972.wav,validate,0,0,0,0,0,0,0,0
10_017987.wav,validate,1,0,0,0,0,0,0,0
10_017988.wav,validate,0,0,0,0,1,0,0,0
10_017998.wav,validate,0,0,0,0,0,0,0,0
10_018125.wav,validate,1,0,0,0,1,1,0,0
10_018146.wav,validate,1,0,0,0,1,0,0,0
10_018182.wav,validate,0,0,0,0,1,0,0,0
10_018216.wav,validate,0,0,0,0,0,0,0,0
10_018240.wav,validate,0,0,0,0,1,0,0,0
10_018296.wav,validate,0,0,0,0,0,0,0,0
10_018311.wav,validate,1,0,0,0,1,0,0,0
10_018332.wav,validate,0,0,0,0,1,1,0,0
10_018336.wav,validate,1,0,0,0,0,0,0,0
10_018340.wav,validate,0,0,0,0,1,0,0,0
10_018346.wav,validate,1,0,0,0,1,0,1,0
10_018356.wav,validate,1,0,0,0,0,0,0,0
10_018392.wav,validate,1,0,0,0,0,0,0,0
10_018415.wav,validate,1,0,0,0,0,0,0,0
10_018502.wav,validate,0,0,0,0,0,0,0,0
10_018591.wav,validate,0,0,0,0,0,0,0,0
10_018637.wav,validate,0,0,0,0,0,0,0,0
10_018640.wav,validate,0,0,0,0,0,0,1,0
10_018678.wav,validate,1,0,0,0,0,0,0,0
10_018703.wav,validate,0,0,0,0,0,0,0,0
10_018796.wav,validate,0,0,0,0,0,0,0,0
10_018807.wav,validate,0,0,0,0,0,0,1,0
10_018882.wav,validate,1,0,0,0,1,0,1,0
10_018892.wav,validate,0,0,0,0,1,0,1,0
10_018968.wav,validate,0,0,0,0,1,0,0,0
10_018986.wav,validate,0,0,0,0,0,1,0,0
10_019003.wav,validate,0,0,0,0,0,0,0,0
10_019054.wav,validate,0,0,0,0,0,0,0,0
10_019089.wav,validate,0,0,0,0,0,0,0,0
10_019098.wav,validate,1,0,0,0,0,0,0,0
10_019099.wav,validate,0,0,0,0,1,0,0,0
10_019157.wav,validate,1,0,0,0,1,0,0,0
10_019167.wav,validate,0,0,0,0,0,0,0,0
10_019292.wav,validate,1,0,0,0,0,0,0,0
10_019299.wav,validate,0,1,0,0,1,0,0,0
10_019323.wav,validate,1,0,0,0,0,0,0,0
10_019335.wav,validate,0,0,0,0,0,0,1,0
10_019349.wav,validate,1,0,1,0,0,0,0,0
10_019364.wav,validate,0,0,0,0,0,1,0,0
10_019375.wav,validate,0,0,0,0,1,0,0,0
10_019382.wav,validate,0,0,0,0,0,0,0,0
10_019384.wav,validate,0,0,0,0,0,1,1,0
10_019397.wav,validate,0,0,0,0,0,1,0,0
10_019400.wav,validate,1,0,0,0,0,0,0,0
10_019405.wav,validate,0,0,0,0,0,0,0,0
10_019469.wav,validate,1,0,0,0,1,0,1,0
10_019472.wav,validate,0,1,0,1,1,0,0,0
10_019477.wav,validate,0,0,0,0,0,0,0,0
10_019588.wav,validate,1,0,0,0,0,0,0,0
10_019595.wav,validate,1,0,0,0,0,0,0,0
10_019602.wav,validate,0,0,0,0,1,0,0,0
10_019621.wav,validate,0,0,1,0,0,0,0,0
10_019646.wav,validate,0,0,0,0,1,0,0,0
10_019657.wav,validate,0,0,0,0,1,0,0,0
10_019676.wav,validate,0,0,1,0,1,0,0,0
10_019681.wav,validate,0,0,0,0,0,0,0,0
10_019718.wav,validate,1,0,0,0,0,0,0,0
10_019754.wav,validate,1,0,0,0,1,0,0,0
10_019790.wav,validate,1,0,0,0,0,0,0,0
10_019800.wav,validate,0,0,0,0,0,1,0,0
10_019801.wav,validate,1,0,0,0,0,0,0,0
10_019855.wav,validate,1,0,0,0,0,1,0,0
10_019881.wav,validate,0,0,1,0,1,0,0,0
10_019883.wav,validate,0,0,0,0,1,0,0,0
10_019896.wav,validate,1,0,0,0,1,0,0,0
10_019983.wav,validate,1,0,0,0,1,0,1,0
10_020033.wav,validate,0,0,0,0,1,0,1,0
10_020053.wav,validate,1,0,0,0,0,0,0,0
10_020106.wav,validate,1,0,0,0,0,0,0,0
10_020131.wav,validate,1,0,0,0,1,0,1,0
10_020143.wav,validate,0,0,0,0,1,0,0,0
10_020165.wav,validate,0,0,0,0,1,0,0,0
10_020174.wav,validate,1,0,0,0,0,0,0,0
10_020249.wav,validate,0,0,0,0,1,0,1,0
10_020252.wav,validate,0,0,0,0,0,0,1,0
10_020323.wav,validate,0,0,0,0,0,0,0,0
10_020328.wav,validate,0,0,0,0,0,0,0,0
10_020381.wav,validate,0,1,0,0,0,0,0,0
10_020386.wav,validate,0,0,0,0,0,0,0,0
10_020477.wav,validate,0,0,0,0,1,0,0,0
10_020563.wav,validate,0,0,0,0,1,0,1,0
10_020565.wav,validate,0,0,0,0,0,0,1,0
10_020627.wav,validate,0,0,0,0,0,0,0,0
10_020630.wav,validate,0,0,0,0,1,0,0,0
10_020638.wav,validate,0,1,0,0,0,0,0,0
10_020648.wav,validate,0,0,0,0,1,0,0,0
10_020687.wav,validate,0,0,0,0,0,0,0,0
10_020752.wav,validate,0,0,0,0,0,0,0,0
10_020768.wav,validate,0,0,0,0,0,0,0,0
10_020772.wav,validate,0,0,0,0,1,0,0,0
10_020786.wav,validate,0,0,0,0,1,0,0,0
10_020812.wav,validate,0,0,0,0,0,0,0,0
10_020833.wav,validate,1,0,0,0,0,0,0,0
10_020838.wav,validate,0,1,0,0,0,0,0,0
10_020904.wav,validate,0,0,0,0,0,0,0,0
10_020905.wav,validate,0,0,0,0,1,0,0,0
10_026952.wav,test,0,0,0,0,1,0,1,0
10_027038.wav,test,1,0,0,0,0,0,1,0
10_027297.wav,test,1,0,0,0,1,0,0,0
10_027321.wav,test,1,0,1,0,1,0,0,0
10_027349.wav,test,1,0,0,0,0,0,0,0
10_027367.wav,test,1,0,0,0,1,0,1,0
11_000012.wav,train,1,0,0,0,0,0,0,0
11_000144.wav,train,0,0,0,0,0,0,1,0
11_000255.wav,train,1,0,0,0,0,0,0,0
11_000289.wav,train,0,0,0,1,0,0,1,0
11_000297.wav,train,0,0,0,0,1,0,0,0
11_000424.wav,train,0,0,0,0,0,0,0,0
11_000472.wav,train,1,0,0,0,0,0,0,0
11_000501.wav,train,0,0,0,0,0,0,1,0
11_000522.wav,train,1,0,0,0,0,0,0,0
11_000726.wav,train,0,0,0,0,0,0,1,0
11_000797.wav,train,1,0,0,0,0,0,0,0
11_000800.wav,train,0,0,0,0,0,0,1,0
11_000829.wav,train,0,0,0,0,0,0,1,0
11_000837.wav,train,0,0,0,0,0,0,0,0
11_001009.wav,train,0,0,0,0,0,0,0,0
11_001042.wav,train,0,0,0,0,1,0,0,0
11_001046.wav,train,1,0,0,0,0,0,0,0
11_001269.wav,train,1,0,0,0,0,0,1,0
11_001288.wav,train,1,0,0,0,1,0,0,0
11_001418.wav,train,0,1,0,0,0,0,0,0
11_001492.wav,train,0,0,0,0,0,0,0,0
11_001545.wav,train,0,0,0,0,0,0,0,0
11_001591.wav,train,0,0,0,1,0,0,0,0
11_001660.wav,train,1,0,0,0,0,0,0,0
11_001681.wav,train,1,0,0,0,0,0,0,0
11_001684.wav,train,0,0,0,0,1,0,0,0
11_001805.wav,train,0,0,0,0,0,0,0,0
11_001917.wav,train,0,0,0,0,0,0,0,0
11_001928.wav,train,0,0,0,0,0,0,0,0
11_001942.wav,train,0,0,0,0,0,0,0,0
11_002001.wav,train,0,0,0,0,0,0,0,0
11_002056.wav,train,1,0,0,0,1,0,0,0
11_002087.wav,train,1,0,0,0,0,0,0,0
11_002094.wav,train,0,0,0,0,0,0,1,0
11_002102.wav,train,0,0,0,0,0,0,0,0
11_002120.wav,train,0,0,0,1,0,0,0,0
11_002199.wav,train,0,0,0,0,0,0,0,0
11_002356.wav,train,0,0,0,0,0,0,0,0
11_002502.wav,train,0,0,0,0,0,0,0,0
11_002536.wav,train,0,0,0,0,0,0,1,0
11_002633.wav,train,0,0,0,0,0,0,1,0
11_002658.wav,train,0,0,0,1,1,0,0,0
11_002673.wav,train,0,0,0,0,1,0,0,0
11_002769.wav,train,1,0,0,0,1,0,0,0
11_002858.wav,train,0,0,0,0,0,0,0,0
11_002931.wav,train,0,0,0,0,0,0,1,0
11_002938.wav,train,0,0,0,0,0,0,1,0
11_002945.wav,train,0,0,0,0,0,0,1,0
11_003168.wav,train,0,0,0,0,0,0,0,0
11_003173.wav,train,1,0,0,0,0,0,0,0
11_003341.wav,train,0,0,0,0,1,0,0,0
11_003555.wav,train,0,0,0,0,0,0,1,0
11_003629.wav,train,1,0,0,0,0,0,0,0
11_003667.wav,train,0,0,0,1,0,0,0,0
11_003689.wav,train,0,0,0,0,0,0,0,0
11_003735.wav,train,1,0,0,0,0,0,0,0
11_003835.wav,train,0,0,0,0,0,0,1,0
11_003866.wav,train,0,0,0,0,0,1,0,0
11_003871.wav,train,0,0,0,1,0,0,0,0
11_003882.wav,train,0,1,0,0,0,0,0,0
11_004004.wav,train,1,0,0,0,0,0,0,0
11_004030.wav,train,0,0,0,0,1,0,0,0
11_004051.wav,train,1,0,0,0,0,0,0,0
11_004080.wav,train,1,0,0,0,0,0,0,0
11_004094.wav,train,0,0,0,0,0,0,0,0
11_004123.wav,train,1,0,0,0,1,0,1,0
11_004142.wav,train,1,0,0,0,0,0,0,0
11_004152.wav,train,1,0,0,0,0,0,0,0
11_004157.wav,train,0,0,0,1,0,0,0,0
11_004219.wav,train,0,0,0,0,0,0,0,0
11_004383.wav,train,0,0,0,0,0,0,0,0
11_004518.wav,train,0,0,0,0,0,0,0,0
11_004526.wav,train,0,0,0,0,0,0,0,0
11_004657.wav,train,0,0,0,0,0,0,1,0
11_004809.wav,train,0,0,0,0,0,0,0,0
11_004931.wav,train,0,0,0,0,1,0,0,0
11_005028.wav,train,0,0,0,0,1,0,1,0
11_005060.wav,train,1,0,0,0,0,0,0,0
11_005091.wav,train,0,0,0,0,0,0,0,0
11_005099.wav,train,0,0,0,1,0,0,0,0
11_005128.wav,train,1,0,0,0,0,0,0,0
11_005137.wav,train,1,0,0,0,0,0,1,0
11_005216.wav,train,1,0,0,0,0,0,0,0
11_005240.wav,train,0,0,0,0,0,0,1,0
11_005258.wav,train,1,0,0,0,0,0,0,0
11_005327.wav,train,1,0,0,0,0,0,1,0
11_005466.wav,train,0,0,0,1,0,0,0,0
11_005522.wav,train,0,0,0,0,0,0,0,0
11_005598.wav,train,0,0,0,1,0,0,0,0
11_005673.wav,train,1,0,1,0,0,0,1,0
11_005752.wav,train,0,0,0,0,0,0,1,0
11_005773.wav,train,1,0,0,0,0,0,0,0
11_005832.wav,train,1,0,0,0,0,0,0,0
11_005897.wav,train,0,0,0,0,0,0,0,1
11_005912.wav,train,1,0,0,0,0,0,1,0
11_005979.wav,train,0,0,0,0,0,0,0,0
11_006081.wav,train,0,0,0,0,1,0,0,0
11_006093.wav,train,0,0,0,0,0,0,1,0
11_006111.wav,train,1,0,0,0,1,0,1,0
11_006126.wav,train,1,0,0,0,0,0,0,0
11_006153.wav,train,0,1,0,0,0,0,0,0
11_006159.wav,train,0,0,0,0,1,0,0,0
11_006222.wav,train,0,0,0,1,0,0,0,0
11_006274.wav,train,0,0,0,0,1,0,0,0
11_006295.wav,train,1,0,0,0,0,0,0,0
11_006383.wav,train,0,0,0,0,1,0,0,0
11_006479.wav,train,0,0,0,0,0,0,1,0
11_006633.wav,train,0,0,0,0,0,0,0,0
11_006658.wav,train,0,1,0,0,0,0,0,0
11_006698.wav,train,0,0,0,0,0,0,1,0
11_006743.wav,train,0,0,0,0,0,0,1,0
11_006920.wav,train,0,0,0,1,0,0,0,0
11_006933.wav,train,0,0,0,0,0,0,1,0
11_007004.wav,train,0,0,0,0,1,0,0,0
11_007204.wav,train,0,0,0,0,0,0,0,0
11_007207.wav,train,0,0,0,0,0,0,1,0
11_007211.wav,train,1,0,0,0,0,0,0,0
11_007255.wav,train,1,0,0,0,0,0,0,0
11_007271.wav,train,0,0,0,0,1,0,0,0
11_007301.wav,train,0,0,0,0,0,0,0,0
11_007334.wav,train,1,0,0,0,0,0,1,0
11_007352.wav,train,0,0,0,0,0,0,1,0
11_007379.wav,train,1,0,0,0,0,0,0,0
11_007417.wav,train,1,0,0,0,1,0,0,0
11_007444.wav,train,0,0,0,0,0,0,0,0
11_007467.wav,train,1,0,0,0,0,0,0,0
11_007502.wav,train,0,0,0,1,0,0,0,0
11_007642.wav,train,0,0,0,0,0,0,0,0
11_007702.wav,train,0,0,0,1,0,0,0,0
11_007731.wav,train,1,0,0,0,0,0,1,0
11_007831.wav,train,0,0,0,0,0,0,1,0
11_007878.wav,train,0,0,0,0,0,0,1,0
11_007992.wav,train,0,0,0,0,0,0,0,0
11_008096.wav,train,0,0,0,0,0,0,0,0
11_008165.wav,train,0,0,0,0,1,0,0,0
11_008191.wav,train,0,0,0,0,0,0,0,0
11_008222.wav,train,1,0,1,0,0,0,0,0
11_008223.wav,train,0,0,0,0,0,0,1,0
11_008244.wav,train,0,0,0,0,0,0,0,0
11_008254.wav,train,0,0,0,0,0,0,0,0
11_008426.wav,train,1,0,0,0,0,0,0,0
11_008483.wav,train,0,0,0,0,0,0,1,0
11_008556.wav,train,0,0,0,0,0,0,1,0
11_008561.wav,train,0,0,0,0,0,0,1,0
11_008660.wav,train,0,0,0,0,0,1,0,0
11_008666.wav,train,0,0,0,0,0,0,1,0
11_008676.wav,train,0,0,0,0,1,0,0,0
11_008708.wav,train,1,0,0,0,0,0,0,0
11_008894.wav,train,0,0,0,0,1,0,1,0
11_008959.wav,train,0,0,0,0,0,0,1,0
11_009051.wav,train,1,0,0,0,0,0,0,0
11_009084.wav,train,0,0,0,0,0,0,0,0
11_009835.wav,train,1,0,0,0,0,0,0,0
11_010107.wav,train,1,0,0,0,0,0,0,0
11_010297.wav,train,0,0,0,0,0,0,0,0
11_010319.wav,train,0,0,0,0,0,0,0,0
11_010395.wav,train,0,0,0,1,0,0,0,0
11_010407.wav,train,1,0,0,0,0,0,0,0
11_010451.wav,train,1,0,0,0,0,0,1,0
11_010459.wav,train,0,0,0,1,0,0,0,0
11_010461.wav,train,1,0,0,0,0,0,0,0
11_010506.wav,train,0,0,0,1,0,0,1,0
11_010598.wav,train,0,0,0,0,1,0,0,0
11_010633.wav,train,1,0,0,0,0,0,0,0
11_010657.wav,train,0,0,0,0,0,0,0,0
11_010707.wav,train,0,0,0,1,0,0,1,0
11_010745.wav,train,0,0,0,0,0,0,1,0
11_010904.wav,train,0,0,0,0,0,0,0,0
11_010912.wav,train,1,0,0,0,0,0,0,0
11_010913.wav,train,1,0,0,0,0,0,0,0
11_010957.wav,train,1,0,0,0,0,0,1,0
11_011065.wav,train,0,0,0,0,0,0,1,0
11_011096.wav,train,0,0,0,0,0,0,0,0
11_011250.wav,train,0,0,0,0,1,0,0,0
11_011265.wav,train,1,0,0,0,0,0,0,0
11_011349.wav,train,0,0,0,0,1,0,0,0
11_011356.wav,train,0,0,0,0,1,0,0,0
11_011374.wav,train,0,0,0,0,0,0,0,0
11_011410.wav,train,0,1,0,0,0,0,0,0
11_011577.wav,train,0,0,0,0,1,0,0,0
11_011586.wav,train,0,0,0,0,0,0,1,0
11_011593.wav,train,0,1,0,0,0,0,0,0
11_011715.wav,train,1,0,1,0,0,0,1,0
11_012000.wav,train,1,0,0,0,1,0,0,0
11_012083.wav,train,1,0,0,0,0,0,1,0
11_012106.wav,train,0,1,0,0,0,0,0,0
11_012142.wav,train,0,0,0,0,0,0,0,0
11_012175.wav,train,0,0,0,0,0,0,0,0
11_012370.wav,train,0,0,0,0,1,0,0,0
11_012641.wav,train,0,0,0,0,1,0,0,0
11_012658.wav,train,0,0,0,0,0,0,1,0
11_012687.wav,train,1,0,0,0,0,0,0,0
11_012697.wav,train,1,0,0,0,0,0,1,0
11_012740.wav,train,1,0,0,0,0,0,0,0
11_012761.wav,train,0,1,0,0,0,0,0,0
11_012784.wav,train,0,0,0,1,0,0,0,0
11_012807.wav,train,0,0,0,0,0,0,0,0
11_012886.wav,train,0,0,0,0,0,0,0,0
11_013064.wav,train,1,0,0,0,0,0,0,0
11_013092.wav,train,0,1,0,0,0,0,0,0
11_013113.wav,train,0,0,0,0,1,0,0,0
11_013134.wav,train,1,0,0,0,0,0,0,0
11_013165.wav,train,0,0,0,0,0,0,0,0
11_013238.wav,train,1,0,0,0,0,0,0,0
11_013403.wav,train,0,0,0,0,1,0,1,0
11_013435.wav,train,0,0,0,1,0,0,0,0
11_013660.wav,train,0,0,0,0,1,0,0,0
11_016450.wav,train,0,0,0,0,0,0,1,0
11_016477.wav,train,0,0,0,0,0,0,0,0
11_016520.wav,train,0,0,0,0,0,0,1,0
11_016592.wav,train,1,0,0,0,0,0,0,0
11_016644.wav,train,0,1,0,0,0,0,0,0
11_016724.wav,train,1,0,0,0,0,0,0,0
11_016864.wav,train,0,0,0,0,0,0,0,0
11_016865.wav,train,0,0,0,1,0,0,0,0
11_016886.wav,train,0,0,0,0,0,0,1,0
11_016890.wav,train,0,0,0,0,1,0,0,0
11_016894.wav,train,0,0,0,0,0,0,1,0
11_016968.wav,train,1,0,0,0,0,0,0,0
11_016980.wav,train,0,0,0,0,0,0,0,0
11_016981.wav,train,0,0,0,0,0,1,1,0
11_016986.wav,train,0,0,0,0,0,0,0,0
11_017013.wav,train,1,0,0,0,0,0,0,0
11_017107.wav,train,0,0,0,0,0,0,0,0
11_017134.wav,train,0,0,0,0,0,0,1,0
11_017142.wav,train,0,1,0,0,0,0,0,0
11_017328.wav,train,0,1,0,1,0,0,0,0
11_017348.wav,train,0,0,0,0,0,0,0,0
11_017359.wav,train,0,0,0,0,1,0,0,0
11_017372.wav,train,1,0,0,0,0,1,0,0
11_017411.wav,train,0,0,0,1,0,0,0,0
11_017415.wav,train,0,0,0,0,1,0,0,0
11_017431.wav,train,0,1,0,0,0,0,0,0
11_017480.wav,train,0,0,0,0,0,1,0,0
11_017580.wav,train,0,1,0,0,0,0,0,0
11_017586.wav,train,1,0,0,0,1,0,0,0
11_017622.wav,train,0,0,0,0,0,0,0,0
11_017636.wav,train,1,0,0,0,0,0,0,0
11_017654.wav,train,0,0,0,0,0,0,0,0
11_017727.wav,train,0,0,0,0,0,0,1,0
11_017733.wav,train,0,0,0,0,1,0,0,0
11_017757.wav,train,0,0,0,0,0,0,1,0
11_017830.wav,train,0,0,0,0,0,0,1,0
11_017865.wav,train,0,0,0,0,0,0,1,0
11_017882.wav,train,0,0,0,0,1,0,0,0
11_017920.wav,train,0,0,0,1,0,0,0,0
11_017977.wav,train,1,0,0,0,0,0,0,0
11_018004.wav,train,0,0,0,0,0,0,0,0
11_018081.wav,train,0,0,0,0,0,0,0,0
11_018203.wav,train,0,0,0,0,0,0,0,0
11_018261.wav,train,1,0,0,0,0,1,0,0
11_018312.wav,train,0,0,0,0,0,0,1,0
11_018321.wav,train,0,0,0,0,0,0,1,0
11_018323.wav,train,0,0,0,0,0,0,0,0
11_018369.wav,train,0,0,0,0,0,1,1,0
11_018413.wav,train,0,0,0,0,0,0,0,0
11_018420.wav,train,1,0,0,0,0,0,1,0
11_018453.wav,train,0,0,0,0,0,0,0,0
11_018460.wav,train,0,0,0,0,0,0,1,0
11_018468.wav,train,0,0,0,1,0,0,0,0
11_018505.wav,train,0,0,0,0,0,0,0,0
11_018547.wav,train,0,0,0,0,0,0,0,0
11_018644.wav,train,0,0,0,0,0,0,0,0
11_018662.wav,train,0,0,0,0,0,0,1,0
11_018664.wav,train,0,0,0,0,0,0,0,0
11_018685.wav,train,1,0,0,0,0,0,0,0
11_018726.wav,train,0,0,0,0,0,0,0,0
11_018736.wav,train,0,0,1,0,0,0,1,0
11_018755.wav,train,1,0,0,0,0,0,0,0
11_018786.wav,train,1,0,0,0,0,0,0,0
11_018810.wav,train,0,0,0,0,1,0,0,0
11_018813.wav,train,0,0,0,0,1,0,0,0
11_018833.wav,train,0,0,0,0,0,1,1,0
11_018903.wav,train,0,0,0,0,0,0,1,0
11_019036.wav,train,0,0,0,0,0,0,0,0
11_019109.wav,train,0,0,0,0,1,0,0,0
11_019159.wav,train,1,0,0,0,0,0,0,0
11_019173.wav,train,1,0,0,0,1,0,0,0
11_019174.wav,train,0,0,0,0,0,0,0,0
11_019209.wav,train,0,0,0,0,0,0,1,0
11_019295.wav,train,0,0,0,0,0,1,0,0
11_019377.wav,train,1,0,0,0,0,0,0,0
11_019403.wav,train,0,0,0,0,0,0,0,0
11_019495.wav,train,1,0,0,0,0,0,0,0
11_019672.wav,train,0,0,0,0,0,0,0,0
11_019733.wav,train,0,0,0,0,0,0,0,0
11_019827.wav,train,1,0,0,0,0,0,0,0
11_019840.wav,train,0,0,0,0,0,0,1,0
11_019847.wav,train,0,0,0,0,0,0,1,0
11_019948.wav,train,1,0,0,0,0,0,1,0
11_019993.wav,train,1,0,0,0,1,0,1,0
11_020111.wav,train,0,0,0,0,0,0,1,0
11_020203.wav,train,1,0,0,0,0,0,0,0
11_020207.wav,train,0,0,0,0,1,0,1,0
11_020221.wav,train,0,1,0,0,0,0,0,0
11_020223.wav,train,0,0,0,0,1,0,0,0
11_020235.wav,train,0,0,0,0,0,0,0,0
11_020243.wav,train,0,0,1,0,0,0,0,0
11_020263.wav,train,0,0,1,0,0,0,1,0
11_020314.wav,train,0,0,0,0,1,0,0,0
11_020350.wav,train,0,0,0,0,0,0,1,0
11_020434.wav,train,0,0,0,0,0,0,1,0
11_020468.wav,train,1,0,0,0,0,0,0,0
11_020547.wav,train,0,0,0,0,0,0,0,0
11_020558.wav,train,0,0,0,0,0,0,0,0
11_020572.wav,train,0,0,0,0,0,0,0,0
11_020640.wav,train,0,0,0,0,0,0,1,0
11_020685.wav,train,1,0,0,0,0,0,0,0
11_020704.wav,train,0,0,0,0,0,0,0,0
11_020777.wav,train,0,0,0,0,0,0,0,0
11_020831.wav,train,0,1,0,0,0,0,0,0
11_020844.wav,train,0,0,0,0,0,0,0,0
11_020870.wav,train,0,0,0,0,0,0,1,0
11_026899.wav,test,0,0,1,0,0,0,0,0
11_027011.wav,test,1,0,1,0,1,0,0,0
11_027014.wav,test,1,0,1,0,0,0,0,0
11_027063.wav,test,1,0,1,0,1,0,0,0
11_027071.wav,test,0,0,1,0,0,0,0,0
11_027073.wav,test,1,0,0,0,0,0,0,0
11_027086.wav,test,1,0,0,0,0,0,0,0
11_027097.wav,test,1,0,0,0,0,0,0,0
11_027117.wav,test,1,0,1,0,0,0,0,0
11_027126.wav,test,0,0,1,0,0,0,0,0
11_027177.wav,test,1,0,0,0,0,1,0,0
11_027181.wav,test,0,0,1,0,0,0,0,0
11_027403.wav,test,0,0,0,0,0,0,1,0
11_027456.wav,test,1,0,1,0,0,0,1,0
11_027630.wav,test,1,0,1,0,0,0,0,0
11_027719.wav,test,1,0,0,0,1,0,1,0
11_027732.wav,test,1,0,1,0,0,0,0,0
11_027821.wav,test,1,0,0,0,0,0,1,0
11_027873.wav,test,0,0,1,0,0,0,1,0
12_000484.wav,train,0,0,0,0,1,0,0,0
12_000736.wav,train,0,0,0,0,0,0,0,0
12_001062.wav,train,0,0,0,0,0,0,0,0
12_001239.wav,train,0,0,0,0,0,0,0,0
12_001899.wav,train,0,0,0,0,0,0,0,0
12_002182.wav,train,0,0,0,0,0,0,0,0
12_002277.wav,train,1,0,0,0,0,0,0,0
12_002753.wav,train,0,0,0,0,0,0,0,0
12_002844.wav,train,0,0,0,0,0,0,1,0
12_003058.wav,train,0,0,0,0,1,0,0,0
12_003304.wav,train,1,0,0,0,0,0,0,0
12_003435.wav,train,1,0,0,0,1,0,0,0
12_003478.wav,train,1,0,0,0,0,0,0,0
12_004032.wav,train,0,0,0,0,1,0,1,0
12_004339.wav,train,0,0,0,0,0,0,0,0
12_004439.wav,train,0,0,0,0,0,0,0,0
12_005023.wav,train,1,0,0,1,0,0,0,0
12_005144.wav,train,0,0,0,0,1,0,0,0
12_005181.wav,train,1,0,0,0,1,0,0,0
12_005302.wav,train,1,0,0,0,0,0,0,0
12_005504.wav,train,1,0,0,0,0,0,0,0
12_005690.wav,train,0,0,0,1,0,0,0,0
12_005780.wav,train,1,0,0,0,1,0,0,0
12_005878.wav,train,1,0,0,0,0,0,0,0
12_005906.wav,train,0,0,0,0,0,0,1,0
12_006031.wav,train,1,0,0,0,1,0,0,0
12_006319.wav,train,1,0,0,0,0,0,0,0
12_006651.wav,train,0,0,0,0,1,0,0,0
12_007005.wav,train,1,0,0,0,0,0,0,0
12_007302.wav,train,1,0,0,0,0,0,0,0
12_007497.wav,train,1,0,0,0,0,0,0,0
12_007588.wav,train,0,0,0,0,0,0,0,0
12_007739.wav,train,0,0,0,0,0,0,0,0
12_007860.wav,train,1,0,0,0,1,0,0,0
12_007982.wav,train,1,0,0,1,0,0,0,0
12_009056.wav,train,1,0,0,1,0,0,0,0
12_009065.wav,train,0,0,0,0,0,0,0,0
12_009071.wav,train,0,0,0,0,1,0,0,0
12_009115.wav,train,0,0,0,0,1,0,0,0
12_009163.wav,train,0,0,0,0,1,0,0,0
12_009239.wav,train,0,0,0,0,1,0,0,0
12_009252.wav,train,0,0,0,0,0,0,0,0
12_009366.wav,train,1,0,0,0,0,0,0,0
12_009478.wav,train,0,0,0,0,0,0,0,0
12_009584.wav,train,0,0,0,0,1,0,0,0
12_009864.wav,train,1,0,0,0,0,0,1,0
12_009867.wav,train,0,0,0,0,0,0,0,0
12_010013.wav,train,1,0,0,0,1,0,0,0
12_010062.wav,train,0,0,0,0,1,0,0,0
12_010093.wav,train,0,0,0,0,0,0,0,0
12_010231.wav,train,0,0,0,0,1,0,0,0
12_010501.wav,train,0,0,0,0,1,0,0,0
12_010784.wav,train,1,0,0,0,0,0,0,0
12_011048.wav,train,0,0,0,0,1,0,0,0
12_011453.wav,train,0,0,0,0,0,0,1,0
12_011612.wav,train,1,0,0,0,0,0,0,0
12_011703.wav,train,1,0,0,0,1,0,0,0
12_013112.wav,train,0,0,0,0,0,0,0,0
12_013198.wav,train,0,0,0,0,0,0,0,0
12_013459.wav,train,1,0,0,0,0,0,0,0
12_013684.wav,train,0,0,0,0,1,0,0,0
12_016378.wav,train,0,0,0,0,0,0,0,0
12_016468.wav,train,0,0,0,0,1,0,1,0
12_016759.wav,train,0,1,0,0,0,0,0,0
12_016768.wav,train,0,0,0,1,0,0,0,0
12_017069.wav,train,1,0,0,0,1,0,0,0
12_017152.wav,train,0,0,0,0,1,0,0,0
12_017330.wav,train,0,0,0,0,0,0,0,0
12_017334.wav,train,1,0,0,0,1,0,0,0
12_017630.wav,train,0,0,0,0,1,0,0,0
12_017806.wav,train,1,0,0,0,0,0,0,0
12_017891.wav,train,0,0,0,0,1,0,0,0
12_018037.wav,train,0,0,0,0,1,0,0,0
12_018110.wav,train,0,0,0,0,0,0,0,0
12_018218.wav,train,0,0,0,0,0,0,0,0
12_018298.wav,train,0,0,0,0,0,0,0,0
12_018539.wav,train,0,0,0,0,1,0,1,0
12_018779.wav,train,1,0,0,0,0,0,1,0
12_018873.wav,train,0,0,0,0,0,0,0,0
12_019749.wav,train,0,0,0,0,0,0,0,0
12_020506.wav,train,0,0,0,0,1,0,1,0
12_020717.wav,train,0,0,0,0,1,0,0,0
12_020824.wav,train,0,0,0,0,0,0,0,0
12_020852.wav,train,1,0,0,0,1,0,0,0
12_026902.wav,test,1,0,0,0,0,1,1,0
12_027022.wav,test,1,0,1,0,0,0,0,0
12_027036.wav,test,1,0,0,0,0,0,1,0
12_027192.wav,test,0,0,0,0,0,0,0,0
12_027278.wav,test,1,0,0,0,1,0,1,0
12_027346.wav,test,1,0,1,0,0,0,0,0
12_027362.wav,test,1,0,0,0,0,0,1,0
12_027389.wav,test,1,0,0,0,0,0,1,0
12_027576.wav,test,1,0,0,0,0,0,0,0
12_027666.wav,test,0,0,1,0,0,0,1,0
12_027674.wav,test,1,0,1,0,0,0,1,0
13_000021.wav,train,0,0,0,0,0,0,1,0
13_000110.wav,train,0,0,0,0,0,0,1,0
13_000191.wav,train,1,0,0,0,0,0,0,0
13_000200.wav,train,0,0,0,0,1,0,1,0
13_000229.wav,train,0,0,0,0,0,0,1,0
13_000314.wav,train,0,0,0,0,1,0,0,0
13_000446.wav,train,0,0,0,0,0,0,0,0
13_000533.wav,train,1,0,0,0,0,0,0,0
13_000556.wav,train,0,0,0,0,1,0,0,0
13_000755.wav,train,0,0,0,0,0,0,0,0
13_000791.wav,train,0,0,0,0,0,0,1,0
13_000826.wav,train,0,0,0,0,0,0,1,0
13_000915.wav,train,0,0,0,0,1,0,0,0
13_000920.wav,train,0,0,0,0,0,0,0,0
13_000955.wav,train,0,0,0,0,0,0,1,0
13_001002.wav,train,1,0,0,0,1,0,0,0
13_001015.wav,train,0,0,0,0,0,0,1,0
13_001041.wav,train,0,0,0,0,0,0,1,0
13_001136.wav,train,0,0,0,0,0,0,0,0
13_001218.wav,train,1,0,0,0,0,0,0,0
13_001340.wav,train,0,0,0,0,0,0,0,0
13_001344.wav,train,0,0,1,0,0,0,0,0
13_001360.wav,train,0,0,0,0,0,0,0,0
13_001380.wav,train,0,0,0,0,1,0,0,0
13_001487.wav,train,1,0,0,0,0,0,0,0
13_001500.wav,train,0,0,0,0,0,0,1,0
13_001613.wav,train,0,0,0,0,0,0,1,0
13_001730.wav,train,0,0,0,0,0,0,0,0
13_001743.wav,train,0,0,0,0,0,0,0,0
13_001772.wav,train,0,0,0,0,1,0,0,0
13_001842.wav,train,0,0,0,0,0,0,0,0
13_001895.wav,train,0,0,0,0,0,0,1,0
13_001902.wav,train,0,0,0,0,0,0,1,0
13_001980.wav,train,0,0,0,0,0,0,0,0
13_002002.wav,train,0,0,0,0,0,0,1,0
13_002109.wav,train,0,0,0,0,0,0,0,0
13_002116.wav,train,0,0,0,0,0,0,0,0
13_002176.wav,train,0,0,1,0,0,0,0,0
13_002372.wav,train,0,0,0,0,0,0,0,0
13_002652.wav,train,0,0,0,0,0,0,0,0
13_002772.wav,train,0,0,0,0,0,0,1,0
13_002946.wav,train,1,0,0,0,0,0,0,0
13_003040.wav,train,1,0,0,0,0,0,0,0
13_003072.wav,train,0,0,0,0,1,0,0,0
13_003096.wav,train,0,0,0,0,0,0,1,0
13_003237.wav,train,0,0,0,0,1,0,0,0
13_003540.wav,train,0,1,0,0,0,0,0,0
13_003548.wav,train,0,0,0,0,0,0,0,0
13_003576.wav,train,0,0,0,0,0,0,1,0
13_003585.wav,train,0,0,0,0,1,0,0,0
13_003679.wav,train,0,0,0,0,0,0,1,0
13_003778.wav,train,0,0,0,0,0,0,0,0
13_003795.wav,train,0,0,0,0,0,0,0,0
13_004024.wav,train,0,0,0,0,1,0,0,0
13_004064.wav,train,0,0,0,0,0,0,1,0
13_004098.wav,train,0,0,0,0,0,0,1,0
13_004163.wav,train,0,0,0,0,0,0,0,0
13_004230.wav,train,0,0,0,0,0,0,0,0
13_004361.wav,train,0,0,0,0,0,0,1,0
13_004509.wav,train,0,0,0,1,0,0,0,0
13_004611.wav,train,0,0,0,0,0,0,1,0
13_004902.wav,train,0,0,0,0,0,0,1,0
13_004907.wav,train,0,1,0,0,1,0,1,0
13_004929.wav,train,0,0,0,0,0,0,1,0
13_004938.wav,train,1,0,0,0,1,0,0,0
13_004942.wav,train,0,0,0,0,0,0,1,0
13_004953.wav,train,0,0,0,0,0,0,1,0
13_005131.wav,train,0,0,0,0,1,0,0,0
13_005140.wav,train,1,0,0,0,0,0,0,0
13_005241.wav,train,1,0,0,0,0,0,0,0
13_005260.wav,train,0,0,0,0,0,0,1,0
13_005286.wav,train,0,0,0,0,1,0,0,0
13_005297.wav,train,0,0,0,0,1,0,0,0
13_005322.wav,train,0,0,0,0,0,0,1,0
13_005488.wav,train,0,0,0,0,0,0,1,0
13_005506.wav,train,0,0,0,0,0,0,1,0
13_005524.wav,train,0,0,0,0,0,0,1,0
13_005574.wav,train,0,0,0,0,0,0,0,0
13_005628.wav,train,0,0,0,0,0,0,1,0
13_005722.wav,train,0,0,0,0,0,0,1,0
13_005729.wav,train,0,0,0,0,1,0,0,0
13_005741.wav,train,0,0,0,0,0,0,1,0
13_005770.wav,train,0,0,0,0,0,0,1,0
13_005793.wav,train,0,0,0,0,1,0,0,0
13_005877.wav,train,0,0,0,0,0,0,1,0
13_005936.wav,train,0,0,0,0,0,0,0,0
13_005959.wav,train,0,0,0,0,1,0,1,0
13_006023.wav,train,0,0,0,0,0,0,0,0
13_006055.wav,train,0,0,0,0,0,0,1,0
13_006090.wav,train,0,0,0,0,0,0,0,0
13_006136.wav,train,0,0,0,0,1,0,0,0
13_006193.wav,train,0,0,0,0,0,0,1,0
13_006317.wav,train,0,0,0,0,0,0,1,0
13_006328.wav,train,0,0,0,0,0,1,0,0
13_006369.wav,train,0,0,0,0,0,0,1,0
13_006370.wav,train,0,0,0,0,0,0,1,0
13_006461.wav,train,0,0,0,0,0,0,0,0
13_006583.wav,train,0,0,0,0,1,0,0,0
13_006636.wav,train,0,0,0,0,0,1,0,0
13_006767.wav,train,0,0,0,0,0,0,0,0
13_006806.wav,train,0,0,0,0,0,0,1,0
13_006837.wav,train,0,0,0,0,1,0,0,0
13_006952.wav,train,0,0,0,0,1,0,0,0
13_006979.wav,train,0,0,0,0,0,0,1,0
13_007044.wav,train,1,0,0,0,0,0,1,0
13_007050.wav,train,0,0,1,0,1,1,0,0
13_007060.wav,train,1,0,0,0,0,0,1,0
13_007217.wav,train,0,0,0,0,0,1,0,0
13_007238.wav,train,0,0,0,0,0,0,0,0
13_007299.wav,train,0,0,0,0,0,0,0,0
13_007439.wav,train,0,0,0,0,0,0,0,0
13_007614.wav,train,1,0,0,0,1,0,1,0
13_007732.wav,train,1,0,0,0,1,0,0,0
13_007738.wav,train,0,0,0,0,0,1,0,0
13_007780.wav,train,0,0,0,0,0,0,0,0
13_007815.wav,train,0,0,0,0,0,0,1,0
13_007851.wav,train,0,0,0,0,0,0,1,0
13_007971.wav,train,0,0,0,0,0,0,0,0
13_008004.wav,train,0,0,0,0,0,0,0,0
13_008006.wav,train,0,0,0,0,0,0,1,0
13_008043.wav,train,1,0,0,0,0,0,0,0
13_008053.wav,train,0,0,0,0,0,0,0,0
13_008110.wav,train,0,0,0,0,0,0,0,0
13_008136.wav,train,0,0,0,0,0,0,0,0
13_008238.wav,train,0,0,0,0,0,0,0,0
13_008248.wav,train,0,0,0,0,0,0,0,0
13_008282.wav,train,1,0,0,0,1,0,0,0
13_008319.wav,train,1,0,0,0,0,0,0,0
13_008337.wav,train,0,0,0,0,0,0,0,0
13_008362.wav,train,1,0,0,0,0,0,0,0
13_008504.wav,train,0,0,0,0,0,0,1,0
13_008630.wav,train,0,0,0,0,0,0,1,0
13_008730.wav,train,0,0,0,0,1,0,0,0
13_008743.wav,train,0,0,0,0,1,0,0,0
13_008862.wav,train,0,0,0,0,0,0,1,0
13_008950.wav,train,0,0,0,0,0,0,1,0
13_008986.wav,train,0,0,0,0,0,0,0,0
13_009043.wav,train,0,0,0,0,0,0,0,0
13_009171.wav,train,0,0,0,0,0,0,1,0
13_009175.wav,train,0,0,0,0,0,0,1,0
13_009273.wav,train,1,0,0,0,0,0,0,0
13_009277.wav,train,0,0,0,0,0,0,0,0
13_009281.wav,train,1,0,0,0,0,0,0,0
13_009369.wav,train,0,0,0,0,1,0,0,0
13_009432.wav,train,1,0,0,0,1,0,0,0
13_009439.wav,train,0,0,0,0,0,0,1,0
13_009473.wav,train,1,0,0,0,0,0,1,0
13_009476.wav,train,0,0,0,0,1,0,1,0
13_009504.wav,train,0,0,0,0,0,0,1,0
13_009534.wav,train,0,0,0,0,0,0,0,0
13_009535.wav,train,1,0,0,0,0,0,0,0
13_009622.wav,train,1,0,0,0,1,0,0,0
13_009625.wav,train,0,0,0,0,0,0,1,0
13_009645.wav,train,1,0,0,0,1,0,0,0
13_009724.wav,train,0,0,0,0,0,0,0,0
13_009757.wav,train,0,0,0,0,1,0,0,0
13_009801.wav,train,0,0,0,0,0,0,1,0
13_009823.wav,train,1,0,0,0,0,0,0,0
13_009853.wav,train,0,0,0,1,0,0,0,0
13_009903.wav,train,0,0,0,0,0,0,0,0
13_009905.wav,train,0,0,0,0,0,0,1,0
13_009976.wav,train,0,0,0,0,0,0,0,0
13_009989.wav,train,0,0,0,0,0,0,1,0
13_010064.wav,train,0,0,0,0,0,0,0,0
13_010110.wav,train,1,0,0,0,1,0,0,0
13_010242.wav,train,0,0,0,0,1,0,0,0
13_010279.wav,train,0,0,0,0,0,0,1,0
13_010347.wav,train,0,1,0,0,0,0,0,0
13_010371.wav,train,1,0,0,0,0,0,0,0
13_010546.wav,train,0,0,0,0,1,0,0,0
13_010576.wav,train,1,0,0,0,1,0,1,0
13_010604.wav,train,0,1,0,0,0,0,0,0
13_010613.wav,train,0,0,0,0,0,0,1,0
13_010670.wav,train,0,1,0,0,0,0,0,0
13_010786.wav,train,1,0,0,0,0,0,0,0
13_010816.wav,train,0,0,0,0,0,0,1,0
13_010834.wav,train,0,0,0,0,0,0,1,0
13_010864.wav,train,0,0,0,0,0,0,0,0
13_010972.wav,train,0,0,0,0,0,0,1,0
13_011005.wav,train,0,0,0,0,1,0,0,0
13_011108.wav,train,1,0,0,0,0,0,0,0
13_011130.wav,train,0,0,0,0,0,0,0,0
13_011133.wav,train,0,0,0,0,0,0,1,0
13_011172.wav,train,0,0,0,0,0,0,1,0
13_011187.wav,train,0,1,0,0,0,0,0,0
13_011226.wav,train,0,0,0,0,0,0,1,0
13_011230.wav,train,0,1,0,0,0,0,0,0
13_011242.wav,train,0,0,0,0,0,0,0,0
13_011313.wav,train,0,0,0,0,0,0,0,0
13_011328.wav,train,0,0,0,0,1,0,0,0
13_011348.wav,train,0,0,0,0,1,0,0,0
13_011373.wav,train,0,1,0,0,0,0,0,0
13_011420.wav,train,0,0,0,0,0,0,0,0
13_011449.wav,train,0,0,0,0,0,0,1,0
13_011466.wav,train,0,0,0,0,0,0,0,0
13_011469.wav,train,0,0,0,0,0,0,0,0
13_011476.wav,train,0,1,0,0,0,0,0,0
13_011523.wav,train,0,0,1,0,0,0,0,0
13_011592.wav,train,1,0,0,0,0,0,0,0
13_011630.wav,train,0,1,0,0,0,0,0,0
13_011758.wav,train,1,0,0,0,0,0,0,0
13_011808.wav,train,0,0,0,0,0,0,0,0
13_011855.wav,train,1,0,0,0,0,0,0,0
13_011942.wav,train,0,0,0,0,0,0,1,0
13_012034.wav,train,0,0,0,0,0,0,0,0
13_012066.wav,train,0,0,0,0,0,0,0,0
13_012081.wav,train,0,0,0,0,0,0,1,0
13_012107.wav,train,0,0,0,0,0,0,0,0
13_012118.wav,train,0,0,0,0,0,0,0,0
13_012126.wav,train,0,0,0,0,0,0,0,0
13_012150.wav,train,0,0,0,1,0,0,0,0
13_012163.wav,train,0,0,0,0,0,0,0,0
13_012173.wav,train,0,1,0,0,0,0,0,0
13_012194.wav,train,0,0,0,0,0,0,0,0
13_012224.wav,train,0,0,0,0,0,0,1,0
13_012225.wav,train,0,1,0,0,0,0,0,0
13_012266.wav,train,0,0,0,0,0,0,0,0
13_012287.wav,train,0,0,0,0,0,0,0,0
13_012296.wav,train,0,0,0,0,0,0,0,0
13_012316.wav,train,1,0,0,0,0,0,0,0
13_012329.wav,train,0,0,0,0,0,0,0,0
13_012484.wav,train,0,0,0,0,0,0,0,0
13_012544.wav,train,0,0,0,0,0,0,0,0
13_012556.wav,train,0,0,0,0,0,0,0,0
13_012577.wav,train,1,0,0,0,0,0,0,0
13_012592.wav,train,0,0,0,0,0,0,0,0
13_012626.wav,train,0,0,0,0,1,0,0,0
13_012633.wav,train,0,0,0,0,0,0,0,0
13_012676.wav,train,0,0,0,0,0,0,1,0
13_012695.wav,train,0,0,0,0,0,0,1,0
13_012700.wav,train,0,0,0,0,1,0,0,0
13_012756.wav,train,0,0,0,0,0,0,1,0
13_012771.wav,train,0,0,0,1,0,0,0,0
13_012808.wav,train,0,0,0,0,0,0,0,0
13_012824.wav,train,0,0,0,0,0,0,0,0
13_012971.wav,train,1,0,0,0,1,0,0,0
13_012985.wav,train,0,0,0,0,0,0,1,0
13_013015.wav,train,0,1,0,0,0,0,0,0
13_013046.wav,train,0,0,0,0,0,0,1,0
13_013098.wav,train,0,0,0,0,0,0,0,0
13_013105.wav,train,1,0,0,0,0,0,0,0
13_013152.wav,train,1,0,0,0,0,0,0,0
13_013160.wav,train,0,0,0,0,0,1,1,0
13_013203.wav,train,1,0,0,0,0,0,0,0
13_013444.wav,train,0,0,0,0,0,0,0,0
13_013477.wav,train,0,0,0,0,0,0,0,0
13_013623.wav,train,0,0,0,0,0,0,0,0
13_013656.wav,train,0,1,0,0,0,0,0,0
13_016350.wav,train,0,0,0,0,0,0,0,0
13_016364.wav,train,0,0,0,0,1,0,1,0
13_016403.wav,train,1,0,0,0,0,0,0,0
13_016485.wav,train,0,0,0,0,0,0,1,0
13_016562.wav,train,1,0,0,0,0,0,0,0
13_016593.wav,train,0,0,0,0,0,1,0,0
13_016620.wav,train,0,0,0,0,1,0,0,0
13_016733.wav,train,0,0,0,0,0,0,0,0
13_016766.wav,train,0,0,0,0,0,0,1,0
13_016770.wav,train,0,0,0,0,0,0,0,0
13_016787.wav,train,1,0,0,0,1,0,0,0
13_016793.wav,train,0,1,0,0,0,0,0,0
13_016833.wav,train,0,0,0,0,0,0,0,0
13_016851.wav,train,0,1,0,0,0,0,0,0
13_016944.wav,train,0,0,0,0,0,1,0,0
13_017015.wav,train,0,0,0,0,0,0,0,0
13_017040.wav,train,0,0,0,0,1,0,0,0
13_017122.wav,train,0,0,0,0,1,0,0,0
13_017156.wav,train,0,0,0,0,0,0,0,0
13_017184.wav,train,0,1,0,0,0,0,0,0
13_017228.wav,train,0,0,0,0,1,0,0,0
13_017399.wav,train,0,0,0,0,1,0,1,0
13_017440.wav,train,1,0,0,0,0,0,0,0
13_017485.wav,train,1,0,0,0,0,0,0,0
13_017556.wav,train,0,0,0,0,0,0,0,0
13_017601.wav,train,0,1,0,0,0,0,0,0
13_017625.wav,train,0,0,0,0,0,0,0,0
13_017663.wav,train,0,0,0,0,1,0,1,0
13_017710.wav,train,1,0,0,0,0,0,0,0
13_017798.wav,train,0,0,0,0,1,0,0,0
13_017812.wav,train,1,0,0,0,0,0,0,0
13_017950.wav,train,1,0,0,0,0,0,0,0
13_017954.wav,train,1,0,0,0,0,0,0,0
13_018046.wav,train,0,0,0,0,1,0,0,0
13_018116.wav,train,0,0,0,0,0,0,0,0
13_018126.wav,train,0,1,0,0,0,0,0,0
13_018198.wav,train,0,0,0,0,0,0,0,0
13_018221.wav,train,1,0,0,0,0,0,0,0
13_018232.wav,train,1,0,0,0,0,0,0,0
13_018239.wav,train,0,0,0,0,0,0,0,0
13_018288.wav,train,0,0,0,0,0,0,0,0
13_018301.wav,train,0,0,0,0,0,0,0,0
13_018313.wav,train,0,0,0,0,0,0,0,0
13_018378.wav,train,0,0,0,0,0,0,0,0
13_018567.wav,train,1,0,0,0,0,0,0,0
13_018710.wav,train,1,0,0,0,1,0,0,0
13_018719.wav,train,0,0,0,0,1,0,1,0
13_018724.wav,train,0,0,0,0,0,0,0,0
13_018760.wav,train,0,0,0,0,1,0,0,0
13_018775.wav,train,1,0,0,0,0,0,0,0
13_018828.wav,train,0,0,0,0,0,0,0,0
13_018898.wav,train,0,1,0,0,0,0,0,0
13_018902.wav,train,0,0,0,0,0,0,0,0
13_018983.wav,train,0,1,0,0,0,0,0,0
13_018984.wav,train,0,1,0,0,0,0,0,0
13_019051.wav,train,0,0,0,0,1,0,0,0
13_019077.wav,train,0,0,0,0,0,0,0,0
13_019354.wav,train,0,0,0,0,1,0,0,0
13_019417.wav,train,1,0,0,0,0,0,0,0
13_019448.wav,train,0,0,0,0,0,0,0,0
13_019489.wav,train,0,0,0,0,1,0,1,0
13_019491.wav,train,0,0,0,0,0,0,0,0
13_019531.wav,train,1,0,0,0,0,0,0,0
13_019573.wav,train,0,0,0,0,0,1,1,0
13_019743.wav,train,0,0,0,0,0,0,1,0
13_019807.wav,train,0,1,0,0,0,0,1,0
13_019851.wav,train,1,0,0,0,0,0,0,0
13_019886.wav,train,0,0,0,0,0,1,0,0
13_019900.wav,train,0,0,0,0,0,0,1,0
13_019921.wav,train,0,0,0,0,0,0,1,0
13_020004.wav,train,0,0,0,0,1,0,0,0
13_020020.wav,train,1,0,0,0,0,0,0,0
13_020031.wav,train,1,0,0,0,0,0,0,0
13_020132.wav,train,0,0,0,0,0,0,0,0
13_020150.wav,train,0,0,0,0,0,0,1,0
13_020156.wav,train,0,0,0,0,0,0,1,0
13_020159.wav,train,0,1,0,0,0,0,1,0
13_020231.wav,train,1,0,0,0,0,0,0,0
13_020241.wav,train,0,0,0,1,0,0,0,0
13_020282.wav,train,0,0,0,0,0,0,0,0
13_020364.wav,train,0,0,0,0,1,0,0,0
13_020419.wav,train,0,0,0,0,1,0,0,0
13_020455.wav,train,0,0,0,0,0,0,0,0
13_020489.wav,train,0,0,0,1,0,0,0,0
13_020490.wav,train,0,0,0,0,0,0,1,0
13_020607.wav,train,0,1,0,0,0,0,0,0
13_020621.wav,train,1,0,0,0,1,0,0,0
13_020650.wav,train,0,0,0,0,0,0,0,0
13_020672.wav,train,0,0,0,0,0,0,1,0
13_020795.wav,train,0,0,0,0,0,0,0,0
13_020861.wav,train,0,0,0,0,0,0,0,0
13_026892.wav,test,0,0,1,0,0,0,1,0
13_026924.wav,test,0,0,0,0,1,0,0,0
13_027129.wav,test,0,0,1,0,0,0,0,0
13_027202.wav,test,0,0,0,0,0,0,0,0
13_027356.wav,test,0,0,1,0,0,1,0,0
13_027452.wav,test,1,0,0,0,0,1,1,0
13_027644.wav,test,1,0,0,0,0,1,0,0
13_027691.wav,test,0,0,1,0,0,0,0,0
13_027734.wav,test,1,0,0,0,0,0,0,0
13_027867.wav,test,1,0,0,0,0,0,0,0
14_000042.wav,train,1,0,0,0,0,0,0,0
14_000274.wav,train,1,0,0,0,0,0,0,0
14_000330.wav,train,0,0,0,0,0,1,0,0
14_000930.wav,train,0,0,0,0,0,0,0,0
14_001050.wav,train,0,0,0,0,0,0,0,0
14_003194.wav,train,0,1,0,0,0,0,0,0
14_003368.wav,train,0,0,0,0,0,0,1,0
14_003429.wav,train,0,0,0,0,0,0,1,0
14_003501.wav,train,0,0,0,0,0,0,1,0
14_004130.wav,train,0,0,0,0,0,0,0,0
14_004258.wav,train,0,0,0,0,0,0,0,0
14_004921.wav,train,0,0,0,0,0,0,1,0
14_004928.wav,train,0,0,0,0,1,0,0,0
14_004937.wav,train,0,0,0,0,0,0,0,0
14_005069.wav,train,1,1,0,0,0,0,0,0
14_005082.wav,train,0,0,0,0,0,0,1,0
14_005182.wav,train,0,0,0,0,0,0,0,0
14_005318.wav,train,0,0,0,0,0,0,0,0
14_005595.wav,train,0,0,0,0,1,0,0,0
14_005675.wav,train,0,0,0,0,0,0,1,0
14_005856.wav,train,0,0,0,0,0,0,0,0
14_006354.wav,train,0,0,0,0,0,0,0,0
14_006447.wav,train,0,0,0,0,0,0,1,0
14_006712.wav,train,0,0,0,0,0,0,1,0
14_007142.wav,train,0,0,0,0,1,0,0,0
14_007393.wav,train,0,0,0,0,0,0,1,0
14_007446.wav,train,0,0,0,0,0,0,0,0
14_007526.wav,train,0,0,0,0,0,0,0,0
14_007528.wav,train,0,0,0,0,0,0,1,0
14_007890.wav,train,0,0,0,0,0,0,0,0
14_008367.wav,train,0,0,0,0,0,0,0,0
14_008383.wav,train,0,0,0,0,1,0,0,0
14_008440.wav,train,0,0,0,0,0,0,0,0
14_008664.wav,train,0,0,0,0,0,0,0,0
14_008729.wav,train,0,0,0,0,0,0,0,0
14_008739.wav,train,0,0,0,0,1,0,0,0
14_009000.wav,train,0,0,0,0,0,0,0,0
14_009302.wav,train,0,0,0,0,0,0,0,0
14_009326.wav,train,0,0,0,0,0,0,0,0
14_009338.wav,train,0,0,0,0,0,0,0,0
14_009399.wav,train,0,0,0,0,0,0,0,0
14_009464.wav,train,0,0,0,0,0,0,0,1
14_009477.wav,train,0,0,0,0,0,0,0,0
14_009489.wav,train,0,0,0,0,0,0,0,0
14_009562.wav,train,0,0,0,0,1,0,0,0
14_009603.wav,train,0,0,0,0,0,0,0,0
14_009615.wav,train,0,0,0,0,0,0,0,0
14_009617.wav,train,0,1,0,0,0,0,0,0
14_009658.wav,train,0,0,0,0,0,0,1,0
14_009752.wav,train,1,0,0,0,0,0,0,0
14_009784.wav,train,0,0,0,0,0,0,1,0
14_009975.wav,train,0,0,0,0,0,0,1,0
14_009997.wav,train,0,0,0,0,0,0,0,0
14_010017.wav,train,0,0,0,0,0,0,0,0
14_010025.wav,train,0,0,0,0,0,0,0,0
14_010117.wav,train,0,0,0,0,0,0,0,0
14_010154.wav,train,0,0,0,0,0,0,0,0
14_010177.wav,train,0,0,0,0,0,0,0,0
14_010194.wav,train,0,0,0,0,0,0,0,0
14_010492.wav,train,0,0,0,0,0,0,1,0
14_010542.wav,train,0,0,0,0,0,0,0,0
14_010597.wav,train,1,0,0,0,0,0,0,0
14_010888.wav,train,0,0,0,0,0,0,1,0
14_011010.wav,train,0,0,0,0,0,0,1,0
14_011124.wav,train,1,0,0,0,0,0,0,0
14_011245.wav,train,1,0,0,0,0,0,0,0
14_011281.wav,train,0,0,0,0,0,0,0,0
14_011345.wav,train,0,0,0,0,0,0,1,0
14_011357.wav,train,0,0,0,0,0,0,0,0
14_011378.wav,train,0,0,0,0,1,0,0,0
14_011417.wav,train,0,0,0,0,1,0,0,0
14_011474.wav,train,0,0,0,0,0,0,0,0
14_011495.wav,train,0,0,0,0,0,0,1,0
14_011747.wav,train,1,0,0,0,0,0,0,0
14_012315.wav,train,0,0,0,0,0,0,0,0
14_012326.wav,train,0,0,0,0,0,0,1,0
14_012382.wav,train,0,0,0,0,0,0,0,0
14_012418.wav,train,0,0,0,0,0,0,1,0
14_012504.wav,train,0,0,0,1,0,0,0,0
14_012573.wav,train,0,0,0,0,0,0,0,0
14_012575.wav,train,0,0,0,0,0,0,0,0
14_012587.wav,train,0,0,0,0,0,0,1,0
14_012748.wav,train,0,0,0,0,0,0,0,0
14_012763.wav,train,0,0,0,0,0,0,0,0
14_012883.wav,train,0,0,0,0,0,0,0,0
14_012930.wav,train,0,0,0,0,0,0,0,0
14_012980.wav,train,0,0,0,0,0,0,1,0
14_013081.wav,train,0,0,0,0,0,0,1,0
14_013186.wav,train,0,0,0,0,0,0,0,0
14_013259.wav,train,0,0,0,0,0,0,1,0
14_013268.wav,train,0,0,0,0,0,0,0,0
14_013591.wav,train,0,0,0,0,0,0,0,0
14_016424.wav,train,0,0,0,0,0,0,0,0
14_016623.wav,train,0,0,0,0,0,0,0,0
14_016671.wav,train,0,0,0,0,0,0,1,0
14_016795.wav,train,0,0,0,0,0,0,0,0
14_016807.wav,train,0,0,0,0,0,0,1,0
14_016842.wav,train,0,0,0,0,0,0,0,0
14_017087.wav,train,0,0,0,0,0,0,0,0
14_017240.wav,train,0,0,0,0,0,0,0,0
14_017271.wav,train,0,0,0,0,0,0,1,0
14_017280.wav,train,0,0,0,0,0,0,0,0
14_017308.wav,train,0,0,0,0,0,0,0,0
14_017336.wav,train,0,0,0,0,0,0,1,0
14_017548.wav,train,0,0,0,0,0,0,0,0
14_017650.wav,train,1,0,0,0,0,0,0,0
14_017686.wav,train,0,0,0,0,0,0,0,0
14_018041.wav,train,0,0,0,0,0,1,0,0
14_018150.wav,train,0,0,0,0,0,0,0,0
14_018447.wav,train,0,0,0,0,0,0,1,0
14_018576.wav,train,0,0,0,0,0,0,0,0
14_018687.wav,train,0,0,0,0,0,1,0,0
14_018699.wav,train,0,0,0,0,0,0,0,0
14_018729.wav,train,0,0,0,0,0,0,1,0
14_018889.wav,train,0,0,0,0,0,0,0,0
14_019015.wav,train,0,0,0,0,0,0,0,0
14_019095.wav,train,0,0,0,0,0,0,0,0
14_019269.wav,train,0,0,0,0,0,0,1,0
14_019373.wav,train,0,0,0,0,0,0,1,0
14_019453.wav,train,0,0,0,0,0,0,0,0
14_019505.wav,train,0,0,0,0,0,0,0,0
14_019612.wav,train,0,0,0,0,1,0,1,0
14_019701.wav,train,0,0,0,0,0,0,1,0
14_019755.wav,train,0,0,0,0,0,0,1,0
14_019891.wav,train,0,0,0,0,0,0,1,0
14_019906.wav,train,0,0,0,0,0,0,1,0
14_019963.wav,train,0,0,0,0,0,1,0,0
14_019974.wav,train,0,0,0,0,1,0,0,0
14_020071.wav,train,0,0,0,0,0,0,1,0
14_020273.wav,train,0,0,0,0,0,0,0,0
14_020387.wav,train,0,0,0,0,0,0,0,0
14_020422.wav,train,0,0,0,0,0,0,0,0
14_020776.wav,train,0,0,0,0,0,1,0,0
14_020810.wav,train,0,0,0,0,0,1,0,0
14_020839.wav,train,0,0,0,0,0,0,0,0
14_026950.wav,test,0,0,0,0,0,0,0,0
14_027040.wav,test,0,0,0,0,0,0,1,0
14_027048.wav,test,0,0,0,0,0,0,0,0
14_027056.wav,test,0,0,0,0,0,0,0,0
14_027083.wav,test,0,0,0,0,1,0,0,0
14_027108.wav,test,0,0,0,0,0,1,1,0
14_027140.wav,test,0,0,0,0,0,0,0,0
14_027249.wav,test,0,0,0,0,1,0,1,0
14_027326.wav,test,0,0,0,1,0,0,0,0
14_027330.wav,test,0,0,0,0,0,0,0,1
14_027334.wav,test,0,0,1,0,1,0,0,0
14_027431.wav,test,0,0,1,0,0,0,0,0
14_027464.wav,test,0,0,0,0,1,0,1,0
14_027492.wav,test,0,0,0,0,0,0,1,0
14_027497.wav,test,0,0,1,0,0,0,0,0
14_027560.wav,test,0,0,1,0,0,0,1,0
14_027698.wav,test,1,0,0,0,0,0,0,0
14_027709.wav,test,0,0,0,0,1,0,0,0
14_027785.wav,test,0,0,0,0,0,0,0,0
14_027877.wav,test,0,0,1,0,0,0,1,0
15_000132.wav,train,1,0,0,0,1,0,0,0
15_000177.wav,train,1,0,0,0,0,0,0,0
15_000313.wav,train,1,0,0,0,0,0,0,0
15_000348.wav,train,0,0,0,0,0,0,0,0
15_000349.wav,train,0,0,0,0,1,0,0,0
15_000554.wav,train,0,0,0,1,0,0,0,0
15_000625.wav,train,0,0,0,1,0,0,0,0
15_000653.wav,train,0,0,0,1,0,0,0,0
15_000777.wav,train,0,0,0,0,1,0,0,0
15_000779.wav,train,1,0,0,0,1,0,0,0
15_000832.wav,train,0,0,0,0,1,0,0,0
15_002265.wav,train,1,0,0,0,0,0,0,0
15_002524.wav,train,0,0,0,0,0,0,0,0
15_002796.wav,train,0,0,0,0,0,0,0,0
15_002904.wav,train,1,0,0,0,0,0,0,0
15_003403.wav,train,0,0,0,0,0,0,0,0
15_003461.wav,train,1,0,0,0,0,0,0,0
15_003635.wav,train,0,0,1,0,0,0,0,0
15_003642.wav,train,1,0,0,0,0,0,0,0
15_003789.wav,train,1,0,0,0,0,0,0,0
15_003857.wav,train,0,0,0,0,0,0,0,0
15_003858.wav,train,0,0,0,0,0,0,0,0
15_003998.wav,train,0,1,0,0,0,0,0,0
15_004131.wav,train,0,0,0,0,0,0,0,0
15_004175.wav,train,0,0,0,0,0,0,0,0
15_004297.wav,train,0,0,0,1,0,0,0,0
15_004400.wav,train,1,0,0,0,0,0,0,0
15_004462.wav,train,0,1,0,0,0,0,0,0
15_004580.wav,train,1,0,0,0,0,0,0,0
15_004620.wav,train,1,0,0,0,0,0,0,0
15_004645.wav,train,0,0,0,1,0,0,0,0
15_004979.wav,train,0,0,0,0,0,0,0,0
15_005136.wav,train,1,0,0,0,1,0,0,0
15_005167.wav,train,1,0,0,0,0,0,0,0
15_005207.wav,train,0,0,0,0,0,0,0,0
15_005294.wav,train,1,0,0,0,0,0,0,0
15_005502.wav,train,0,0,0,0,0,0,0,0
15_005582.wav,train,0,0,0,0,1,0,0,0
15_005587.wav,train,0,0,0,0,0,0,0,0
15_005624.wav,train,0,1,0,0,1,0,0,0
15_005702.wav,train,0,0,0,0,0,0,0,0
15_005803.wav,train,0,0,0,0,0,0,0,0
15_005949.wav,train,0,1,0,0,0,0,0,0
15_006049.wav,train,1,0,0,0,0,0,0,0
15_006176.wav,train,0,0,0,1,0,0,0,0
15_006216.wav,train,0,0,0,0,0,0,0,0
15_006464.wav,train,0,0,0,0,0,0,0,1
15_006666.wav,train,0,0,0,1,0,0,0,0
15_006771.wav,train,1,0,1,0,0,0,0,0
15_006778.wav,train,0,0,0,0,0,0,0,0
15_006877.wav,train,1,0,0,0,0,0,0,0
15_007033.wav,train,1,0,0,0,1,0,0,0
15_007197.wav,train,0,0,0,0,1,0,0,0
15_007674.wav,train,0,0,0,0,1,0,0,0
15_008568.wav,train,0,0,0,0,1,0,1,0
15_008769.wav,train,1,0,0,0,0,0,0,0
15_008789.wav,train,0,0,0,1,0,0,0,0
15_016772.wav,train,1,0,0,0,1,0,0,0
15_016790.wav,train,0,0,0,0,1,0,0,0
15_016967.wav,train,0,0,0,0,0,1,0,0
15_017605.wav,train,0,0,0,0,0,0,0,0
15_017805.wav,train,1,0,0,0,1,0,0,0
15_017969.wav,train,0,0,0,0,0,0,0,0
15_018149.wav,train,0,0,0,0,0,0,0,0
15_018324.wav,train,0,0,0,0,1,0,0,0
15_018562.wav,train,1,0,0,0,0,0,0,0
15_018874.wav,train,0,0,0,0,0,0,0,0
15_019378.wav,train,0,0,0,0,0,0,0,0
15_019579.wav,train,0,0,0,0,1,0,0,0
15_020010.wav,train,0,0,0,0,0,0,0,0
15_020179.wav,train,0,0,0,0,1,0,0,0
15_020641.wav,train,0,0,0,0,0,0,0,0
16_000004.wav,train,0,0,0,0,1,0,0,0
16_000058.wav,train,1,0,0,0,0,0,0,0
16_000087.wav,train,0,0,0,0,1,0,0,0
16_000105.wav,train,0,0,0,0,0,0,1,0
16_000107.wav,train,1,0,0,0,0,0,0,0
16_000120.wav,train,1,0,0,0,0,0,0,0
16_000163.wav,train,1,0,0,0,0,0,0,0
16_000185.wav,train,0,0,0,0,0,0,1,0
16_000193.wav,train,1,0,0,0,0,0,0,0
16_000282.wav,train,1,0,0,0,0,0,0,0
16_000290.wav,train,0,0,0,0,1,0,0,0
16_000343.wav,train,0,0,0,0,0,0,0,0
16_000373.wav,train,0,0,0,0,0,0,0,0
16_000401.wav,train,0,0,0,0,0,0,0,0
16_000482.wav,train,0,0,0,0,0,0,0,0
16_000500.wav,train,1,0,0,0,0,0,0,0
16_000519.wav,train,0,0,0,0,1,0,0,0
16_000541.wav,train,0,0,0,0,0,0,0,0
16_000567.wav,train,1,0,0,0,0,0,0,0
16_000668.wav,train,1,0,0,0,0,0,0,0
16_000722.wav,train,0,0,0,0,0,0,1,0
16_000814.wav,train,0,0,0,0,0,0,1,0
16_000816.wav,train,0,0,0,0,1,0,0,0
16_000922.wav,train,0,0,0,0,0,0,0,0
16_000992.wav,train,1,0,0,0,0,0,0,0
16_001095.wav,train,1,0,0,0,0,0,0,0
16_001212.wav,train,0,0,0,0,0,0,0,0
16_001304.wav,train,0,0,1,0,0,0,0,0
16_001308.wav,train,0,0,0,0,1,0,0,0
16_001379.wav,train,0,1,0,0,0,0,0,0
16_001403.wav,train,1,0,0,0,1,0,0,0
16_001424.wav,train,0,0,0,0,0,0,0,0
16_001427.wav,train,1,0,0,0,0,0,0,0
16_001498.wav,train,0,0,0,0,0,0,1,0
16_001514.wav,train,1,0,0,0,0,0,0,0
16_001518.wav,train,0,0,0,0,0,0,0,0
16_001521.wav,train,1,0,0,0,0,0,0,0
16_001540.wav,train,0,0,0,0,0,0,1,0
16_001564.wav,train,0,0,0,0,1,0,0,0
16_001580.wav,train,0,0,0,0,0,0,0,0
16_001589.wav,train,0,0,0,0,0,0,1,0
16_001663.wav,train,1,0,0,0,0,0,0,0
16_001668.wav,train,0,0,0,0,0,0,0,0
16_001722.wav,train,0,0,0,0,0,0,0,0
16_001732.wav,train,0,0,0,0,1,0,0,0
16_001779.wav,train,0,0,0,0,1,0,0,0
16_001926.wav,train,1,0,0,0,0,0,0,0
16_001927.wav,train,0,0,0,0,1,0,0,0
16_001935.wav,train,1,0,0,0,0,0,0,0
16_001946.wav,train,1,0,0,0,0,0,0,0
16_001950.wav,train,0,0,0,0,0,0,0,0
16_001989.wav,train,0,0,0,0,0,0,0,0
16_002092.wav,train,1,0,0,0,0,0,0,0
16_002161.wav,train,0,0,0,0,0,0,0,0
16_002168.wav,train,0,0,0,0,0,0,0,0
16_002181.wav,train,1,0,0,0,0,0,0,0
16_002215.wav,train,1,0,0,0,0,0,0,0
16_002219.wav,train,0,0,0,0,1,0,0,0
16_002261.wav,train,0,0,0,0,0,0,0,0
16_002272.wav,train,1,0,0,0,0,0,0,0
16_002312.wav,train,1,0,0,0,0,0,0,0
16_002337.wav,train,0,0,0,0,1,0,0,0
16_002537.wav,train,0,0,0,0,1,0,0,0
16_002579.wav,train,0,0,0,0,0,0,1,0
16_002582.wav,train,0,0,0,0,0,0,0,0
16_002585.wav,train,0,0,0,0,0,0,0,0
16_002594.wav,train,0,0,0,0,0,0,1,0
16_002724.wav,train,0,0,0,0,0,0,1,0
16_002794.wav,train,0,0,0,0,0,0,0,0
16_002805.wav,train,1,0,0,0,0,0,0,0
16_002953.wav,train,0,0,0,0,0,0,0,0
16_003139.wav,train,1,0,0,0,1,0,0,0
16_003152.wav,train,1,0,0,0,0,0,0,0
16_003167.wav,train,0,0,0,0,0,0,0,0
16_003230.wav,train,1,0,0,0,1,0,0,0
16_003235.wav,train,1,0,0,0,0,0,0,0
16_003245.wav,train,1,0,0,0,0,0,0,0
16_003275.wav,train,0,0,0,0,0,0,0,0
16_003285.wav,train,0,0,0,0,0,0,0,0
16_003349.wav,train,1,0,0,0,0,0,0,0
16_003355.wav,train,0,0,0,0,0,0,1,0
16_003394.wav,train,1,0,0,0,0,0,0,0
16_003604.wav,train,0,0,0,0,0,0,0,0
16_003650.wav,train,1,0,0,0,1,0,0,0
16_003655.wav,train,1,0,0,0,0,0,0,0
16_003677.wav,train,0,0,0,0,0,0,0,0
16_003681.wav,train,1,0,0,0,0,0,0,0
16_003687.wav,train,1,0,0,0,0,0,0,0
16_003705.wav,train,0,0,0,0,1,0,0,0
16_003726.wav,train,0,0,0,0,1,0,0,0
16_003737.wav,train,1,0,0,0,0,0,0,0
16_003823.wav,train,0,0,0,0,0,0,0,0
16_003925.wav,train,0,0,0,0,0,0,0,0
16_003956.wav,train,1,0,0,0,0,0,0,0
16_003957.wav,train,1,0,0,0,0,0,0,0
16_004138.wav,train,0,0,0,0,0,0,0,0
16_004226.wav,train,1,0,0,0,1,0,0,0
16_004231.wav,train,0,0,0,0,1,0,1,0
16_004315.wav,train,1,0,0,0,0,0,1,0
16_004377.wav,train,0,0,0,0,0,0,1,0
16_004382.wav,train,1,0,0,0,0,0,0,0
16_004384.wav,train,0,0,0,0,0,0,0,0
16_004409.wav,train,0,0,0,0,1,0,0,0
16_004487.wav,train,0,0,0,0,1,0,0,0
16_004542.wav,train,1,0,0,0,0,0,0,0
16_004636.wav,train,0,0,0,0,1,0,0,0
16_004650.wav,train,0,0,0,0,0,0,0,0
16_004654.wav,train,0,0,0,0,1,0,0,0
16_004697.wav,train,1,0,0,0,0,0,0,0
16_004777.wav,train,0,0,0,0,0,0,0,0
16_004798.wav,train,0,0,0,0,0,0,1,0
16_004824.wav,train,0,0,0,0,1,0,0,0
16_004856.wav,train,0,0,0,0,0,0,0,0
16_004875.wav,train,0,0,0,0,0,0,0,0
16_004905.wav,train,0,0,0,0,1,0,0,0
16_004916.wav,train,0,0,0,0,0,0,1,0
16_004991.wav,train,1,0,0,0,0,0,0,0
16_005000.wav,train,0,0,0,0,0,0,0,0
16_005040.wav,train,0,0,0,0,0,0,1,0
16_005042.wav,train,0,0,0,0,1,0,0,0
16_005063.wav,train,0,0,0,0,1,0,0,0
16_005064.wav,train,0,0,0,0,0,0,0,0
16_005066.wav,train,0,0,1,0,0,0,0,0
16_005084.wav,train,1,0,0,0,0,0,0,0
16_005108.wav,train,1,0,0,0,1,0,0,0
16_005142.wav,train,1,0,0,0,0,0,0,0
16_005170.wav,train,0,0,0,0,0,0,0,0
16_005253.wav,train,1,0,0,0,0,0,0,0
16_005256.wav,train,1,0,0,0,0,0,0,0
16_005334.wav,train,0,0,0,0,1,0,0,0
16_005346.wav,train,0,0,0,0,0,0,0,0
16_005358.wav,train,0,0,0,0,0,0,0,0
16_005417.wav,train,0,0,0,0,0,0,0,0
16_005420.wav,train,0,0,0,0,0,0,0,0
16_005426.wav,train,0,0,0,0,0,0,0,0
16_005458.wav,train,0,0,0,0,1,0,1,0
16_005486.wav,train,1,0,0,0,0,0,0,0
16_005493.wav,train,0,0,0,0,1,0,0,0
16_005501.wav,train,0,0,0,0,0,0,1,0
16_005516.wav,train,1,0,0,0,0,0,0,0
16_005520.wav,train,1,0,0,0,0,0,0,0
16_005532.wav,train,1,0,0,0,0,0,0,0
16_005547.wav,train,1,0,0,0,0,0,0,0
16_005559.wav,train,1,0,0,0,0,0,1,0
16_005591.wav,train,0,0,0,0,1,0,1,0
16_005622.wav,train,0,0,0,0,0,0,1,0
16_005630.wav,train,0,0,0,0,0,0,0,0
16_005634.wav,train,1,0,0,0,0,0,0,0
16_005655.wav,train,0,0,0,0,0,0,0,0
16_005667.wav,train,1,0,0,0,0,0,0,0
16_005692.wav,train,1,0,0,0,1,1,0,0
16_005740.wav,train,1,0,0,0,0,0,0,0
16_005783.wav,train,1,0,0,0,0,0,0,0
16_005806.wav,train,0,0,0,0,0,0,0,0
16_005825.wav,train,1,0,0,0,0,0,0,0
16_005892.wav,train,0,0,0,0,0,0,1,0
16_005910.wav,train,0,0,0,0,0,0,1,0
16_005939.wav,train,0,0,0,0,0,0,1,0
16_005971.wav,train,1,0,0,0,0,0,0,0
16_006077.wav,train,0,0,0,0,0,0,1,0
16_006088.wav,train,0,0,0,0,0,0,0,0
16_006097.wav,train,1,0,0,0,1,0,0,0
16_006117.wav,train,1,0,0,0,1,0,0,0
16_006144.wav,train,0,0,0,0,0,0,0,0
16_006226.wav,train,1,0,0,0,0,0,0,0
16_006237.wav,train,0,0,0,0,0,0,0,0
16_006334.wav,train,0,0,0,0,0,0,0,0
16_006362.wav,train,1,0,0,0,0,0,0,0
16_006414.wav,train,1,0,0,0,0,0,0,0
16_006430.wav,train,1,0,0,0,0,0,0,0
16_006503.wav,train,1,0,0,0,0,0,0,0
16_006510.wav,train,1,0,0,0,0,0,0,0
16_006516.wav,train,1,0,0,0,0,0,0,0
16_006518.wav,train,1,0,0,0,0,0,0,0
16_006522.wav,train,1,0,0,0,0,0,0,0
16_006535.wav,train,1,0,0,0,0,0,0,0
16_006554.wav,train,1,0,0,0,0,0,0,0
16_006572.wav,train,1,0,0,0,0,0,0,0
16_006580.wav,train,1,0,0,0,0,0,0,0
16_006587.wav,train,0,0,0,0,1,0,0,0
16_006616.wav,train,0,0,0,0,0,0,1,0
16_006681.wav,train,0,0,0,0,0,0,0,0
16_006682.wav,train,1,0,0,0,0,0,0,0
16_006706.wav,train,0,0,0,0,1,0,0,0
16_006775.wav,train,1,0,0,0,0,0,0,0
16_006777.wav,train,1,0,0,0,0,0,0,0
16_006803.wav,train,0,0,0,0,1,0,0,0
16_006835.wav,train,1,0,0,0,0,0,0,0
16_006882.wav,train,0,0,0,0,0,0,0,0
16_006897.wav,train,0,0,0,0,1,0,0,0
16_006925.wav,train,0,0,0,0,0,1,0,0
16_006942.wav,train,0,0,0,0,0,0,0,0
16_006949.wav,train,0,0,0,0,1,0,0,0
16_007001.wav,train,1,0,0,0,0,0,0,0
16_007006.wav,train,1,0,0,0,0,0,1,0
16_007016.wav,train,1,0,0,0,0,0,0,0
16_007042.wav,train,0,0,0,0,0,0,0,0
16_007047.wav,train,0,0,0,0,0,0,1,0
16_007061.wav,train,1,0,0,0,1,0,1,0
16_007064.wav,train,1,0,0,0,1,0,0,0
16_007070.wav,train,1,0,0,0,0,0,0,0
16_007152.wav,train,1,0,0,0,0,0,0,0
16_007163.wav,train,0,0,0,0,0,0,0,0
16_007189.wav,train,0,0,0,0,0,0,1,0
16_007220.wav,train,0,0,0,0,0,0,1,0
16_007227.wav,train,0,0,0,0,0,0,1,0
16_007315.wav,train,0,0,0,0,0,0,1,0
16_007370.wav,train,1,0,0,0,0,0,0,0
16_007400.wav,train,0,1,0,0,0,0,0,0
16_007419.wav,train,0,0,0,0,0,0,0,0
16_007464.wav,train,1,0,0,0,0,0,0,0
16_007484.wav,train,0,0,0,0,0,0,0,0
16_007539.wav,train,1,0,0,0,0,0,0,0
16_007572.wav,train,0,0,0,0,0,0,0,0
16_007589.wav,train,1,0,0,0,0,0,0,0
16_007607.wav,train,1,0,0,0,0,0,0,0
16_007620.wav,train,0,0,0,0,0,0,0,0
16_007655.wav,train,0,0,0,0,0,0,1,1
16_007681.wav,train,0,0,0,0,0,0,0,0
16_007686.wav,train,1,0,0,0,0,0,0,0
16_007693.wav,train,0,0,0,0,0,0,0,0
16_007830.wav,train,1,0,0,0,0,0,0,0
16_007832.wav,train,0,0,0,0,0,0,0,0
16_007852.wav,train,0,0,0,0,0,0,0,1
16_007872.wav,train,0,0,0,0,0,0,0,0
16_007886.wav,train,0,0,0,0,0,0,1,0
16_007894.wav,train,0,0,0,0,0,0,1,0
16_007993.wav,train,1,0,0,0,0,0,0,0
16_008019.wav,train,1,0,0,0,0,0,0,0
16_008039.wav,train,1,0,0,0,0,0,1,0
16_008077.wav,train,0,0,0,0,0,0,0,0
16_008091.wav,train,1,0,0,0,0,0,0,0
16_008119.wav,train,1,0,0,0,0,0,0,0
16_008123.wav,train,1,0,0,0,1,0,0,0
16_008173.wav,train,0,1,0,0,0,0,0,0
16_008188.wav,train,0,0,0,0,0,0,0,0
16_008220.wav,train,0,0,0,0,0,0,0,0
16_008228.wav,train,0,0,0,0,0,0,0,0
16_008231.wav,train,0,0,0,1,0,0,0,0
16_008278.wav,train,1,0,0,0,0,0,0,0
16_008316.wav,train,0,0,0,0,0,0,0,0
16_008324.wav,train,1,0,0,0,0,0,0,0
16_008344.wav,train,0,0,0,0,1,0,0,0
16_008345.wav,train,0,0,0,0,0,0,0,0
16_008349.wav,train,1,0,0,0,0,0,1,0
16_008353.wav,train,0,0,0,0,0,0,1,0
16_008369.wav,train,0,0,0,0,0,0,1,0
16_008384.wav,train,0,0,0,0,1,0,0,0
16_008428.wav,train,0,0,0,0,0,0,0,0
16_008454.wav,train,0,0,0,0,0,0,0,0
16_008456.wav,train,0,0,0,0,0,0,0,0
16_008461.wav,train,0,0,0,0,0,0,0,0
16_008488.wav,train,0,0,0,0,0,0,0,0
16_008541.wav,train,1,0,0,0,0,0,0,0
16_008569.wav,train,0,0,0,0,0,0,0,0
16_008598.wav,train,0,0,0,0,0,0,0,0
16_008608.wav,train,0,0,0,0,0,0,1,0
16_008613.wav,train,0,0,0,0,0,0,0,0
16_008628.wav,train,0,0,0,0,1,0,0,0
16_008639.wav,train,0,0,0,0,0,0,0,0
16_008649.wav,train,0,0,0,0,0,0,0,0
16_008661.wav,train,0,0,0,0,0,0,0,0
16_008681.wav,train,1,0,0,0,0,0,0,0
16_008721.wav,train,0,0,1,0,0,0,0,0
16_008738.wav,train,1,0,0,0,0,0,0,0
16_008783.wav,train,1,0,0,0,0,0,0,0
16_008864.wav,train,0,0,0,0,0,0,0,0
16_008885.wav,train,0,0,0,0,0,0,0,0
16_008886.wav,train,0,0,0,0,0,0,0,0
16_008899.wav,train,1,0,0,0,1,0,1,0
16_008934.wav,train,1,0,0,0,0,0,0,0
16_008957.wav,train,0,0,0,0,1,0,0,0
16_008973.wav,train,0,0,0,0,0,0,0,0
16_009004.wav,train,0,0,0,0,0,0,0,0
16_009028.wav,train,1,0,0,0,0,0,0,0
16_009031.wav,train,0,0,0,0,0,0,1,0
16_009106.wav,train,0,0,0,0,0,0,0,0
16_009139.wav,train,1,0,0,0,0,0,0,0
16_009165.wav,train,1,0,0,0,0,0,0,0
16_009181.wav,train,1,0,0,0,1,0,0,0
16_009191.wav,train,1,0,0,0,0,0,1,0
16_009218.wav,train,1,0,0,0,0,0,0,0
16_009248.wav,train,1,0,0,0,0,0,0,0
16_009259.wav,train,1,0,0,0,0,0,0,0
16_009275.wav,train,0,0,0,0,0,0,0,0
16_009276.wav,train,0,1,0,0,0,0,0,0
16_009323.wav,train,1,0,0,0,1,0,0,0
16_009329.wav,train,1,0,0,0,0,0,0,0
16_009339.wav,train,1,0,0,0,0,0,0,0
16_009380.wav,train,0,0,0,0,0,0,0,0
16_009384.wav,train,1,0,0,0,1,0,0,0
16_009393.wav,train,1,0,0,0,1,0,0,0
16_009460.wav,train,1,0,0,0,0,0,0,0
16_009545.wav,train,1,0,0,0,0,0,0,0
16_009549.wav,train,1,0,0,0,1,0,0,0
16_009552.wav,train,0,0,0,0,0,0,1,0
16_009556.wav,train,0,0,0,0,0,0,0,0
16_009566.wav,train,1,0,0,0,0,0,1,0
16_009582.wav,train,0,0,0,0,0,0,0,0
16_009588.wav,train,1,0,0,0,0,0,0,0
16_009643.wav,train,1,0,0,0,0,0,0,0
16_009670.wav,train,0,0,0,0,0,0,0,0
16_009696.wav,train,0,0,0,0,1,0,0,0
16_009708.wav,train,1,0,0,0,0,0,0,0
16_009735.wav,train,0,0,0,0,1,0,1,0
16_009748.wav,train,1,0,0,0,0,0,0,0
16_009786.wav,train,0,0,0,0,0,0,1,0
16_009804.wav,train,1,0,0,0,0,0,0,0
16_009809.wav,train,0,0,0,0,0,0,0,0
16_009815.wav,train,0,0,0,0,1,0,0,0
16_009842.wav,train,0,0,0,0,0,0,0,0
16_009845.wav,train,0,0,0,0,0,0,0,0
16_009858.wav,train,0,0,0,0,0,0,1,0
16_009884.wav,train,0,0,0,0,0,0,0,0
16_009886.wav,train,1,0,0,0,0,0,0,0
16_009893.wav,train,0,0,0,0,1,0,0,0
16_009952.wav,train,1,0,0,0,0,0,0,0
16_009967.wav,train,0,0,0,0,0,0,0,0
16_009988.wav,train,1,0,0,0,0,0,0,0
16_010026.wav,train,1,0,0,0,0,0,0,0
16_010032.wav,train,0,0,0,0,1,0,1,0
16_010035.wav,train,0,0,0,0,0,0,0,0
16_010036.wav,train,1,0,0,0,0,0,0,0
16_010038.wav,train,0,0,0,0,0,0,0,0
16_010043.wav,train,0,0,0,0,0,0,1,0
16_010050.wav,train,0,0,0,0,0,0,0,0
16_010071.wav,train,0,0,0,0,0,0,0,0
16_010083.wav,train,1,0,0,0,0,0,0,0
16_010097.wav,train,1,0,0,0,1,0,0,0
16_010104.wav,train,0,0,0,0,0,0,0,0
16_010134.wav,train,0,0,0,0,0,0,0,0
16_010143.wav,train,0,0,0,0,0,0,0,0
16_010197.wav,train,1,0,0,0,0,0,0,0
16_010251.wav,train,0,0,0,0,1,0,0,0
16_010282.wav,train,1,0,0,0,1,0,1,0
16_010377.wav,train,0,0,0,0,1,0,0,0
16_010431.wav,train,1,0,0,0,0,0,0,0
16_010432.wav,train,1,0,0,0,0,0,0,0
16_010515.wav,train,1,0,0,0,0,0,0,0
16_010530.wav,train,0,0,0,0,0,0,0,0
16_010535.wav,train,0,0,0,0,1,0,0,0
16_010544.wav,train,0,0,0,0,1,0,0,0
16_010561.wav,train,0,0,0,0,1,0,0,0
16_010562.wav,train,0,0,0,0,0,0,0,0
16_010573.wav,train,1,0,0,0,0,0,0,0
16_010592.wav,train,1,0,0,0,0,0,0,0
16_010606.wav,train,0,0,0,0,1,0,0,0
16_010610.wav,train,0,0,0,0,0,0,0,0
16_010616.wav,train,0,0,0,0,1,0,0,0
16_010692.wav,train,0,0,0,0,0,0,1,0
16_010731.wav,train,1,0,0,0,0,0,1,0
16_010802.wav,train,1,0,0,0,0,0,0,0
16_010832.wav,train,1,0,0,0,0,0,0,0
16_010833.wav,train,1,1,0,0,0,0,0,0
16_010836.wav,train,0,0,0,0,1,0,1,0
16_010885.wav,train,0,0,0,0,1,0,1,0
16_010899.wav,train,0,0,0,0,1,0,1,0
16_010931.wav,train,0,0,0,0,0,0,0,0
16_010939.wav,train,0,0,0,0,1,0,0,0
16_010984.wav,train,1,0,0,0,0,0,0,0
16_011019.wav,train,0,0,0,0,0,0,1,0
16_011051.wav,train,1,0,0,0,0,0,0,0
16_011064.wav,train,1,0,0,0,0,0,0,0
16_011071.wav,train,0,0,0,0,1,0,0,0
16_011135.wav,train,0,0,0,0,0,0,1,0
16_011156.wav,train,1,0,0,0,0,0,0,0
16_011252.wav,train,0,0,0,0,0,0,0,0
16_011395.wav,train,1,0,0,0,0,0,0,0
16_011418.wav,train,0,0,0,0,1,0,0,0
16_011435.wav,train,0,0,0,0,1,0,0,0
16_011480.wav,train,0,0,0,0,0,0,0,0
16_011532.wav,train,0,0,0,0,0,0,0,0
16_011536.wav,train,1,0,0,0,0,0,0,0
16_011616.wav,train,1,0,0,0,0,0,0,0
16_011617.wav,train,0,0,0,0,0,0,0,0
16_011628.wav,train,0,0,0,0,0,0,0,0
16_011629.wav,train,1,0,0,0,0,0,0,0
16_011659.wav,train,0,0,0,0,0,0,1,0
16_011675.wav,train,0,0,0,0,0,0,0,0
16_011695.wav,train,1,0,0,0,0,0,0,0
16_011736.wav,train,0,0,0,0,0,0,0,0
16_011938.wav,train,0,0,0,0,1,0,0,0
16_011952.wav,train,0,0,0,0,0,0,0,0
16_012006.wav,train,1,0,0,0,0,0,0,0
16_012215.wav,train,0,0,0,0,0,0,0,0
16_012244.wav,train,0,0,0,0,0,0,0,0
16_012334.wav,train,0,0,0,0,0,0,0,0
16_012356.wav,train,0,0,0,0,0,0,0,0
16_012358.wav,train,1,0,0,0,0,0,0,1
16_012378.wav,train,0,0,0,0,0,0,0,0
16_012395.wav,train,0,0,0,0,0,0,0,0
16_012396.wav,train,0,0,0,0,1,0,0,0
16_012415.wav,train,0,0,0,0,1,0,0,0
16_012429.wav,train,0,0,0,0,0,0,0,0
16_012449.wav,train,1,0,0,0,0,0,0,0
16_012469.wav,train,0,0,0,0,0,0,0,0
16_012471.wav,train,0,0,0,0,0,0,0,0
16_012503.wav,train,0,0,0,0,0,0,0,0
16_012518.wav,train,0,0,0,0,0,0,0,0
16_012541.wav,train,1,0,0,0,0,0,0,0
16_012650.wav,train,1,0,0,0,0,0,0,0
16_012652.wav,train,0,0,0,0,1,0,0,0
16_012702.wav,train,0,0,0,0,0,0,0,0
16_012729.wav,train,0,0,0,0,0,0,0,0
16_012744.wav,train,0,0,0,0,0,0,0,0
16_012770.wav,train,1,0,0,0,0,0,0,0
16_012778.wav,train,0,0,0,0,0,0,0,0
16_012798.wav,train,0,0,0,0,0,0,0,0
16_012821.wav,train,1,0,0,0,0,0,0,0
16_012877.wav,train,0,0,0,0,0,0,0,0
16_012887.wav,train,0,0,0,0,0,0,0,0
16_012891.wav,train,0,0,0,0,0,0,0,0
16_012924.wav,train,0,0,0,0,0,0,0,0
16_012941.wav,train,0,0,0,0,1,0,0,0
16_012960.wav,train,1,0,0,0,0,0,0,0
16_012969.wav,train,0,0,0,0,0,0,1,0
16_012998.wav,train,0,0,0,0,0,0,0,0
16_013024.wav,train,1,0,0,0,0,0,0,0
16_013037.wav,train,0,0,0,0,0,0,0,0
16_013054.wav,train,1,0,0,0,0,0,0,0
16_013088.wav,train,0,0,0,0,0,0,0,0
16_013103.wav,train,1,0,0,0,0,0,0,0
16_013122.wav,train,0,0,0,0,1,0,0,0
16_013155.wav,train,1,0,0,0,0,0,0,0
16_013166.wav,train,1,0,0,0,0,0,0,0
16_013202.wav,train,0,0,0,0,1,0,0,0
16_013244.wav,train,1,0,0,0,0,0,0,0
16_013254.wav,train,0,0,0,0,0,0,0,0
16_013313.wav,train,0,0,0,0,0,0,0,0
16_013323.wav,train,0,0,0,0,1,0,0,0
16_013332.wav,train,0,0,0,0,1,0,0,0
16_013339.wav,train,1,0,0,0,0,0,1,0
16_013346.wav,train,0,0,0,0,1,0,0,0
16_013361.wav,train,0,0,0,0,0,0,0,0
16_013370.wav,train,0,0,0,0,0,0,0,0
16_013378.wav,train,0,0,0,0,0,0,0,0
16_013421.wav,train,0,0,0,0,0,0,0,0
16_013424.wav,train,0,0,0,0,1,0,0,0
16_013450.wav,train,1,0,0,0,1,0,0,0
16_013473.wav,train,0,0,0,0,0,0,0,0
16_013530.wav,train,0,0,0,0,0,0,0,0
16_013537.wav,train,0,0,0,0,0,0,0,0
16_016354.wav,train,0,0,0,0,0,0,0,0
16_016395.wav,train,0,0,0,0,0,0,1,0
16_016399.wav,train,0,0,0,0,0,0,0,0
16_016454.wav,train,0,0,0,0,1,0,1,0
16_016459.wav,train,1,0,0,0,0,0,0,0
16_016469.wav,train,1,0,0,0,0,0,0,0
16_016589.wav,train,0,0,0,0,1,0,0,0
16_016633.wav,train,1,0,0,0,0,0,1,0
16_016660.wav,train,1,0,0,0,0,0,0,0
16_016665.wav,train,0,0,0,0,1,0,1,0
16_016723.wav,train,1,0,0,0,1,0,0,0
16_016764.wav,train,0,0,0,0,0,0,1,0
16_016769.wav,train,0,0,0,0,0,0,0,0
16_016806.wav,train,0,0,0,0,0,0,1,0
16_016813.wav,train,0,0,0,0,1,0,0,0
16_016855.wav,train,0,0,0,0,0,0,0,0
16_016877.wav,train,0,0,0,0,0,0,0,0
16_016880.wav,train,1,0,0,0,0,1,0,0
16_016884.wav,train,0,0,0,0,0,0,1,0
16_016910.wav,train,0,0,0,0,0,0,1,0
16_016947.wav,train,1,0,0,0,0,0,0,0
16_016960.wav,train,0,0,0,0,0,0,0,0
16_017002.wav,train,1,0,0,0,0,0,0,0
16_017016.wav,train,1,0,0,0,0,0,0,0
16_017067.wav,train,0,0,0,0,1,0,0,0
16_017098.wav,train,0,0,0,0,1,0,0,0
16_017106.wav,train,1,0,0,0,0,0,1,0
16_017153.wav,train,0,0,0,0,0,0,0,0
16_017178.wav,train,0,0,0,0,1,0,0,0
16_017237.wav,train,0,0,0,0,0,0,0,0
16_017265.wav,train,0,0,0,0,0,0,0,0
16_017267.wav,train,1,0,0,0,1,0,0,0
16_017332.wav,train,0,0,0,0,1,0,0,0
16_017447.wav,train,1,0,0,0,1,0,0,0
16_017469.wav,train,0,0,0,0,1,0,0,0
16_017497.wav,train,0,0,0,0,0,0,0,0
16_017521.wav,train,0,0,0,0,0,0,0,0
16_017543.wav,train,0,0,0,0,0,0,1,0
16_017584.wav,train,1,0,0,0,0,0,0,0
16_017589.wav,train,1,0,0,0,1,0,1,0
16_017701.wav,train,0,0,0,0,0,0,0,0
16_017756.wav,train,1,0,0,0,0,0,0,0
16_017770.wav,train,0,0,0,0,0,0,0,0
16_017783.wav,train,0,0,0,0,0,0,1,0
16_017837.wav,train,0,0,0,0,1,0,0,0
16_017842.wav,train,0,0,0,0,0,0,0,0
16_017845.wav,train,0,0,0,0,0,0,1,0
16_017854.wav,train,0,0,0,0,0,0,0,0
16_017933.wav,train,1,0,0,0,0,0,0,0
16_017948.wav,train,0,0,0,1,0,0,0,0
16_017976.wav,train,0,0,0,0,0,0,0,0
16_017982.wav,train,0,0,0,0,0,0,0,0
16_018027.wav,train,1,0,0,0,0,0,0,0
16_018032.wav,train,0,0,0,0,0,0,1,0
16_018036.wav,train,0,0,0,1,0,0,0,0
16_018039.wav,train,0,0,0,0,0,0,0,0
16_018051.wav,train,0,0,0,0,0,0,0,0
16_018070.wav,train,1,0,0,0,0,0,0,0
16_018112.wav,train,1,0,0,0,0,0,0,0
16_018155.wav,train,0,0,0,0,0,1,0,0
16_018173.wav,train,0,0,0,0,0,0,1,0
16_018223.wav,train,1,0,0,0,0,0,1,0
16_018316.wav,train,0,0,0,0,0,0,0,0
16_018327.wav,train,0,0,0,0,1,0,0,0
16_018431.wav,train,0,0,0,0,1,0,1,0
16_018494.wav,train,0,0,0,0,1,0,0,0
16_018503.wav,train,1,0,0,0,0,0,0,0
16_018518.wav,train,1,0,0,0,0,0,0,0
16_018628.wav,train,0,0,0,0,0,0,0,0
16_018645.wav,train,0,0,0,0,1,0,0,0
16_018652.wav,train,0,0,0,0,1,0,0,0
16_018695.wav,train,0,0,0,0,0,0,1,0
16_018697.wav,train,1,0,0,0,0,0,0,0
16_018739.wav,train,0,0,0,0,0,0,1,0
16_018769.wav,train,1,0,0,0,0,0,0,0
16_018789.wav,train,0,0,0,0,1,0,0,0
16_018792.wav,train,0,0,0,0,0,0,0,0
16_018811.wav,train,0,0,0,0,0,1,0,0
16_018824.wav,train,0,0,0,0,1,0,0,0
16_018929.wav,train,1,0,0,0,0,0,0,0
16_018950.wav,train,1,0,0,0,0,0,0,0
16_018985.wav,train,1,0,0,0,1,0,1,0
16_019005.wav,train,1,0,0,0,0,0,0,0
16_019066.wav,train,1,0,0,0,0,0,0,0
16_019124.wav,train,1,0,0,0,0,0,0,0
16_019186.wav,train,0,0,0,0,0,0,0,0
16_019193.wav,train,0,0,0,0,0,0,0,0
16_019305.wav,train,0,0,0,0,0,0,1,0
16_019352.wav,train,0,0,0,1,0,0,0,0
16_019386.wav,train,0,0,0,0,0,0,1,0
16_019424.wav,train,1,0,0,0,1,0,0,0
16_019497.wav,train,0,0,0,1,0,0,0,0
16_019540.wav,train,1,0,0,0,0,0,0,0
16_019577.wav,train,0,0,0,0,1,0,0,0
16_019638.wav,train,1,0,0,0,0,0,0,0
16_019647.wav,train,1,0,0,0,0,0,0,0
16_019662.wav,train,0,0,0,0,0,0,0,0
16_019679.wav,train,0,0,0,0,1,0,1,0
16_019680.wav,train,1,0,0,0,0,0,0,0
16_019685.wav,train,0,1,0,0,0,0,0,0
16_019741.wav,train,0,0,0,0,1,0,0,0
16_019810.wav,train,0,0,0,0,0,1,0,0
16_019860.wav,train,1,0,0,0,0,0,0,0
16_019879.wav,train,1,0,0,0,0,0,0,0
16_019882.wav,train,1,0,0,0,0,0,0,0
16_019940.wav,train,1,0,0,0,0,0,0,0
16_019953.wav,train,1,0,0,0,0,0,1,0
16_019957.wav,train,1,0,0,0,0,0,0,0
16_019995.wav,train,0,0,0,0,0,0,0,0
16_019996.wav,train,0,0,0,0,1,0,0,0
16_020024.wav,train,1,0,0,0,0,0,1,0
16_020042.wav,train,1,0,0,0,0,0,1,0
16_020093.wav,train,1,0,0,0,1,0,0,0
16_020113.wav,train,0,0,0,0,0,0,0,0
16_020135.wav,train,1,0,0,0,0,0,0,0
16_020153.wav,train,0,0,0,0,1,0,1,0
16_020225.wav,train,1,0,0,0,0,0,1,0
16_020237.wav,train,1,0,0,0,1,0,0,0
16_020248.wav,train,0,0,0,1,0,0,0,0
16_020312.wav,train,0,0,0,0,0,0,0,0
16_020428.wav,train,0,0,0,0,1,0,0,0
16_020430.wav,train,0,0,0,0,0,1,0,0
16_020437.wav,train,0,0,0,0,0,0,0,0
16_020452.wav,train,0,0,0,0,1,0,0,0
16_020524.wav,train,0,0,0,0,1,0,0,0
16_020551.wav,train,1,0,0,0,0,0,0,0
16_020555.wav,train,0,0,0,1,0,0,0,0
16_020581.wav,train,0,0,0,0,0,0,1,0
16_020583.wav,train,0,0,0,0,1,0,1,0
16_020606.wav,train,0,0,0,0,1,0,0,0
16_020645.wav,train,0,0,0,0,0,0,0,0
16_020661.wav,train,0,0,0,0,0,0,0,0
16_020670.wav,train,0,0,0,0,1,0,0,0
16_020679.wav,train,0,0,0,0,0,0,1,0
16_020784.wav,train,0,0,0,0,1,0,0,0
16_020788.wav,train,0,0,0,0,0,0,0,0
16_020806.wav,train,0,0,0,0,0,1,0,0
16_026945.wav,test,1,0,1,0,0,0,0,0
16_026960.wav,test,1,0,0,0,0,0,1,0
16_026990.wav,test,1,1,0,1,0,0,0,0
16_027024.wav,test,0,0,0,0,0,0,1,0
16_027046.wav,test,0,0,0,0,0,1,0,0
16_027059.wav,test,1,0,0,0,1,0,1,0
16_027124.wav,test,1,0,0,0,1,0,1,0
16_027284.wav,test,1,0,0,0,0,0,1,0
16_027296.wav,test,1,1,0,0,0,0,0,0
16_027415.wav,test,1,0,0,0,0,0,0,0
16_027457.wav,test,1,0,0,0,0,0,1,0
16_027465.wav,test,0,0,0,0,0,0,1,0
16_027558.wav,test,1,0,0,0,0,0,1,0
16_027575.wav,test,1,0,1,0,0,0,0,0
16_027584.wav,test,1,0,0,0,0,0,1,0
16_027629.wav,test,1,0,0,0,0,0,0,0
16_027662.wav,test,1,0,1,0,0,0,0,0
16_027762.wav,test,1,0,1,0,1,0,0,0
16_027768.wav,test,1,0,1,0,0,0,0,0
16_027796.wav,test,0,0,0,0,0,0,0,0
16_027808.wav,test,1,0,1,0,0,0,0,0
16_027811.wav,test,1,0,0,0,0,0,0,0
16_027814.wav,test,1,0,1,0,1,0,0,0
16_027820.wav,test,1,1,0,0,0,0,0,0
16_027831.wav,test,1,0,0,0,1,0,0,0
16_027835.wav,test,1,0,0,0,0,0,0,0
16_027849.wav,test,0,0,1,0,0,0,0,0
16_027863.wav,test,0,0,1,0,0,0,0,0
17_000078.wav,train,0,0,0,0,0,0,1,0
17_000284.wav,train,1,0,0,0,0,0,0,0
17_000368.wav,train,0,0,0,0,0,0,1,0
17_000438.wav,train,1,0,0,0,0,0,0,0
17_000459.wav,train,0,0,0,0,0,0,1,0
17_000538.wav,train,0,0,0,0,0,0,1,0
17_000586.wav,train,0,0,0,0,0,0,1,0
17_000661.wav,train,0,0,0,0,0,0,1,0
17_000699.wav,train,0,1,0,0,0,0,0,0
17_000810.wav,train,0,0,0,0,0,0,1,0
17_000862.wav,train,0,0,0,1,0,0,0,0
17_001181.wav,train,0,0,0,0,0,0,0,0
17_001318.wav,train,1,0,0,0,0,1,0,0
17_001442.wav,train,0,0,0,0,0,0,0,0
17_001587.wav,train,0,0,0,0,0,0,1,0
17_002167.wav,train,1,0,0,0,0,0,0,0
17_002263.wav,train,0,0,0,0,0,0,0,0
17_002286.wav,train,0,0,0,0,0,0,1,0
17_002584.wav,train,0,0,0,0,0,0,0,0
17_002704.wav,train,1,0,0,0,0,0,0,0
17_002959.wav,train,0,0,0,0,0,0,1,0
17_002989.wav,train,0,0,0,0,0,0,1,0
17_003196.wav,train,0,0,0,0,1,0,0,0
17_003477.wav,train,0,1,0,0,0,0,0,0
17_003621.wav,train,0,0,0,0,0,0,0,0
17_003753.wav,train,0,0,0,0,0,0,0,0
17_003829.wav,train,0,0,0,0,0,0,0,0
17_003885.wav,train,0,0,0,0,0,0,0,0
17_003983.wav,train,0,0,0,1,0,0,0,0
17_004005.wav,train,1,0,0,0,0,0,0,0
17_004602.wav,train,1,0,0,0,0,0,0,0
17_004688.wav,train,0,0,0,0,1,0,0,0
17_004696.wav,train,1,0,0,0,0,0,0,0
17_004711.wav,train,0,0,0,0,0,0,1,0
17_004767.wav,train,0,0,0,0,0,0,1,0
17_004771.wav,train,0,1,0,0,0,0,0,0
17_005017.wav,train,0,0,0,0,0,0,0,0
17_005098.wav,train,0,0,0,0,0,0,0,0
17_005427.wav,train,0,0,0,0,1,0,0,0
17_005576.wav,train,1,0,0,0,0,0,0,0
17_005577.wav,train,0,0,0,0,0,0,1,0
17_005725.wav,train,0,0,0,0,0,1,0,0
17_005728.wav,train,1,0,0,0,1,0,0,0
17_005881.wav,train,0,0,0,0,1,0,0,0
17_006045.wav,train,0,0,0,0,0,0,1,0
17_006064.wav,train,1,0,0,0,0,0,0,0
17_006238.wav,train,0,0,0,0,0,0,1,0
17_006353.wav,train,0,0,0,0,0,0,0,0
17_006439.wav,train,0,0,0,0,0,0,1,0
17_006475.wav,train,1,1,0,0,0,0,0,0
17_006876.wav,train,0,0,0,0,0,0,1,0
17_007051.wav,train,0,1,0,0,0,0,0,0
17_007074.wav,train,0,0,0,1,0,0,0,0
17_007684.wav,train,0,0,0,0,0,0,1,0
17_007717.wav,train,0,0,0,0,1,0,0,0
17_007755.wav,train,0,0,0,0,0,0,1,0
17_007770.wav,train,0,0,0,0,1,0,0,0
17_007845.wav,train,1,0,0,0,1,0,0,0
17_007882.wav,train,0,0,0,0,0,0,1,0
17_007909.wav,train,0,0,0,1,0,0,0,0
17_008011.wav,train,0,1,0,0,0,0,0,0
17_008014.wav,train,0,0,0,0,0,0,0,0
17_008138.wav,train,0,0,0,0,1,0,0,0
17_008224.wav,train,0,0,1,0,0,0,0,0
17_008268.wav,train,0,0,0,0,0,0,0,0
17_008413.wav,train,0,0,0,0,0,0,0,0
17_008484.wav,train,0,0,0,0,0,0,1,0
17_008683.wav,train,0,0,0,0,1,0,0,0
17_008685.wav,train,0,0,0,0,1,0,0,0
17_008841.wav,train,1,0,0,0,0,0,0,0
17_008920.wav,train,0,0,0,0,0,0,0,0
17_008931.wav,train,0,0,0,0,0,0,0,0
17_009002.wav,train,0,0,0,0,0,0,0,0
17_009093.wav,train,0,1,0,0,0,0,0,0
17_009126.wav,train,0,0,0,0,0,0,1,0
17_009167.wav,train,0,0,0,0,0,0,0,0
17_009245.wav,train,1,0,0,0,0,0,0,0
17_009247.wav,train,0,0,0,1,0,0,0,0
17_009324.wav,train,1,0,0,0,1,0,0,0
17_009328.wav,train,0,0,0,0,0,0,0,0
17_009406.wav,train,0,0,0,1,0,0,0,0
17_009455.wav,train,0,0,0,0,0,0,1,0
17_009463.wav,train,0,0,0,0,1,0,1,0
17_009520.wav,train,0,0,0,0,0,0,0,0
17_009533.wav,train,0,0,0,1,1,0,0,0
17_009553.wav,train,0,0,0,0,0,0,0,0
17_009660.wav,train,1,0,0,0,0,0,0,0
17_009676.wav,train,1,0,0,0,0,0,0,0
17_009680.wav,train,0,0,0,1,0,0,0,0
17_009721.wav,train,0,0,0,1,0,0,0,0
17_009741.wav,train,0,0,0,1,1,0,0,0
17_009773.wav,train,0,0,0,0,0,0,0,0
17_009816.wav,train,0,0,0,0,0,0,0,0
17_009850.wav,train,1,0,0,0,0,0,0,0
17_009868.wav,train,0,0,0,0,0,0,1,0
17_009921.wav,train,0,0,0,0,0,0,0,0
17_009974.wav,train,0,0,0,0,0,0,0,0
17_010012.wav,train,0,0,0,0,0,0,1,0
17_010061.wav,train,0,0,0,0,0,0,1,0
17_010063.wav,train,0,0,0,1,0,0,0,0
17_010075.wav,train,0,0,0,1,0,0,0,0
17_010094.wav,train,1,0,0,0,0,0,0,0
17_010175.wav,train,0,0,0,0,0,0,0,0
17_010180.wav,train,0,0,0,0,0,0,0,0
17_010247.wav,train,0,0,0,0,0,0,0,0
17_010325.wav,train,1,0,0,0,0,0,0,0
17_010380.wav,train,1,0,0,0,0,0,0,0
17_010444.wav,train,1,0,0,0,0,0,0,0
17_010452.wav,train,0,0,0,0,1,0,1,0
17_010580.wav,train,0,0,0,0,1,0,0,0
17_010611.wav,train,0,0,1,0,0,0,0,0
17_010622.wav,train,0,0,0,0,0,0,1,0
17_010650.wav,train,1,0,0,0,1,0,0,0
17_010767.wav,train,1,0,1,1,0,0,0,0
17_010794.wav,train,0,0,0,0,0,0,0,0
17_010911.wav,train,1,0,0,0,0,0,1,0
17_010918.wav,train,0,0,0,0,0,0,1,0
17_010940.wav,train,0,0,0,1,0,0,0,0
17_010996.wav,train,1,0,0,0,1,0,0,0
17_011001.wav,train,0,1,0,0,0,0,0,0
17_011185.wav,train,1,0,0,0,0,0,0,0
17_011200.wav,train,0,0,0,0,0,0,0,0
17_011205.wav,train,0,0,0,1,0,0,0,0
17_011261.wav,train,0,0,0,0,0,0,0,0
17_011337.wav,train,0,0,0,0,0,0,0,0
17_011368.wav,train,0,0,0,0,0,0,0,0
17_011371.wav,train,1,0,0,0,1,0,0,0
17_011445.wav,train,0,0,0,0,0,0,0,0
17_011486.wav,train,0,0,0,0,1,0,0,0
17_011501.wav,train,0,0,0,0,0,0,0,0
17_011618.wav,train,0,1,0,0,0,0,0,0
17_011626.wav,train,0,0,0,1,0,0,0,0
17_011665.wav,train,1,0,0,0,0,0,0,0
17_011702.wav,train,0,1,0,0,0,0,0,0
17_011710.wav,train,1,0,0,0,0,0,0,0
17_011777.wav,train,0,0,0,0,0,0,1,0
17_011796.wav,train,0,0,0,0,0,0,0,0
17_011809.wav,train,1,0,0,0,0,0,1,0
17_011815.wav,train,0,1,0,0,0,0,0,0
17_011885.wav,train,0,0,0,0,0,0,0,0
17_011890.wav,train,0,0,0,0,0,0,0,0
17_011896.wav,train,0,0,0,0,1,0,0,0
17_011994.wav,train,0,0,0,1,0,0,0,0
17_012032.wav,train,0,0,0,0,1,0,1,0
17_012155.wav,train,0,0,0,0,1,0,0,0
17_012256.wav,train,0,0,0,0,0,0,0,0
17_012264.wav,train,0,0,0,0,0,0,0,0
17_012373.wav,train,1,0,0,0,0,0,1,0
17_012398.wav,train,0,1,0,0,0,0,0,0
17_012538.wav,train,1,0,0,0,0,0,0,0
17_012569.wav,train,0,0,0,0,0,0,1,0
17_012657.wav,train,0,0,0,0,0,0,0,0
17_012758.wav,train,0,0,0,0,0,0,1,0
17_012840.wav,train,0,0,0,0,0,0,0,0
17_012863.wav,train,0,0,0,0,0,0,0,0
17_012968.wav,train,0,0,0,0,0,0,0,0
17_012978.wav,train,0,0,0,0,1,0,0,0
17_012982.wav,train,0,0,0,1,0,0,0,0
17_013023.wav,train,0,0,0,1,0,0,0,0
17_013047.wav,train,0,0,0,0,0,0,0,0
17_013162.wav,train,0,1,0,0,0,0,0,0
17_013347.wav,train,0,0,0,0,0,0,0,0
17_013382.wav,train,0,0,0,0,0,0,0,0
17_013429.wav,train,0,0,0,1,0,0,0,0
17_013488.wav,train,0,1,0,0,0,0,0,0
17_013509.wav,train,0,1,0,0,0,0,0,0
17_013550.wav,train,0,0,0,0,0,0,0,0
17_013565.wav,train,0,0,0,0,0,0,0,0
17_013569.wav,train,1,0,0,0,0,0,0,0
17_013645.wav,train,0,0,0,1,0,0,0,0
17_013671.wav,train,0,0,0,0,0,0,0,0
17_013698.wav,train,1,0,0,0,0,0,0,0
17_013722.wav,train,1,0,0,0,0,0,0,0
17_016376.wav,train,0,0,0,0,0,0,0,0
17_016442.wav,train,0,0,0,0,0,0,1,0
17_016463.wav,train,0,0,0,0,0,0,0,0
17_016704.wav,train,0,0,0,0,0,0,0,0
17_016711.wav,train,0,0,0,0,0,0,1,0
17_016718.wav,train,0,0,0,0,0,0,0,0
17_016874.wav,train,0,1,0,0,0,0,0,0
17_017026.wav,train,0,0,0,0,0,0,0,0
17_017028.wav,train,0,0,1,0,0,0,0,0
17_017073.wav,train,1,0,0,0,0,0,0,0
17_017111.wav,train,0,0,0,0,0,0,0,0
17_017325.wav,train,0,0,0,0,0,0,1,0
17_017365.wav,train,0,0,0,0,0,0,1,0
17_017409.wav,train,1,0,0,0,0,0,1,0
17_017437.wav,train,0,1,0,0,0,0,0,0
17_017463.wav,train,0,0,0,0,1,0,0,0
17_017635.wav,train,1,0,0,0,0,0,0,0
17_017863.wav,train,0,0,0,0,0,0,0,0
17_018080.wav,train,0,0,0,0,0,0,1,0
17_018122.wav,train,1,0,0,0,0,0,0,0
17_018234.wav,train,1,0,0,0,0,0,0,0
17_018337.wav,train,0,0,0,0,0,0,0,0
17_018491.wav,train,0,0,0,0,0,0,0,0
17_018516.wav,train,0,0,0,1,0,0,1,0
17_018694.wav,train,0,0,0,1,0,0,0,0
17_018830.wav,train,0,0,0,0,0,0,0,0
17_018866.wav,train,0,0,0,1,1,0,0,0
17_018930.wav,train,0,0,0,0,0,0,0,0
17_018946.wav,train,0,0,0,0,0,0,0,0
17_018952.wav,train,0,0,0,0,1,0,1,0
17_018961.wav,train,1,1,0,0,0,0,0,0
17_018964.wav,train,1,0,0,0,1,0,0,0
17_019131.wav,train,0,0,0,0,1,0,0,0
17_019144.wav,train,0,0,0,0,0,0,0,0
17_019261.wav,train,1,0,0,1,0,0,0,0
17_019357.wav,train,0,0,0,1,0,0,0,0
17_019523.wav,train,1,0,1,0,0,0,1,0
17_019759.wav,train,0,0,0,0,0,0,1,0
17_019772.wav,train,0,0,0,0,0,0,1,0
17_019802.wav,train,1,0,0,0,0,0,0,0
17_019825.wav,train,1,0,0,0,0,0,0,0
17_019843.wav,train,0,0,0,0,0,1,0,0
17_019848.wav,train,0,0,0,0,1,0,1,0
17_019893.wav,train,0,0,0,0,1,0,1,0
17_019899.wav,train,0,0,0,0,0,0,0,0
17_019955.wav,train,0,0,0,0,0,0,0,0
17_020127.wav,train,0,0,0,0,0,0,0,0
17_020149.wav,train,0,1,0,0,0,0,0,0
17_020610.wav,train,0,0,0,0,0,0,0,0
17_020671.wav,train,0,0,0,0,0,1,0,0
17_020773.wav,train,0,0,0,0,0,0,1,0
17_020801.wav,train,1,0,0,0,0,0,0,0
17_020828.wav,train,0,0,0,0,0,0,0,0
17_020872.wav,train,1,0,0,0,1,0,1,0
17_020878.wav,train,0,0,0,0,1,0,1,0
17_026901.wav,test,1,0,0,0,0,0,1,0
17_026969.wav,test,0,0,1,0,1,0,1,0
17_027025.wav,test,0,0,1,0,0,0,1,0
17_027072.wav,test,0,0,0,0,0,0,1,0
17_027191.wav,test,0,0,0,0,0,0,0,0
17_027196.wav,test,0,0,0,0,0,0,0,0
17_027216.wav,test,0,0,1,0,0,0,1,0
17_027220.wav,test,0,0,0,0,0,0,0,0
17_027263.wav,test,1,0,1,0,0,0,0,0
17_027264.wav,test,0,0,1,0,1,0,0,0
17_027472.wav,test,0,0,0,0,0,0,1,0
17_027556.wav,test,0,0,1,0,0,0,0,0
17_027597.wav,test,0,0,0,0,0,0,1,0
17_027656.wav,test,0,0,1,0,0,0,0,0
17_027678.wav,test,1,0,0,0,0,0,0,0
17_027735.wav,test,0,0,0,0,0,0,1,0
17_027760.wav,test,0,0,1,0,0,0,1,0
17_027786.wav,test,0,0,0,0,0,0,1,0
17_027788.wav,test,1,0,0,0,0,0,1,0
17_027789.wav,test,1,0,0,0,0,0,0,0
17_027822.wav,test,0,0,1,0,0,0,1,0
18_000022.wav,train,0,0,0,0,0,0,1,0
18_000134.wav,train,0,0,0,0,0,0,0,0
18_000164.wav,train,1,0,0,0,0,0,0,0
18_000251.wav,train,0,0,0,0,0,0,0,0
18_000254.wav,train,0,1,0,0,0,0,0,0
18_000269.wav,train,0,0,0,0,0,0,0,0
18_000309.wav,train,0,0,0,1,0,0,0,0
18_000441.wav,train,1,0,0,0,0,0,1,0
18_000444.wav,train,1,0,0,0,0,0,0,0
18_000455.wav,train,0,1,0,0,0,0,0,0
18_000529.wav,train,0,0,0,0,0,0,0,0
18_000542.wav,train,1,0,0,0,0,0,0,0
18_000563.wav,train,0,0,0,0,0,0,1,0
18_000575.wav,train,0,0,0,1,0,0,0,0
18_000593.wav,train,0,0,0,0,0,0,0,0
18_000640.wav,train,0,0,0,0,0,0,0,0
18_000642.wav,train,0,0,0,0,1,0,0,0
18_000728.wav,train,0,0,0,0,0,0,1,0
18_000731.wav,train,0,0,0,0,0,0,0,0
18_000773.wav,train,0,0,0,0,0,0,1,0
18_000801.wav,train,1,0,0,0,0,0,1,0
18_000845.wav,train,0,0,0,0,0,0,1,0
18_000852.wav,train,0,0,0,0,1,0,0,0
18_000867.wav,train,1,0,0,0,0,0,0,0
18_000908.wav,train,1,0,0,0,0,0,0,0
18_000941.wav,train,0,0,0,0,0,0,1,0
18_000984.wav,train,0,0,0,0,0,0,1,0
18_001022.wav,train,0,0,0,0,1,0,0,0
18_001040.wav,train,0,0,0,0,0,0,1,0
18_001051.wav,train,0,0,0,0,0,0,0,0
18_001063.wav,train,0,0,0,0,0,0,1,0
18_001084.wav,train,1,0,0,0,0,0,0,0
18_001110.wav,train,1,0,0,0,0,0,0,0
18_001222.wav,train,1,0,0,0,0,0,0,0
18_001291.wav,train,0,0,0,0,0,0,0,0
18_001370.wav,train,1,0,0,0,0,0,0,0
18_001396.wav,train,0,0,0,0,0,0,1,0
18_001469.wav,train,0,0,0,0,0,0,1,0
18_001507.wav,train,0,0,0,0,0,0,1,0
18_001509.wav,train,0,0,0,0,0,0,0,0
18_001515.wav,train,0,0,0,0,0,0,0,0
18_001576.wav,train,0,0,0,0,0,0,0,0
18_001629.wav,train,0,0,0,0,0,0,0,0
18_001640.wav,train,0,0,0,0,0,0,1,0
18_001655.wav,train,0,0,0,0,0,0,1,0
18_001657.wav,train,0,0,0,0,1,0,0,0
18_001765.wav,train,1,0,0,0,0,0,1,0
18_001788.wav,train,0,0,0,0,0,0,1,0
18_001807.wav,train,0,1,0,0,0,0,0,0
18_001839.wav,train,1,0,0,0,0,0,1,0
18_001867.wav,train,0,0,0,0,0,0,0,0
18_001979.wav,train,1,0,0,0,0,0,0,0
18_002055.wav,train,0,0,0,0,0,0,0,0
18_002076.wav,train,0,0,0,0,1,0,0,0
18_002096.wav,train,1,0,0,0,0,0,0,0
18_002134.wav,train,0,0,0,0,0,0,0,0
18_002190.wav,train,1,0,0,0,0,0,0,0
18_002248.wav,train,0,0,0,0,0,0,0,0
18_002308.wav,train,0,0,0,0,0,0,0,0
18_002368.wav,train,0,0,1,0,0,0,0,0
18_002477.wav,train,1,0,0,0,0,0,0,0
18_002488.wav,train,0,0,0,0,1,0,1,0
18_002506.wav,train,0,0,0,0,0,0,0,0
18_002525.wav,train,0,0,0,0,0,0,0,0
18_002530.wav,train,0,0,0,0,0,0,0,0
18_002541.wav,train,0,0,0,0,0,0,0,0
18_002555.wav,train,0,0,0,0,0,0,0,0
18_002563.wav,train,0,0,0,0,0,0,1,0
18_002609.wav,train,0,0,1,0,0,0,0,0
18_002751.wav,train,0,0,0,0,0,0,1,0
18_002816.wav,train,0,0,0,0,0,0,0,0
18_002840.wav,train,0,0,0,0,0,0,1,0
18_002849.wav,train,0,0,0,0,0,0,1,0
18_002853.wav,train,0,1,0,0,0,0,0,0
18_002971.wav,train,1,0,0,0,0,0,0,0
18_002983.wav,train,0,0,0,0,0,0,0,0
18_002986.wav,train,1,0,0,0,0,0,0,0
18_003035.wav,train,0,0,0,0,0,0,1,0
18_003102.wav,train,0,0,0,0,0,0,0,0
18_003104.wav,train,0,0,0,0,0,0,1,0
18_003147.wav,train,0,0,0,0,1,0,0,0
18_003164.wav,train,0,0,0,0,0,0,0,0
18_003180.wav,train,0,0,0,0,0,0,0,0
18_003188.wav,train,0,0,0,0,1,0,1,0
18_003205.wav,train,0,0,0,0,0,0,0,0
18_003266.wav,train,0,0,0,0,0,0,1,0
18_003288.wav,train,0,0,0,0,0,0,1,0
18_003436.wav,train,0,0,0,0,0,0,0,0
18_003497.wav,train,0,0,0,0,0,0,0,0
18_003562.wav,train,0,0,0,0,0,0,0,0
18_003609.wav,train,1,0,0,0,0,0,0,0
18_003803.wav,train,0,0,0,0,0,0,1,0
18_003813.wav,train,0,0,0,0,0,0,0,0
18_003873.wav,train,0,0,0,0,0,0,1,0
18_003945.wav,train,0,0,0,0,0,0,1,0
18_003981.wav,train,0,0,0,0,1,0,0,0
18_003986.wav,train,0,0,0,0,0,0,0,0
18_004006.wav,train,0,0,1,0,0,0,0,0
18_004047.wav,train,0,0,0,0,0,0,0,0
18_004069.wav,train,0,0,0,0,0,0,1,0
18_004103.wav,train,0,0,0,0,1,0,0,0
18_004129.wav,train,0,0,0,0,1,0,0,0
18_004209.wav,train,0,0,0,0,1,0,0,0
18_004223.wav,train,1,0,0,0,0,0,0,0
18_004274.wav,train,0,0,0,0,0,0,1,0
18_004321.wav,train,0,0,0,0,0,0,0,0
18_004325.wav,train,0,0,0,0,0,0,1,0
18_004351.wav,train,0,0,0,0,0,0,0,0
18_004379.wav,train,1,0,0,0,0,0,0,0
18_004405.wav,train,1,0,0,0,0,0,1,0
18_004496.wav,train,0,0,0,0,1,0,0,0
18_004539.wav,train,0,0,0,0,1,0,0,0
18_004554.wav,train,1,0,0,0,1,0,0,0
18_004653.wav,train,0,0,0,0,0,0,0,0
18_004695.wav,train,0,1,0,0,0,0,0,0
18_004726.wav,train,0,0,0,0,1,0,0,0
18_004826.wav,train,0,0,0,0,0,0,1,0
18_004852.wav,train,0,0,0,0,0,0,0,0
18_004915.wav,train,0,0,0,0,0,0,0,0
18_004943.wav,train,0,0,0,0,1,0,1,0
18_004973.wav,train,1,0,0,0,0,0,0,0
18_004994.wav,train,0,0,0,0,0,0,0,0
18_005018.wav,train,0,0,0,0,0,0,0,0
18_005092.wav,train,0,0,0,0,0,0,0,0
18_005102.wav,train,0,1,0,0,0,0,0,0
18_005127.wav,train,0,0,0,0,0,0,1,0
18_005190.wav,train,0,0,0,0,0,0,1,0
18_005204.wav,train,0,0,0,0,0,0,0,0
18_005252.wav,train,0,0,0,0,1,0,1,0
18_005315.wav,train,0,0,0,0,0,0,0,0
18_005375.wav,train,1,0,0,0,0,0,0,0
18_005421.wav,train,1,0,0,0,1,0,1,0
18_005552.wav,train,0,0,0,1,0,0,0,0
18_005555.wav,train,0,0,0,0,0,0,0,0
18_005638.wav,train,0,0,0,0,0,1,0,0
18_005759.wav,train,0,0,0,0,0,0,1,0
18_005788.wav,train,1,0,0,0,0,0,0,0
18_005792.wav,train,0,0,0,0,0,0,0,0
18_005858.wav,train,1,0,0,0,0,0,0,0
18_005859.wav,train,0,0,0,0,0,0,0,0
18_005948.wav,train,1,0,0,0,0,0,0,0
18_005980.wav,train,1,0,0,0,0,0,1,0
18_006000.wav,train,0,0,0,0,0,0,0,0
18_006029.wav,train,0,0,0,0,0,0,1,0
18_006069.wav,train,0,0,0,0,0,0,0,0
18_006101.wav,train,0,0,0,0,0,0,0,0
18_006162.wav,train,1,0,0,0,0,0,0,0
18_006220.wav,train,0,0,0,1,0,0,0,0
18_006234.wav,train,1,0,0,0,0,0,0,0
18_006272.wav,train,0,0,0,0,0,0,0,0
18_006283.wav,train,0,0,0,1,0,0,0,0
18_006326.wav,train,1,0,0,0,0,0,0,0
18_006327.wav,train,0,0,0,1,0,0,0,0
18_006344.wav,train,0,0,0,0,0,0,0,0
18_006445.wav,train,0,0,0,0,0,0,0,0
18_006465.wav,train,0,0,0,0,0,0,0,0
18_006514.wav,train,1,0,1,0,0,0,0,0
18_006582.wav,train,0,0,0,1,0,0,0,0
18_006611.wav,train,0,0,0,0,0,0,0,0
18_006730.wav,train,0,0,0,0,0,0,0,0
18_006748.wav,train,0,0,0,0,0,0,0,0
18_006773.wav,train,0,0,0,0,0,0,1,0
18_006855.wav,train,0,0,0,0,0,0,0,0
18_006935.wav,train,1,0,0,0,0,0,0,0
18_006947.wav,train,0,0,0,0,1,0,0,0
18_006950.wav,train,0,0,0,0,0,0,0,0
18_006960.wav,train,0,0,0,0,0,0,1,0
18_007087.wav,train,0,0,0,0,0,0,1,0
18_007107.wav,train,0,0,0,0,0,0,1,0
18_007143.wav,train,0,0,0,0,0,0,0,0
18_007186.wav,train,1,0,0,0,0,0,1,0
18_007195.wav,train,0,0,0,0,0,0,1,0
18_007218.wav,train,0,0,0,0,0,0,1,0
18_007243.wav,train,0,0,0,0,0,0,0,0
18_007295.wav,train,0,0,0,0,0,0,0,0
18_007316.wav,train,0,0,0,0,0,0,1,0
18_007374.wav,train,0,0,0,0,0,0,0,0
18_007424.wav,train,0,0,0,0,0,0,1,0
18_007474.wav,train,0,0,0,0,0,0,0,0
18_007476.wav,train,0,0,0,0,0,0,1,0
18_007483.wav,train,1,0,0,0,0,0,0,0
18_007527.wav,train,0,0,0,0,0,0,0,0
18_007530.wav,train,0,0,0,0,0,0,0,0
18_007579.wav,train,0,0,0,0,0,0,1,0
18_007631.wav,train,0,0,0,0,0,0,1,0
18_007734.wav,train,0,0,0,0,0,0,1,0
18_007797.wav,train,0,0,0,0,0,0,1,0
18_007811.wav,train,1,0,0,0,0,0,1,0
18_007812.wav,train,0,0,0,0,0,0,1,0
18_007850.wav,train,0,0,0,0,0,0,1,0
18_007893.wav,train,0,0,1,0,0,0,0,0
18_007899.wav,train,0,0,0,0,0,0,0,0
18_007914.wav,train,0,0,0,0,0,0,0,0
18_007943.wav,train,0,0,0,0,0,0,0,0
18_008036.wav,train,1,0,0,0,0,0,0,0
18_008086.wav,train,0,0,0,0,0,0,1,0
18_008144.wav,train,0,1,0,0,0,0,0,0
18_008175.wav,train,0,0,0,0,1,0,0,0
18_008198.wav,train,1,0,0,0,1,0,0,0
18_008225.wav,train,0,0,0,0,0,0,0,0
18_008281.wav,train,0,0,0,0,0,0,0,0
18_008308.wav,train,0,0,0,0,0,0,1,0
18_008312.wav,train,0,0,0,0,0,0,0,0
18_008390.wav,train,0,0,0,0,0,0,1,0
18_008420.wav,train,0,0,0,0,0,0,0,0
18_008458.wav,train,0,0,0,0,1,0,0,0
18_008485.wav,train,0,0,0,0,1,0,1,0
18_008538.wav,train,0,0,0,0,0,0,1,0
18_008549.wav,train,0,0,1,0,0,0,0,0
18_008565.wav,train,1,0,0,0,0,0,0,0
18_008576.wav,train,0,0,0,0,0,0,1,0
18_008652.wav,train,1,0,0,0,0,0,1,0
18_008696.wav,train,1,0,0,0,0,0,0,0
18_008726.wav,train,1,0,0,0,0,0,1,0
18_008740.wav,train,0,0,0,0,0,0,0,0
18_008804.wav,train,0,0,0,0,0,0,1,0
18_008837.wav,train,0,0,0,0,0,0,0,0
18_008911.wav,train,0,0,0,0,0,0,0,0
18_008930.wav,train,1,0,0,0,0,0,0,0
18_008952.wav,train,0,0,0,0,0,0,0,0
18_008983.wav,train,0,0,0,0,1,0,0,0
18_009026.wav,train,1,0,0,0,0,0,1,0
18_009156.wav,train,0,0,0,0,0,0,1,0
18_009226.wav,train,0,0,0,0,0,0,0,0
18_009503.wav,train,0,0,0,0,0,0,1,0
18_009592.wav,train,0,0,0,0,0,0,1,0
18_009791.wav,train,1,0,0,0,0,0,0,0
18_010246.wav,train,1,0,0,0,0,0,0,0
18_010323.wav,train,0,0,0,0,0,0,0,0
18_010374.wav,train,1,0,0,0,0,0,0,0
18_010401.wav,train,0,0,0,0,1,0,0,0
18_010513.wav,train,0,0,0,0,0,0,0,0
18_010519.wav,train,0,0,0,0,0,0,0,0
18_010554.wav,train,1,0,0,0,0,0,1,0
18_010654.wav,train,0,0,0,0,0,0,1,0
18_010696.wav,train,0,0,0,0,0,0,0,0
18_010709.wav,train,0,0,0,0,0,0,1,0
18_010763.wav,train,0,1,0,0,0,0,0,0
18_010792.wav,train,0,0,0,1,0,0,0,0
18_010800.wav,train,0,0,0,0,0,0,1,0
18_010815.wav,train,0,0,0,0,0,0,1,0
18_010849.wav,train,0,0,0,0,0,0,0,0
18_011011.wav,train,1,0,0,0,0,0,0,0
18_011161.wav,train,0,0,0,0,0,1,0,0
18_011199.wav,train,0,0,0,0,0,0,1,0
18_011207.wav,train,0,0,0,0,1,0,1,0
18_011249.wav,train,0,0,0,0,0,0,0,0
18_011422.wav,train,0,1,0,0,0,0,0,0
18_011458.wav,train,0,0,0,0,1,0,0,0
18_011520.wav,train,1,0,0,0,0,0,1,0
18_011521.wav,train,0,0,0,0,0,0,1,0
18_011589.wav,train,0,0,0,0,0,0,1,0
18_011597.wav,train,1,0,0,0,0,0,0,0
18_011624.wav,train,1,0,0,0,0,0,0,0
18_011647.wav,train,0,0,0,0,1,0,0,0
18_011683.wav,train,1,0,0,0,0,0,0,0
18_011691.wav,train,0,0,0,0,1,0,0,0
18_011748.wav,train,0,0,0,0,0,0,0,0
18_011850.wav,train,0,0,0,0,0,0,0,0
18_011901.wav,train,0,0,1,0,0,0,1,0
18_011998.wav,train,0,0,0,0,0,0,1,0
18_012001.wav,train,0,0,0,0,0,0,0,0
18_012159.wav,train,0,1,0,0,0,0,0,0
18_012305.wav,train,0,0,0,0,0,0,0,0
18_012333.wav,train,0,0,0,0,0,0,0,0
18_012354.wav,train,0,0,0,0,0,0,1,0
18_012360.wav,train,0,0,0,0,0,0,0,0
18_012365.wav,train,0,0,0,0,0,0,0,0
18_012391.wav,train,0,0,0,0,0,0,0,0
18_012393.wav,train,0,0,0,0,0,0,0,0
18_012394.wav,train,0,0,0,1,1,0,0,0
18_012497.wav,train,0,0,0,0,0,0,0,0
18_012593.wav,train,0,0,0,0,0,0,0,0
18_012670.wav,train,0,0,0,0,0,0,0,0
18_012684.wav,train,0,0,0,0,0,0,1,0
18_012689.wav,train,0,0,0,0,0,0,1,0
18_012715.wav,train,0,0,0,0,0,0,0,0
18_012717.wav,train,0,0,0,0,0,0,0,0
18_012815.wav,train,0,0,0,0,0,0,0,0
18_012831.wav,train,0,0,0,1,0,0,0,0
18_012857.wav,train,1,1,0,0,0,0,0,0
18_012859.wav,train,0,0,0,0,0,0,1,0
18_012905.wav,train,0,0,0,0,0,0,0,0
18_012990.wav,train,0,0,0,0,0,0,0,0
18_012991.wav,train,0,0,0,0,0,0,0,0
18_012994.wav,train,0,0,0,0,0,0,0,0
18_013001.wav,train,0,0,0,0,0,0,0,0
18_013060.wav,train,0,0,0,0,0,0,0,0
18_013145.wav,train,0,0,0,0,0,0,0,0
18_013174.wav,train,0,0,0,0,0,0,0,0
18_013201.wav,train,0,0,0,0,0,0,1,0
18_013217.wav,train,0,0,0,0,0,0,0,0
18_013233.wav,train,0,0,0,0,0,0,0,0
18_013249.wav,train,0,0,0,0,1,0,0,0
18_013277.wav,train,0,0,0,0,0,0,1,0
18_013292.wav,train,0,0,0,0,0,0,0,0
18_013293.wav,train,0,0,0,0,1,0,0,0
18_013299.wav,train,0,0,0,0,0,0,0,0
18_013316.wav,train,0,0,0,0,0,0,1,0
18_013327.wav,train,0,0,0,0,1,0,0,0
18_013349.wav,train,0,0,0,0,0,0,0,0
18_013475.wav,train,0,0,0,0,1,0,0,0
18_013561.wav,train,0,0,1,0,0,0,0,0
18_013677.wav,train,0,0,0,0,0,0,1,0
18_016396.wav,train,1,0,0,0,1,0,0,0
18_016404.wav,train,1,0,0,0,1,0,0,0
18_016409.wav,train,0,0,0,0,0,0,1,0
18_016410.wav,train,0,0,0,0,0,0,0,0
18_016430.wav,train,0,0,0,0,0,0,0,0
18_016456.wav,train,0,0,0,0,0,0,0,0
18_016486.wav,train,1,0,0,0,0,0,0,0
18_016519.wav,train,0,0,0,0,0,0,0,0
18_016534.wav,train,1,0,0,0,0,0,0,0
18_016579.wav,train,0,0,0,0,0,0,0,0
18_016672.wav,train,1,0,0,0,0,0,0,0
18_016678.wav,train,0,0,0,0,0,0,1,0
18_016705.wav,train,0,0,1,0,0,0,0,0
18_016706.wav,train,1,0,0,0,0,0,0,0
18_016802.wav,train,0,0,0,0,1,0,0,0
18_016810.wav,train,1,0,0,0,0,0,0,0
18_016814.wav,train,0,0,0,0,0,0,0,0
18_016883.wav,train,0,0,0,0,0,0,0,0
18_016885.wav,train,1,0,0,0,0,0,0,0
18_016889.wav,train,0,0,0,0,0,0,1,0
18_016996.wav,train,1,0,0,0,0,0,0,0
18_017135.wav,train,0,0,0,0,0,0,1,0
18_017171.wav,train,0,0,0,0,0,0,1,0
18_017172.wav,train,1,0,0,0,0,0,0,0
18_017227.wav,train,1,0,0,0,0,0,0,0
18_017273.wav,train,0,0,0,0,0,0,1,0
18_017356.wav,train,1,0,0,0,1,0,0,0
18_017394.wav,train,0,0,0,0,0,0,1,0
18_017406.wav,train,0,0,0,0,0,0,1,0
18_017481.wav,train,0,0,0,0,0,0,0,0
18_017611.wav,train,0,0,0,0,0,0,0,0
18_017869.wav,train,0,0,0,0,1,0,0,0
18_017904.wav,train,0,0,0,0,1,0,1,0
18_017917.wav,train,0,0,0,0,1,0,1,0
18_017930.wav,train,0,0,0,0,1,0,0,0
18_017964.wav,train,0,0,0,0,0,0,0,0
18_017974.wav,train,0,0,0,0,0,0,0,0
18_018007.wav,train,0,0,0,0,0,0,1,0
18_018078.wav,train,1,0,0,0,0,0,0,0
18_018100.wav,train,0,0,0,0,0,0,0,0
18_018144.wav,train,0,0,0,0,0,0,1,0
18_018189.wav,train,0,0,0,0,0,0,0,0
18_018193.wav,train,0,0,0,0,0,0,1,0
18_018380.wav,train,0,0,0,0,0,0,0,0
18_018417.wav,train,0,0,0,0,0,0,1,0
18_018432.wav,train,0,0,0,0,0,0,0,0
18_018438.wav,train,0,0,0,0,0,0,0,0
18_018462.wav,train,0,0,0,0,0,0,1,0
18_018548.wav,train,0,0,0,0,1,0,1,0
18_018582.wav,train,1,0,0,0,0,0,0,0
18_018667.wav,train,1,0,0,0,0,0,0,0
18_018669.wav,train,0,0,0,0,0,0,0,0
18_018713.wav,train,0,0,0,0,0,0,1,0
18_018727.wav,train,0,0,0,0,1,0,0,0
18_018802.wav,train,1,0,0,0,0,0,0,0
18_018855.wav,train,0,0,0,0,0,0,0,0
18_018885.wav,train,0,0,0,0,1,0,0,0
18_018969.wav,train,0,0,0,0,0,0,0,0
18_018970.wav,train,0,0,0,0,0,0,0,0
18_018979.wav,train,1,0,0,1,0,0,0,0
18_019057.wav,train,0,0,0,0,1,0,0,0
18_019070.wav,train,0,0,0,0,1,0,0,0
18_019084.wav,train,1,0,0,0,1,0,0,0
18_019117.wav,train,0,0,0,0,0,1,1,0
18_019122.wav,train,0,0,0,0,0,0,1,0
18_019241.wav,train,1,0,0,0,1,0,0,0
18_019249.wav,train,1,0,0,0,0,0,1,0
18_019370.wav,train,1,0,0,0,0,0,1,0
18_019415.wav,train,0,0,1,0,0,0,0,0
18_019429.wav,train,1,0,0,0,0,0,0,0
18_019432.wav,train,1,0,0,0,0,0,0,0
18_019458.wav,train,1,0,1,0,0,0,0,0
18_019459.wav,train,0,0,0,0,0,0,1,0
18_019486.wav,train,0,0,0,0,0,0,1,0
18_019526.wav,train,0,0,0,0,0,0,1,0
18_019575.wav,train,0,0,0,0,0,0,1,0
18_019584.wav,train,0,0,0,0,0,0,0,0
18_019585.wav,train,0,0,0,0,0,0,0,0
18_019746.wav,train,0,0,0,1,1,0,0,0
18_019805.wav,train,1,0,0,0,0,0,1,0
18_019875.wav,train,0,0,0,0,1,0,1,0
18_019917.wav,train,0,0,0,0,1,0,0,0
18_020011.wav,train,0,0,0,0,0,0,1,0
18_020048.wav,train,1,0,0,0,0,0,0,0
18_020191.wav,train,0,0,0,0,0,0,1,0
18_020267.wav,train,0,0,0,0,0,0,0,0
18_020298.wav,train,0,0,0,0,0,0,0,0
18_020301.wav,train,0,0,0,0,1,0,0,0
18_020331.wav,train,0,0,0,0,1,0,0,0
18_020498.wav,train,0,0,1,0,0,0,0,0
18_020519.wav,train,0,0,0,0,1,0,0,0
18_020576.wav,train,0,0,0,0,0,0,0,0
18_020579.wav,train,0,0,0,0,0,0,0,0
18_020592.wav,train,0,0,0,0,0,0,0,0
18_020750.wav,train,1,0,1,0,0,0,0,0
18_020756.wav,train,0,0,0,0,0,0,0,0
18_020780.wav,train,0,0,0,0,0,0,1,0
18_020783.wav,train,0,0,0,0,0,0,0,0
18_020811.wav,train,0,0,0,0,0,0,0,0
18_020819.wav,train,0,0,0,0,1,0,1,0
18_020877.wav,train,0,0,0,0,0,0,0,0
18_020884.wav,train,1,0,0,0,0,0,0,0
18_026944.wav,test,0,0,0,0,0,0,0,0
18_026989.wav,test,1,0,0,0,1,0,1,0
18_027131.wav,test,1,0,1,0,0,0,1,0
18_027151.wav,test,0,0,1,0,1,0,1,0
18_027152.wav,test,1,0,0,0,0,0,1,0
18_027170.wav,test,1,0,0,0,0,0,0,0
18_027178.wav,test,0,0,0,0,0,0,1,0
18_027285.wav,test,1,0,0,0,0,0,1,0
18_027313.wav,test,0,0,1,0,1,0,1,0
18_027332.wav,test,0,0,1,0,0,0,1,0
18_027337.wav,test,1,0,0,0,0,0,1,0
18_027353.wav,test,0,0,0,0,1,0,1,1
18_027376.wav,test,0,0,0,0,0,0,1,0
18_027514.wav,test,1,0,1,0,0,0,1,0
18_027543.wav,test,0,0,1,0,0,0,0,0
18_027680.wav,test,0,0,0,0,0,0,0,0
18_027725.wav,test,0,0,0,0,0,0,0,0
18_027838.wav,test,0,0,1,0,0,0,1,0
18_027845.wav,test,1,0,1,0,0,0,1,0
19_000104.wav,train,0,0,0,0,0,0,1,0
19_000111.wav,train,0,0,0,0,1,0,0,0
19_000181.wav,train,1,0,0,0,0,0,0,0
19_000194.wav,train,0,0,0,0,0,0,1,0
19_000211.wav,train,0,0,0,0,0,0,1,0
19_000233.wav,train,0,0,0,0,0,0,0,0
19_000241.wav,train,0,0,0,0,0,0,1,0
19_000336.wav,train,0,0,0,0,0,0,1,0
19_000445.wav,train,0,0,0,0,0,0,1,0
19_000476.wav,train,0,0,0,0,0,0,1,0
19_000532.wav,train,1,0,0,0,0,0,0,0
19_000598.wav,train,0,0,0,0,0,0,0,0
19_000603.wav,train,1,0,0,0,0,0,0,0
19_000635.wav,train,1,0,0,0,0,0,0,0
19_000638.wav,train,1,0,0,0,0,0,0,0
19_000705.wav,train,1,0,0,0,0,0,0,0
19_000716.wav,train,0,0,0,0,0,0,1,0
19_000734.wav,train,0,0,0,0,1,0,0,0
19_000752.wav,train,0,0,0,0,0,0,1,0
19_000767.wav,train,1,0,0,0,0,0,0,0
19_000885.wav,train,1,0,0,0,0,1,1,0
19_000986.wav,train,0,0,0,0,0,1,1,0
19_000988.wav,train,0,0,0,0,1,0,1,0
19_001012.wav,train,0,0,0,0,0,0,0,0
19_001024.wav,train,1,0,0,0,0,0,0,0
19_001036.wav,train,1,0,0,0,1,0,1,0
19_001055.wav,train,0,0,0,0,1,0,0,0
19_001060.wav,train,0,0,0,0,1,0,0,0
19_001069.wav,train,0,0,0,0,0,0,0,0
19_001182.wav,train,0,0,0,0,1,0,1,0
19_001236.wav,train,1,0,0,0,0,0,0,0
19_001251.wav,train,0,0,0,0,0,0,0,0
19_001271.wav,train,1,0,0,0,0,0,1,0
19_001381.wav,train,1,0,0,1,0,0,0,0
19_001614.wav,train,1,0,0,0,0,0,0,0
19_001678.wav,train,1,0,0,0,0,0,0,0
19_001713.wav,train,1,0,0,0,1,0,0,0
19_001746.wav,train,0,0,0,0,0,0,1,0
19_001766.wav,train,0,0,0,0,0,0,0,0
19_001906.wav,train,0,0,0,0,0,0,0,0
19_001936.wav,train,0,0,0,0,0,0,0,0
19_002070.wav,train,0,0,0,0,0,0,0,0
19_002078.wav,train,0,0,0,1,0,0,0,0
19_002091.wav,train,0,0,0,0,0,0,0,0
19_002224.wav,train,1,0,0,0,1,0,0,0
19_002290.wav,train,0,0,0,0,0,0,1,0
19_002294.wav,train,0,0,0,0,0,0,1,0
19_002436.wav,train,0,0,0,0,0,0,0,0
19_002447.wav,train,0,0,0,0,0,0,0,0
19_002485.wav,train,0,0,0,0,0,0,1,0
19_002534.wav,train,1,0,0,0,0,0,0,0
19_002591.wav,train,0,0,0,0,0,0,0,0
19_002670.wav,train,0,0,0,0,0,0,0,0
19_002677.wav,train,0,0,0,0,0,0,1,0
19_002727.wav,train,0,0,0,0,0,0,1,0
19_002821.wav,train,1,0,0,0,0,0,0,0
19_002852.wav,train,0,0,0,0,0,0,0,0
19_002867.wav,train,0,0,0,0,0,0,1,0
19_002893.wav,train,0,0,0,0,0,0,0,0
19_002960.wav,train,1,0,0,0,0,0,0,0
19_003148.wav,train,1,0,0,0,0,0,0,0
19_003251.wav,train,0,0,0,0,0,0,1,0
19_003254.wav,train,1,0,0,0,0,0,0,0
19_003362.wav,train,0,0,0,0,0,0,1,0
19_003374.wav,train,0,0,0,0,0,0,1,0
19_003388.wav,train,0,0,0,1,1,0,1,0
19_003409.wav,train,0,0,0,0,0,0,1,0
19_003496.wav,train,0,0,0,0,0,0,1,0
19_003524.wav,train,0,0,0,0,1,0,1,0
19_003840.wav,train,0,0,0,0,0,0,0,0
19_003897.wav,train,0,0,0,0,0,0,0,0
19_004093.wav,train,0,0,0,0,0,0,1,0
19_004215.wav,train,0,0,0,0,0,0,1,0
19_004225.wav,train,1,0,0,0,0,0,0,0
19_004378.wav,train,1,0,0,0,0,0,0,0
19_004423.wav,train,0,0,0,0,0,0,0,0
19_004474.wav,train,0,0,0,0,1,0,1,0
19_004486.wav,train,0,0,0,0,0,0,1,0
19_004490.wav,train,0,0,0,0,0,0,1,0
19_004534.wav,train,0,0,0,0,0,0,0,0
19_004556.wav,train,0,0,0,0,1,0,1,0
19_004562.wav,train,0,0,0,0,0,0,0,0
19_004613.wav,train,1,0,0,0,0,0,0,0
19_004641.wav,train,0,0,0,0,0,0,1,0
19_004643.wav,train,0,0,0,0,0,0,0,0
19_004917.wav,train,0,0,0,0,1,0,0,0
19_005004.wav,train,0,0,0,0,0,0,1,0
19_005011.wav,train,0,0,0,0,0,0,0,0
19_005037.wav,train,1,0,0,0,0,0,0,0
19_005049.wav,train,0,0,0,0,0,0,1,0
19_005235.wav,train,0,0,0,0,0,0,0,0
19_005239.wav,train,0,0,0,0,0,0,1,0
19_005245.wav,train,0,0,0,0,0,0,1,0
19_005289.wav,train,0,0,0,0,0,0,1,0
19_005408.wav,train,0,0,0,0,0,0,1,0
19_005468.wav,train,0,0,0,0,0,0,1,0
19_005560.wav,train,1,0,0,0,0,0,0,0
19_005581.wav,train,1,0,0,0,0,0,1,0
19_005642.wav,train,1,0,0,0,0,0,0,0
19_005761.wav,train,1,0,0,0,0,0,0,0
19_005843.wav,train,1,0,0,0,1,0,1,0
19_005887.wav,train,0,0,0,0,0,0,1,0
19_005927.wav,train,1,0,0,0,0,0,0,0
19_006112.wav,train,0,0,0,0,0,0,1,0
19_006123.wav,train,0,0,0,0,0,0,0,0
19_006131.wav,train,0,0,0,0,0,0,0,0
19_006175.wav,train,0,0,0,0,0,0,1,0
19_006218.wav,train,0,0,0,0,1,0,0,0
19_006236.wav,train,0,0,0,0,0,0,0,0
19_006292.wav,train,1,0,0,0,0,0,0,0
19_006409.wav,train,1,0,0,0,0,0,0,0
19_006428.wav,train,0,0,0,0,1,0,0,0
19_006533.wav,train,0,0,0,0,0,0,1,0
19_006545.wav,train,0,0,0,0,0,0,1,0
19_006607.wav,train,0,0,0,0,0,0,1,0
19_006620.wav,train,0,0,0,0,0,0,0,0
19_006628.wav,train,0,0,0,0,0,0,1,0
19_006679.wav,train,1,0,1,0,0,0,0,0
19_006714.wav,train,0,0,0,0,0,0,0,0
19_006719.wav,train,0,0,0,0,0,0,0,0
19_006723.wav,train,0,0,0,0,0,0,0,0
19_006736.wav,train,0,0,0,0,0,0,1,0
19_006785.wav,train,1,0,0,0,0,0,0,0
19_006796.wav,train,0,0,0,0,0,0,1,0
19_007000.wav,train,0,0,0,0,0,0,1,0
19_007117.wav,train,0,0,0,0,0,0,0,0
19_007138.wav,train,0,0,0,0,0,0,1,0
19_007150.wav,train,0,0,0,0,0,0,1,0
19_007164.wav,train,1,0,0,0,0,0,0,0
19_007168.wav,train,0,0,0,0,1,0,1,0
19_007234.wav,train,0,0,0,0,0,0,1,0
19_007262.wav,train,0,0,0,0,0,0,1,0
19_007325.wav,train,1,0,0,0,0,0,0,0
19_007351.wav,train,1,0,0,0,0,0,0,0
19_007441.wav,train,0,0,0,0,0,0,0,0
19_007616.wav,train,1,0,0,0,0,0,0,0
19_007645.wav,train,0,0,0,0,0,0,0,0
19_007707.wav,train,1,0,0,0,0,0,0,0
19_007908.wav,train,0,0,0,0,1,0,0,0
19_008171.wav,train,0,0,0,0,0,0,0,0
19_008176.wav,train,0,0,0,0,0,0,0,0
19_008194.wav,train,0,0,0,0,0,0,1,0
19_008295.wav,train,0,0,0,0,0,0,0,0
19_008335.wav,train,0,0,0,0,0,0,1,0
19_008346.wav,train,0,0,0,1,0,0,0,0
19_008374.wav,train,0,0,0,0,0,0,1,0
19_008434.wav,train,1,0,0,0,0,0,0,0
19_008629.wav,train,1,0,0,0,1,0,0,0
19_008711.wav,train,0,0,0,0,1,0,0,0
19_008735.wav,train,1,0,0,0,0,0,0,0
19_008793.wav,train,0,0,0,0,0,0,0,0
19_008794.wav,train,0,0,0,0,0,0,1,0
19_009015.wav,train,0,0,0,0,0,0,0,0
19_009155.wav,train,0,0,0,0,1,1,1,0
19_009180.wav,train,0,0,0,0,0,0,1,0
19_009185.wav,train,1,0,0,0,0,0,0,0
19_009216.wav,train,0,0,0,0,1,0,1,0
19_009217.wav,train,0,0,0,0,0,0,1,0
19_009313.wav,train,0,0,0,0,0,0,0,0
19_009341.wav,train,0,0,0,0,1,0,0,0
19_009385.wav,train,1,0,0,0,1,0,0,0
19_009581.wav,train,1,0,0,0,0,0,1,0
19_009659.wav,train,1,0,0,0,0,0,0,0
19_009683.wav,train,0,0,0,0,1,0,0,0
19_009687.wav,train,0,0,0,0,0,0,0,0
19_009694.wav,train,0,0,0,0,1,0,1,0
19_009700.wav,train,0,0,0,0,0,0,1,0
19_009755.wav,train,1,0,0,0,0,0,0,0
19_009851.wav,train,0,0,0,0,0,0,0,0
19_009985.wav,train,1,0,0,0,0,0,0,0
19_010027.wav,train,1,0,0,0,0,0,0,0
19_010082.wav,train,0,0,0,0,0,0,1,0
19_010142.wav,train,0,0,0,0,1,0,0,0
19_010298.wav,train,1,0,0,0,0,0,0,0
19_010421.wav,train,1,0,0,0,0,0,1,0
19_010450.wav,train,0,0,0,0,1,0,0,0
19_010483.wav,train,0,0,0,0,0,0,0,0
19_010526.wav,train,0,0,0,0,1,0,0,0
19_010533.wav,train,0,0,0,0,0,0,1,0
19_010567.wav,train,1,0,0,0,1,0,1,0
19_010570.wav,train,0,0,0,0,0,0,0,0
19_010582.wav,train,0,0,0,0,0,0,0,0
19_010588.wav,train,1,0,0,0,0,0,0,0
19_010664.wav,train,0,0,0,0,1,0,0,0
19_010680.wav,train,1,0,0,0,0,0,0,0
19_010685.wav,train,0,0,0,0,1,0,0,0
19_010749.wav,train,1,0,0,0,0,0,1,0
19_010781.wav,train,1,0,0,0,0,0,0,0
19_010796.wav,train,1,0,0,0,0,0,0,0
19_010814.wav,train,1,0,0,0,0,0,0,0
19_010830.wav,train,0,0,0,0,0,0,1,0
19_010848.wav,train,0,0,0,0,0,0,1,0
19_010926.wav,train,0,0,0,0,0,0,1,0
19_010933.wav,train,1,0,0,0,0,0,0,0
19_011094.wav,train,1,0,0,0,0,0,0,0
19_011106.wav,train,0,0,0,0,0,0,1,1
19_011132.wav,train,0,0,0,0,1,0,1,0
19_011152.wav,train,1,0,0,0,1,0,0,0
19_011227.wav,train,1,0,0,0,1,0,0,0
19_011298.wav,train,0,0,0,0,0,0,0,0
19_011305.wav,train,0,0,0,0,0,0,0,0
19_011325.wav,train,1,0,0,0,1,0,1,0
19_011419.wav,train,1,0,0,0,0,0,0,0
19_011440.wav,train,0,0,0,0,0,0,0,0
19_011462.wav,train,1,0,0,0,0,0,0,0
19_011482.wav,train,1,0,0,0,0,0,0,0
19_011494.wav,train,0,0,0,0,0,0,0,0
19_011575.wav,train,0,0,0,0,0,0,0,0
19_011636.wav,train,0,1,0,0,0,0,0,0
19_011795.wav,train,1,0,0,0,0,0,0,0
19_011856.wav,train,0,0,0,0,0,0,0,0
19_011874.wav,train,0,0,0,0,0,0,1,0
19_011972.wav,train,1,0,0,0,1,0,0,0
19_012008.wav,train,0,0,0,0,0,0,1,0
19_012143.wav,train,1,0,0,0,0,0,0,0
19_012162.wav,train,1,0,0,0,0,0,0,0
19_012170.wav,train,1,0,0,0,0,0,0,0
19_012241.wav,train,1,0,0,0,0,0,0,0
19_012255.wav,train,0,0,0,0,0,0,1,0
19_012269.wav,train,1,0,0,0,0,0,0,0
19_012345.wav,train,0,0,0,0,0,0,0,0
19_012507.wav,train,0,0,0,0,0,0,1,0
19_012525.wav,train,1,0,0,0,0,0,0,0
19_012533.wav,train,0,0,0,0,0,0,0,0
19_012542.wav,train,1,0,0,0,0,0,0,0
19_012550.wav,train,0,0,0,0,0,0,0,0
19_012554.wav,train,0,0,0,0,0,0,1,0
19_012586.wav,train,0,0,0,0,0,0,0,0
19_012588.wav,train,0,0,0,0,0,0,1,0
19_012661.wav,train,0,0,0,0,0,1,0,0
19_012925.wav,train,0,0,0,0,1,0,0,0
19_012931.wav,train,0,0,0,0,1,0,0,0
19_012992.wav,train,0,0,0,0,0,0,1,0
19_013074.wav,train,0,0,0,0,0,0,0,0
19_013177.wav,train,0,1,0,0,0,0,0,0
19_013181.wav,train,0,0,0,0,1,0,1,0
19_013199.wav,train,0,0,0,0,0,0,1,0
19_013200.wav,train,0,0,0,0,0,0,0,0
19_013216.wav,train,1,0,0,0,0,0,0,0
19_013242.wav,train,0,0,0,0,0,0,0,1
19_013276.wav,train,1,0,0,0,0,0,0,0
19_013291.wav,train,1,0,0,0,0,0,0,0
19_013371.wav,train,0,0,0,0,1,0,1,0
19_013386.wav,train,0,0,0,0,0,0,0,0
19_013434.wav,train,0,0,0,0,0,0,0,0
19_013439.wav,train,1,0,0,0,0,0,1,0
19_013465.wav,train,0,0,0,0,0,0,0,0
19_013525.wav,train,1,0,0,0,0,0,0,0
19_013535.wav,train,0,0,0,0,0,0,0,0
19_013549.wav,train,0,1,0,0,0,0,0,0
19_013603.wav,train,1,0,0,0,1,0,1,0
19_013633.wav,train,1,0,0,0,0,0,0,0
19_013636.wav,train,0,0,0,0,1,0,0,0
19_013659.wav,train,1,0,0,0,0,0,0,0
19_013687.wav,train,0,0,0,0,0,0,0,0
19_013694.wav,train,1,0,0,0,0,0,0,0
19_016366.wav,train,1,0,0,0,0,0,1,0
19_016420.wav,train,0,0,0,0,1,0,1,0
19_016429.wav,train,0,0,0,0,0,0,0,0
19_016462.wav,train,0,0,0,0,0,0,0,0
19_016584.wav,train,0,0,0,0,0,0,1,0
19_016629.wav,train,1,0,0,0,0,0,0,0
19_016730.wav,train,0,0,0,0,0,0,0,0
19_016818.wav,train,1,0,0,0,0,0,1,0
19_016823.wav,train,1,0,0,0,0,0,0,0
19_016824.wav,train,0,0,0,0,0,0,1,0
19_016843.wav,train,1,0,0,0,1,0,0,0
19_016911.wav,train,0,0,0,0,1,0,1,0
19_016924.wav,train,1,0,0,0,0,0,0,0
19_016992.wav,train,1,0,0,0,1,0,0,0
19_017007.wav,train,1,0,0,0,1,0,0,0
19_017057.wav,train,0,0,0,0,0,0,1,0
19_017059.wav,train,0,0,0,0,1,0,1,0
19_017060.wav,train,1,0,0,0,0,0,0,0
19_017128.wav,train,1,0,0,0,0,0,0,0
19_017218.wav,train,0,0,0,0,0,0,1,0
19_017222.wav,train,1,0,0,0,0,0,0,0
19_017329.wav,train,0,0,0,0,0,1,0,0
19_017331.wav,train,0,0,0,0,1,0,1,0
19_017353.wav,train,0,1,0,0,0,0,0,0
19_017414.wav,train,0,1,0,0,0,0,0,0
19_017445.wav,train,0,0,0,0,1,0,0,0
19_017561.wav,train,0,0,0,0,0,0,1,0
19_017594.wav,train,1,0,0,0,0,0,1,0
19_017598.wav,train,0,0,0,0,0,0,1,0
19_017653.wav,train,0,0,0,0,0,1,0,0
19_017720.wav,train,0,0,0,0,0,0,1,0
19_017750.wav,train,1,0,0,0,0,0,0,0
19_017902.wav,train,1,0,0,0,0,0,0,0
19_017922.wav,train,1,0,0,0,0,0,1,0
19_017968.wav,train,0,0,0,0,0,0,1,0
19_018023.wav,train,0,0,0,0,1,0,0,0
19_018068.wav,train,0,0,0,0,0,0,1,0
19_018151.wav,train,0,0,0,0,0,0,0,0
19_018245.wav,train,0,0,0,0,0,0,1,0
19_018362.wav,train,0,0,0,0,0,0,0,0
19_018395.wav,train,0,0,0,0,1,0,1,0
19_018441.wav,train,1,0,0,0,0,0,0,0
19_018450.wav,train,1,0,0,0,1,0,0,0
19_018463.wav,train,1,0,0,0,0,0,0,0
19_018508.wav,train,0,0,0,0,0,0,1,0
19_018514.wav,train,1,0,0,0,0,0,0,0
19_018520.wav,train,1,0,0,0,0,0,1,0
19_018574.wav,train,0,0,0,0,1,0,1,0
19_018586.wav,train,1,0,0,0,1,0,0,0
19_018638.wav,train,1,0,0,0,0,0,0,0
19_018751.wav,train,0,0,0,0,1,0,0,0
19_018759.wav,train,1,0,0,0,0,0,0,0
19_018832.wav,train,1,0,0,0,0,0,0,0
19_018895.wav,train,0,0,0,0,0,0,0,0
19_019069.wav,train,0,0,0,0,0,0,1,0
19_019111.wav,train,0,0,0,0,0,0,0,0
19_019113.wav,train,0,0,0,0,0,0,0,0
19_019114.wav,train,0,0,0,0,1,0,1,0
19_019238.wav,train,0,0,0,0,1,0,0,0
19_019265.wav,train,1,0,0,0,0,0,0,0
19_019385.wav,train,0,0,0,0,0,0,1,0
19_019473.wav,train,1,0,0,0,0,0,1,0
19_019474.wav,train,1,0,0,0,0,0,0,0
19_019479.wav,train,1,0,0,0,0,0,1,0
19_019659.wav,train,1,0,0,0,0,0,1,0
19_019705.wav,train,0,0,0,0,1,0,0,0
19_019850.wav,train,0,1,0,0,0,0,0,0
19_019961.wav,train,1,0,0,0,0,0,0,0
19_020063.wav,train,1,0,0,0,1,0,0,0
19_020081.wav,train,0,0,1,0,0,0,0,0
19_020082.wav,train,1,0,0,0,0,0,0,0
19_020104.wav,train,1,0,0,0,0,0,1,0
19_020157.wav,train,0,0,0,0,0,0,1,0
19_020288.wav,train,0,1,0,0,0,0,0,0
19_020397.wav,train,0,0,0,0,0,0,0,0
19_020403.wav,train,1,0,0,0,0,0,0,0
19_020412.wav,train,1,0,0,0,0,0,0,0
19_020482.wav,train,0,0,0,0,1,0,0,0
19_020533.wav,train,0,0,0,0,1,0,0,0
19_020560.wav,train,0,0,0,0,1,0,1,0
19_020632.wav,train,0,0,0,0,0,0,0,0
19_020694.wav,train,0,0,0,0,1,0,0,0
19_020753.wav,train,1,0,0,0,1,0,0,0
19_020796.wav,train,0,0,0,0,0,0,0,0
19_020894.wav,train,0,0,0,0,1,0,0,0
20_000037.wav,train,1,0,0,0,0,0,0,0
20_000094.wav,train,0,0,0,0,1,0,0,0
20_000099.wav,train,1,0,0,0,0,0,0,0
20_000112.wav,train,0,0,0,0,0,0,0,0
20_000137.wav,train,1,0,0,0,0,0,0,0
20_000235.wav,train,1,0,0,0,0,0,0,0
20_000279.wav,train,1,0,0,0,0,0,0,0
20_000415.wav,train,0,0,0,0,0,0,0,0
20_000548.wav,train,1,0,0,0,1,0,0,0
20_000689.wav,train,1,0,0,0,0,0,0,0
20_000805.wav,train,0,0,0,0,0,0,0,0
20_000877.wav,train,0,0,0,0,0,0,0,0
20_000898.wav,train,1,0,0,0,0,0,0,0
20_000923.wav,train,0,0,0,0,0,0,0,0
20_000963.wav,train,0,0,0,0,0,0,1,0
20_001004.wav,train,0,0,0,0,1,0,0,0
20_001164.wav,train,0,0,0,0,0,0,0,0
20_001176.wav,train,0,0,0,0,0,0,0,0
20_001230.wav,train,0,0,0,0,0,0,0,1
20_001231.wav,train,0,0,0,0,0,0,0,0
20_001325.wav,train,1,0,0,0,0,0,0,0
20_001353.wav,train,0,0,0,0,1,0,0,0
20_001450.wav,train,1,0,0,0,0,0,0,0
20_001536.wav,train,0,0,1,0,0,0,0,0
20_001620.wav,train,0,0,0,0,0,0,0,0
20_001680.wav,train,0,0,0,0,0,0,0,0
20_001786.wav,train,0,0,0,0,0,0,0,0
20_001941.wav,train,0,0,0,0,0,0,0,0
20_001945.wav,train,1,0,0,0,0,0,0,0
20_002064.wav,train,0,0,0,0,0,0,0,0
20_002107.wav,train,0,0,0,0,0,0,0,0
20_002155.wav,train,0,0,0,0,0,0,0,0
20_002240.wav,train,0,0,0,0,1,0,0,0
20_002517.wav,train,0,0,0,0,0,0,0,0
20_002561.wav,train,1,0,0,0,0,0,0,0
20_002808.wav,train,0,0,0,0,0,0,0,0
20_002980.wav,train,0,0,0,0,0,0,0,0
20_002997.wav,train,1,0,0,0,0,0,0,0
20_003050.wav,train,1,0,0,0,0,0,0,0
20_003073.wav,train,1,0,0,0,0,0,0,0
20_003093.wav,train,1,0,0,0,0,0,0,0
20_003257.wav,train,0,0,0,0,0,0,0,0
20_003557.wav,train,1,0,0,0,0,0,0,0
20_003605.wav,train,0,0,0,0,1,0,0,0
20_003624.wav,train,0,0,0,0,0,0,0,0
20_003663.wav,train,0,0,0,0,0,0,0,0
20_003738.wav,train,0,0,0,0,0,0,0,0
20_003774.wav,train,1,0,0,0,0,0,0,0
20_003877.wav,train,0,1,0,0,0,0,0,0
20_004149.wav,train,0,0,0,0,0,0,0,0
20_004408.wav,train,0,0,0,0,1,0,0,0
20_004428.wav,train,0,1,0,0,0,0,0,0
20_004592.wav,train,1,0,0,0,0,0,0,0
20_004631.wav,train,0,0,0,0,0,0,1,0
20_004728.wav,train,0,0,0,0,1,0,0,0
20_004744.wav,train,0,0,0,0,0,0,1,0
20_004746.wav,train,1,0,0,0,0,0,0,0
20_004816.wav,train,1,0,0,0,0,0,0,0
20_004835.wav,train,1,0,0,0,0,0,0,0
20_004870.wav,train,1,0,0,0,0,0,0,0
20_004982.wav,train,1,0,0,0,1,0,0,0
20_005008.wav,train,0,0,0,0,0,0,0,1
20_005027.wav,train,0,0,0,0,0,0,0,0
20_005150.wav,train,0,0,0,0,0,0,0,0
20_005158.wav,train,1,0,0,0,0,0,0,0
20_005163.wav,train,1,0,0,0,0,0,0,0
20_005268.wav,train,0,0,0,0,1,0,0,0
20_005299.wav,train,1,0,0,0,0,0,0,0
20_005321.wav,train,1,0,0,0,0,0,0,0
20_005367.wav,train,0,0,0,0,0,0,1,0
20_005378.wav,train,0,0,0,0,0,0,0,0
20_005423.wav,train,1,0,0,0,0,0,0,0
20_005437.wav,train,0,0,0,0,1,0,0,0
20_005482.wav,train,1,0,0,0,1,0,0,0
20_005496.wav,train,1,0,0,0,0,0,0,0
20_005537.wav,train,0,0,0,0,0,0,0,0
20_005709.wav,train,0,0,0,0,0,0,0,0
20_005735.wav,train,1,0,0,0,0,0,0,0
20_005775.wav,train,0,0,0,0,0,0,0,0
20_005782.wav,train,1,0,0,0,0,0,0,0
20_005996.wav,train,0,0,0,0,0,0,1,0
20_006010.wav,train,1,0,0,0,1,0,1,0
20_006034.wav,train,0,0,0,0,0,0,0,0
20_006068.wav,train,0,0,0,0,0,0,0,0
20_006118.wav,train,1,0,0,0,0,0,0,0
20_006149.wav,train,0,0,0,0,1,0,0,0
20_006154.wav,train,0,0,0,0,0,0,0,0
20_006174.wav,train,1,0,0,0,1,0,0,0
20_006179.wav,train,1,0,0,0,0,0,0,0
20_006203.wav,train,1,0,0,0,0,0,0,0
20_006209.wav,train,0,0,0,0,0,1,0,0
20_006335.wav,train,1,0,0,0,0,0,0,0
20_006453.wav,train,0,0,0,0,1,0,0,0
20_006462.wav,train,1,0,0,0,0,0,0,0
20_006542.wav,train,0,0,0,0,0,0,0,0
20_006606.wav,train,0,0,0,0,1,0,0,0
20_006621.wav,train,1,0,0,0,1,0,0,0
20_006640.wav,train,1,0,0,0,0,0,0,0
20_006668.wav,train,0,0,0,0,0,0,0,0
20_006729.wav,train,0,0,0,0,0,0,0,0
20_006744.wav,train,1,0,0,0,0,0,0,0
20_006752.wav,train,0,0,0,0,0,0,0,0
20_006786.wav,train,0,0,0,0,0,0,0,0
20_006849.wav,train,1,0,0,0,0,0,0,0
20_006883.wav,train,0,0,0,0,0,0,1,0
20_006971.wav,train,1,0,0,0,0,0,0,0
20_006983.wav,train,0,0,0,0,0,0,1,0
20_007054.wav,train,0,0,0,0,0,0,0,0
20_007071.wav,train,0,0,0,0,0,0,0,0
20_007237.wav,train,1,0,0,0,0,0,1,0
20_007338.wav,train,0,0,0,0,1,0,0,0
20_007346.wav,train,1,0,0,0,0,0,0,0
20_007349.wav,train,0,0,0,0,1,0,0,0
20_007841.wav,train,0,0,0,0,0,0,0,0
20_007923.wav,train,1,0,0,0,0,0,0,0
20_007932.wav,train,0,0,0,0,0,0,0,0
20_007958.wav,train,1,0,0,0,0,0,0,0
20_008001.wav,train,1,0,0,0,0,0,0,0
20_008015.wav,train,0,0,0,0,0,0,0,0
20_008024.wav,train,0,0,0,0,0,0,0,0
20_008147.wav,train,0,0,0,0,1,0,0,0
20_008221.wav,train,1,0,0,0,1,0,0,0
20_008315.wav,train,1,0,0,0,0,0,0,0
20_008466.wav,train,0,0,0,0,0,0,0,0
20_008482.wav,train,0,0,0,0,0,0,0,0
20_008493.wav,train,1,0,0,0,0,0,0,0
20_008553.wav,train,0,0,0,0,0,0,0,0
20_008567.wav,train,1,0,0,0,0,0,0,0
20_008587.wav,train,1,0,0,0,0,0,0,0
20_008595.wav,train,0,0,0,0,0,0,0,0
20_008643.wav,train,1,0,0,0,0,0,0,0
20_008645.wav,train,1,0,0,0,0,0,0,0
20_008650.wav,train,1,0,0,0,0,0,0,0
20_008725.wav,train,1,0,0,0,1,0,0,0
20_008741.wav,train,1,0,0,0,0,0,0,0
20_008867.wav,train,0,0,0,0,0,0,0,0
20_008985.wav,train,1,0,0,0,1,0,0,0
20_010272.wav,train,1,0,0,0,0,0,0,0
20_010281.wav,train,1,0,0,0,0,0,0,0
20_010294.wav,train,1,0,0,0,0,0,0,0
20_010308.wav,train,0,0,0,0,0,0,0,0
20_010327.wav,train,0,0,0,0,1,0,0,0
20_010340.wav,train,0,1,0,0,0,0,0,0
20_010352.wav,train,0,0,0,0,0,0,0,0
20_010464.wav,train,1,0,0,0,0,0,0,0
20_010509.wav,train,0,0,0,0,0,0,1,0
20_010584.wav,train,1,0,0,0,0,0,0,0
20_010593.wav,train,0,1,0,0,0,0,0,0
20_010607.wav,train,0,0,0,0,1,0,0,0
20_010651.wav,train,0,0,0,0,0,0,1,0
20_010691.wav,train,1,0,0,0,0,0,1,0
20_010729.wav,train,1,0,0,0,0,0,0,0
20_010750.wav,train,1,0,0,0,0,0,0,0
20_010758.wav,train,0,0,0,0,0,0,0,0
20_010801.wav,train,1,0,0,0,0,0,0,0
20_010811.wav,train,1,0,0,0,0,0,0,0
20_010838.wav,train,1,0,0,0,0,0,0,0
20_010842.wav,train,1,0,0,0,0,0,0,0
20_010897.wav,train,0,0,0,0,1,0,0,0
20_010950.wav,train,1,0,0,0,0,0,0,0
20_010979.wav,train,0,0,0,0,0,0,0,0
20_010985.wav,train,0,0,0,0,0,0,0,0
20_010989.wav,train,1,0,0,0,0,0,0,0
20_011002.wav,train,1,0,0,0,1,0,0,0
20_011032.wav,train,1,0,0,0,0,0,0,0
20_011116.wav,train,0,0,0,0,1,0,1,0
20_011127.wav,train,1,0,0,0,0,0,0,0
20_011198.wav,train,0,0,0,0,0,0,0,0
20_011254.wav,train,0,0,0,0,0,0,0,0
20_011256.wav,train,1,0,0,0,0,0,0,0
20_011262.wav,train,0,1,0,0,0,0,0,0
20_011263.wav,train,1,0,0,0,0,0,0,0
20_011287.wav,train,0,0,0,0,0,0,0,0
20_011299.wav,train,1,0,0,0,0,0,0,0
20_011322.wav,train,0,0,0,0,0,0,0,0
20_011344.wav,train,0,0,0,0,0,0,0,0
20_011347.wav,train,0,0,0,0,0,0,0,0
20_011408.wav,train,0,0,0,0,0,0,0,0
20_011429.wav,train,0,0,0,0,0,0,0,0
20_011505.wav,train,1,0,0,0,0,0,0,0
20_011591.wav,train,1,0,0,0,0,0,0,0
20_011620.wav,train,1,0,0,0,0,0,0,0
20_011640.wav,train,0,1,0,0,0,0,0,0
20_011684.wav,train,0,0,0,0,1,0,0,0
20_011735.wav,train,1,0,0,0,0,0,0,0
20_011749.wav,train,0,0,0,0,1,0,1,0
20_011788.wav,train,1,0,0,0,0,0,0,0
20_011817.wav,train,1,0,0,0,0,0,0,0
20_011831.wav,train,1,0,0,0,0,0,0,0
20_011836.wav,train,1,0,0,0,0,0,0,0
20_011838.wav,train,0,0,0,0,1,0,0,0
20_011847.wav,train,1,0,0,0,0,0,0,0
20_011895.wav,train,0,0,0,0,0,0,0,0
20_011911.wav,train,0,0,0,0,0,0,0,0
20_011940.wav,train,1,0,0,0,0,0,0,0
20_011945.wav,train,1,0,0,0,0,0,1,0
20_012018.wav,train,1,0,0,0,0,0,0,0
20_012022.wav,train,1,0,0,0,0,0,0,0
20_012023.wav,train,1,0,0,0,0,0,0,0
20_012025.wav,train,0,0,0,0,1,0,0,0
20_012036.wav,train,1,0,0,0,0,0,0,0
20_012050.wav,train,1,0,0,0,0,0,0,0
20_012059.wav,train,1,0,0,0,0,0,0,0
20_012062.wav,train,0,0,0,0,1,0,0,0
20_012119.wav,train,0,0,0,0,0,0,0,0
20_012147.wav,train,0,0,0,0,0,0,0,0
20_012160.wav,train,1,0,0,0,0,0,0,0
20_012181.wav,train,1,0,0,0,0,0,0,0
20_012203.wav,train,1,0,0,0,0,0,0,0
20_012230.wav,train,1,0,0,0,0,0,0,0
20_012254.wav,train,0,0,0,0,0,0,0,0
20_012310.wav,train,1,0,0,0,0,0,0,0
20_012337.wav,train,0,0,0,0,0,0,0,0
20_012346.wav,train,0,0,0,0,0,0,0,0
20_012375.wav,train,1,0,0,0,0,0,0,0
20_012381.wav,train,1,0,0,0,0,1,0,0
20_012422.wav,train,1,0,0,0,0,0,0,0
20_012453.wav,train,0,0,0,0,0,0,0,0
20_012461.wav,train,1,0,0,0,1,0,0,0
20_012476.wav,train,0,0,0,0,0,0,0,0
20_012477.wav,train,1,0,0,0,1,0,0,0
20_012485.wav,train,1,0,0,0,0,0,0,0
20_012498.wav,train,1,0,0,0,0,0,0,0
20_012532.wav,train,1,0,0,0,0,0,0,0
20_012540.wav,train,1,0,0,0,0,0,0,0
20_012585.wav,train,0,0,0,0,0,0,0,0
20_012629.wav,train,0,0,0,0,0,0,0,0
20_012669.wav,train,1,0,0,0,0,0,1,0
20_012728.wav,train,0,0,0,0,0,0,0,0
20_012753.wav,train,0,0,0,0,0,0,0,0
20_012845.wav,train,1,0,0,0,0,0,0,0
20_012897.wav,train,1,0,0,0,0,0,0,0
20_012984.wav,train,0,0,0,0,1,0,0,0
20_013062.wav,train,0,0,0,0,0,0,0,0
20_013079.wav,train,1,0,0,0,0,0,0,0
20_013108.wav,train,0,0,0,0,0,0,0,0
20_013117.wav,train,0,0,0,0,0,0,0,0
20_013146.wav,train,0,0,0,0,0,0,0,0
20_013156.wav,train,1,0,0,0,0,0,0,0
20_013163.wav,train,0,0,0,0,0,0,0,0
20_013205.wav,train,1,0,0,0,0,0,0,0
20_013248.wav,train,1,0,0,0,0,0,0,0
20_013269.wav,train,0,0,0,0,0,0,0,0
20_013307.wav,train,1,0,0,0,0,0,0,0
20_013334.wav,train,0,0,0,0,1,0,0,0
20_013467.wav,train,0,0,0,0,0,0,0,0
20_013628.wav,train,0,0,0,0,0,0,0,0
20_013657.wav,train,1,0,0,0,0,0,0,0
20_013675.wav,train,1,0,0,0,0,0,0,0
20_013713.wav,train,1,0,0,0,0,0,0,0
20_016300.wav,train,1,0,0,0,1,0,0,0
20_016315.wav,train,1,0,0,0,0,0,0,0
20_016323.wav,train,1,0,0,0,0,0,0,0
20_016347.wav,train,1,0,0,0,0,0,0,0
20_016488.wav,train,0,0,0,0,0,0,1,0
20_016581.wav,train,0,0,0,0,1,0,0,0
20_016658.wav,train,0,0,0,0,0,0,0,0
20_016703.wav,train,1,0,0,0,0,0,0,0
20_016709.wav,train,0,0,0,0,1,0,0,0
20_016755.wav,train,0,0,0,0,0,0,0,0
20_016834.wav,train,1,0,0,0,0,0,0,0
20_016990.wav,train,1,0,0,0,0,0,0,0
20_017029.wav,train,0,0,0,0,1,0,0,0
20_017097.wav,train,1,0,0,0,0,0,0,0
20_017103.wav,train,0,0,0,1,0,0,0,0
20_017150.wav,train,1,0,0,0,0,0,0,0
20_017159.wav,train,1,0,0,0,0,1,0,0
20_017254.wav,train,1,0,0,0,0,0,0,0
20_017263.wav,train,1,0,0,0,1,0,0,0
20_017343.wav,train,0,0,0,0,0,0,0,0
20_017538.wav,train,0,0,0,0,0,0,0,0
20_017557.wav,train,1,0,0,0,0,0,0,0
20_017610.wav,train,0,0,0,0,1,0,0,0
20_017621.wav,train,1,0,0,0,1,0,0,0
20_017696.wav,train,1,0,0,0,1,0,0,0
20_017738.wav,train,0,0,0,0,0,0,1,0
20_017762.wav,train,1,0,0,0,0,0,0,0
20_017785.wav,train,1,0,0,0,0,0,0,0
20_017790.wav,train,1,0,0,0,0,0,0,0
20_017827.wav,train,1,0,0,0,1,0,0,0
20_018109.wav,train,1,0,0,0,0,0,0,0
20_018123.wav,train,0,0,0,0,0,0,0,0
20_018208.wav,train,0,0,0,0,0,0,0,0
20_018384.wav,train,1,0,0,0,0,0,0,0
20_018442.wav,train,0,0,0,0,0,0,0,0
20_018474.wav,train,1,0,0,0,0,1,0,0
20_018519.wav,train,0,0,0,0,0,0,0,0
20_018544.wav,train,0,0,0,0,1,0,0,0
20_018578.wav,train,1,0,0,0,1,0,0,0
20_018587.wav,train,1,0,0,0,0,0,0,0
20_018649.wav,train,0,0,0,0,0,0,0,0
20_018922.wav,train,1,0,0,0,0,0,0,0
20_018977.wav,train,1,0,0,0,0,0,0,0
20_019068.wav,train,0,0,0,0,0,0,0,0
20_019182.wav,train,0,0,0,0,1,0,0,0
20_019191.wav,train,0,0,0,0,1,0,0,0
20_019256.wav,train,0,0,0,0,0,0,0,0
20_019367.wav,train,1,0,0,0,0,0,0,0
20_019379.wav,train,0,0,0,0,1,0,0,0
20_019635.wav,train,1,0,0,0,0,0,0,0
20_019697.wav,train,1,0,0,0,0,0,0,0
20_019757.wav,train,1,0,0,0,0,0,0,0
20_019771.wav,train,0,0,0,0,0,1,0,0
20_019971.wav,train,1,0,0,0,0,0,0,0
20_019989.wav,train,1,0,0,0,0,0,0,0
20_020013.wav,train,1,0,0,0,0,0,0,0
20_020072.wav,train,0,0,0,0,1,0,0,0
20_020201.wav,train,1,0,0,0,0,0,0,0
20_020279.wav,train,1,0,0,0,1,0,0,0
20_020295.wav,train,0,0,0,0,0,1,0,0
20_020302.wav,train,0,0,0,0,1,0,0,0
20_020413.wav,train,0,0,0,0,0,0,0,0
20_020435.wav,train,0,0,0,0,0,1,1,0
20_020463.wav,train,0,0,0,0,0,1,1,0
20_020472.wav,train,1,0,0,0,0,0,0,0
20_020518.wav,train,1,0,0,0,1,0,0,0
20_020705.wav,train,0,0,0,0,0,0,0,0
20_020757.wav,train,0,0,0,0,0,0,0,0
20_020782.wav,train,0,0,0,0,1,0,0,0
20_020886.wav,train,1,0,0,0,0,0,0,0
20_020897.wav,train,0,0,0,0,0,0,0,0
20_020903.wav,train,1,0,0,0,0,1,0,0
20_026930.wav,test,1,0,0,0,0,0,0,0
20_027135.wav,test,1,0,0,0,0,0,0,0
20_027179.wav,test,1,0,1,0,0,0,1,0
20_027307.wav,test,1,0,0,0,1,0,1,0
20_027369.wav,test,1,0,1,0,0,0,0,0
20_027574.wav,test,1,0,1,0,0,0,0,0
20_027589.wav,test,1,0,1,0,0,0,0,0
20_027655.wav,test,0,0,0,0,0,0,1,0
21_000121.wav,train,1,0,0,0,0,0,0,0
21_001272.wav,train,1,0,0,0,1,0,1,0
21_001287.wav,train,1,0,0,0,0,0,0,0
21_003599.wav,train,1,0,0,0,0,0,0,0
21_004500.wav,train,0,0,0,0,0,0,1,0
21_005392.wav,train,1,0,0,0,0,0,0,0
21_005531.wav,train,1,0,0,0,0,0,0,0
21_005661.wav,train,1,0,0,0,0,0,0,0
21_006569.wav,train,1,0,0,0,0,0,0,0
21_006722.wav,train,0,0,0,0,1,0,0,0
21_006832.wav,train,0,0,0,0,0,0,0,0
21_007174.wav,train,1,0,0,0,0,0,0,0
21_007741.wav,train,1,0,0,0,0,0,0,0
21_007782.wav,train,1,0,0,0,1,0,0,0
21_007916.wav,train,0,0,0,0,0,0,0,0
21_007947.wav,train,1,0,0,0,1,0,0,0
21_008008.wav,train,1,0,0,0,0,0,0,0
21_008311.wav,train,0,0,0,0,0,0,0,0
21_008443.wav,train,1,0,0,0,0,0,0,0
21_008532.wav,train,1,0,0,0,0,0,0,0
21_009141.wav,train,0,0,0,0,0,0,0,0
21_009178.wav,train,0,0,0,0,0,0,0,0
21_009187.wav,train,0,1,0,0,0,0,0,0
21_009267.wav,train,1,0,0,0,0,0,0,0
21_009271.wav,train,0,0,0,0,0,0,1,0
21_009294.wav,train,1,0,0,0,0,0,0,0
21_009321.wav,train,0,0,0,0,1,0,0,0
21_009381.wav,train,1,0,0,0,0,0,0,0
21_009444.wav,train,1,0,0,0,0,0,0,0
21_009488.wav,train,1,0,0,0,0,0,0,0
21_009548.wav,train,0,0,0,0,1,0,0,0
21_009570.wav,train,0,0,0,0,0,0,1,0
21_009613.wav,train,1,0,0,0,0,0,1,0
21_009636.wav,train,1,0,0,0,0,0,0,0
21_009712.wav,train,1,0,0,0,0,0,0,0
21_009841.wav,train,1,0,0,0,0,0,0,0
21_009879.wav,train,1,0,0,0,0,0,0,0
21_010044.wav,train,1,0,0,0,0,0,0,0
21_010081.wav,train,0,0,0,0,1,0,0,0
21_010135.wav,train,1,0,0,0,0,0,1,0
21_010162.wav,train,0,0,0,0,0,0,0,0
21_010204.wav,train,0,0,0,0,0,0,1,0
21_010219.wav,train,0,0,0,0,0,0,0,0
21_010261.wav,train,0,0,0,0,1,0,1,0
21_010299.wav,train,1,0,0,0,0,0,0,0
21_010368.wav,train,0,0,0,0,0,0,0,0
21_010370.wav,train,1,0,0,0,1,0,0,0
21_010435.wav,train,1,0,0,0,1,0,0,0
21_010648.wav,train,1,0,0,0,0,0,0,0
21_010658.wav,train,1,0,0,0,0,0,0,0
21_010951.wav,train,1,0,0,0,0,0,0,0
21_011140.wav,train,1,0,0,0,1,0,0,0
21_011266.wav,train,1,0,0,0,0,0,0,0
21_011606.wav,train,1,0,0,0,1,0,0,0
21_011609.wav,train,0,0,0,0,1,0,0,0
21_011780.wav,train,1,0,0,0,0,0,0,0
21_011873.wav,train,0,0,0,0,1,0,0,0
21_011878.wav,train,1,0,0,0,0,0,0,0
21_012073.wav,train,0,0,0,0,0,0,1,0
21_012108.wav,train,0,0,0,0,0,0,0,0
21_012115.wav,train,0,0,0,0,1,0,0,0
21_012257.wav,train,0,0,0,0,0,0,0,0
21_012417.wav,train,0,0,0,0,1,0,0,0
21_012440.wav,train,0,0,0,0,0,0,0,0
21_012668.wav,train,0,0,0,0,1,0,0,0
21_012675.wav,train,0,0,0,0,0,0,1,0
21_012696.wav,train,1,0,0,0,0,0,0,0
21_012796.wav,train,1,0,0,0,0,0,0,0
21_012902.wav,train,1,0,0,0,0,0,1,0
21_012915.wav,train,1,0,0,0,0,0,0,0
21_012942.wav,train,0,0,0,0,1,0,0,0
21_013067.wav,train,1,0,0,0,0,0,0,0
21_013100.wav,train,0,0,0,0,1,0,0,0
21_013393.wav,train,0,0,0,0,0,0,0,0
21_013545.wav,train,0,0,0,0,1,0,0,0
21_013612.wav,train,0,0,0,0,0,0,0,0
21_013650.wav,train,1,0,0,0,0,0,0,0
21_013685.wav,train,1,0,0,0,0,0,0,0
21_016513.wav,train,0,0,0,0,1,0,0,0
21_016742.wav,train,1,0,0,0,0,0,0,0
21_016743.wav,train,1,0,0,0,0,0,0,0
21_016868.wav,train,1,0,0,0,0,0,0,0
21_016964.wav,train,1,0,0,0,1,0,0,0
21_017190.wav,train,0,0,0,0,1,0,0,0
21_017370.wav,train,0,1,0,0,1,0,0,0
21_017741.wav,train,1,0,0,0,0,0,0,0
21_018005.wav,train,0,0,0,0,1,0,0,0
21_018273.wav,train,1,0,0,0,0,0,0,0
21_018507.wav,train,1,0,0,0,0,0,0,0
21_019288.wav,train,1,0,0,0,0,0,1,0
21_019442.wav,train,1,0,0,0,1,0,0,0
21_019692.wav,train,1,0,0,0,0,0,0,0
21_019836.wav,train,1,0,0,0,1,0,0,0
21_020097.wav,train,0,0,1,0,1,1,0,0
21_020114.wav,train,0,0,0,0,1,0,0,0
21_020162.wav,train,1,0,0,0,0,0,0,0
21_020358.wav,train,1,0,0,0,1,0,0,0
21_020707.wav,train,1,0,0,0,0,0,0,0
22_000015.wav,train,0,0,0,0,0,0,0,0
22_000017.wav,train,0,1,0,0,1,0,0,0
22_000326.wav,train,0,0,0,0,1,0,1,0
22_000332.wav,train,1,0,0,0,0,0,0,0
22_000404.wav,train,0,0,0,0,0,0,1,0
22_000410.wav,train,0,0,0,0,1,0,0,0
22_000753.wav,train,0,0,0,0,1,0,0,0
22_000760.wav,train,1,0,1,0,0,0,0,0
22_000771.wav,train,1,0,0,0,0,0,0,0
22_000848.wav,train,0,0,0,0,0,0,0,0
22_000875.wav,train,0,0,0,0,1,0,0,0
22_001028.wav,train,0,0,0,0,0,0,1,0
22_001289.wav,train,0,0,0,0,0,0,0,0
22_001520.wav,train,0,0,0,0,0,0,1,0
22_001528.wav,train,1,0,0,0,0,0,0,0
22_001809.wav,train,0,0,0,0,0,0,0,0
22_001972.wav,train,0,0,0,0,0,0,0,0
22_002460.wav,train,0,0,0,0,0,0,0,0
22_002473.wav,train,0,0,0,0,1,0,1,0
22_002512.wav,train,0,0,0,0,0,0,0,0
22_002682.wav,train,1,0,0,0,0,0,0,0
22_002702.wav,train,0,0,0,0,0,0,0,0
22_002885.wav,train,0,0,0,0,0,0,0,0
22_002886.wav,train,0,0,0,0,0,0,0,0
22_002921.wav,train,0,0,0,0,0,0,1,0
22_002990.wav,train,1,0,0,0,0,0,0,0
22_003146.wav,train,0,0,0,0,1,0,0,0
22_003456.wav,train,0,0,0,0,0,1,0,0
22_003499.wav,train,0,0,0,0,0,0,0,0
22_003798.wav,train,0,0,0,0,0,0,0,0
22_004078.wav,train,1,0,0,0,0,0,0,0
22_004516.wav,train,0,0,0,0,0,0,1,0
22_004702.wav,train,0,0,1,0,0,0,0,0
22_004817.wav,train,0,1,0,0,0,0,0,0
22_004957.wav,train,1,1,0,0,0,0,0,0
22_005435.wav,train,1,0,0,0,0,0,0,0
22_005822.wav,train,0,0,0,0,0,0,1,0
22_005865.wav,train,0,0,0,0,0,0,1,0
22_005882.wav,train,1,0,0,0,1,0,0,0
22_006085.wav,train,1,0,0,0,0,0,0,0
22_006178.wav,train,1,0,0,0,1,0,0,0
22_006232.wav,train,0,0,0,0,0,0,0,0
22_006338.wav,train,0,0,0,0,1,0,0,0
22_006690.wav,train,0,0,0,0,0,0,1,0
22_006746.wav,train,0,0,0,0,0,0,1,0
22_006772.wav,train,0,0,0,0,0,0,0,0
22_006797.wav,train,0,0,0,0,0,0,0,0
22_006829.wav,train,1,0,0,0,0,0,0,0
22_006909.wav,train,0,0,0,0,0,0,0,0
22_007095.wav,train,0,0,0,1,0,0,0,0
22_007100.wav,train,0,1,0,0,0,0,0,0
22_007188.wav,train,0,0,0,0,0,0,0,0
22_007350.wav,train,1,0,0,0,0,0,0,0
22_007386.wav,train,0,0,0,0,0,0,0,0
22_007405.wav,train,0,0,0,0,1,0,0,0
22_007515.wav,train,0,0,0,0,0,0,0,0
22_007889.wav,train,0,0,0,0,1,0,0,0
22_008088.wav,train,0,0,0,0,1,0,0,0
22_008284.wav,train,0,0,0,0,0,0,0,0
22_008425.wav,train,1,0,0,0,0,0,0,0
22_008519.wav,train,0,0,0,0,0,0,0,0
22_008654.wav,train,0,0,1,0,0,0,0,0
22_008775.wav,train,0,0,1,0,1,0,0,0
22_008988.wav,train,0,1,0,0,0,0,0,0
22_009064.wav,train,1,0,0,0,0,0,0,0
22_010335.wav,train,0,0,1,0,0,0,1,0
22_010485.wav,train,0,0,0,0,0,0,1,0
22_010599.wav,train,0,0,0,0,0,0,0,0
22_010678.wav,train,0,0,0,0,0,0,0,0
22_010746.wav,train,1,0,0,0,1,0,0,0
22_010810.wav,train,0,0,0,0,0,0,0,0
22_011060.wav,train,0,0,0,0,0,0,0,0
22_011082.wav,train,0,0,0,0,0,0,0,0
22_011125.wav,train,0,0,0,0,0,0,0,0
22_011154.wav,train,0,1,0,0,0,0,0,0
22_011223.wav,train,0,0,0,0,0,0,0,0
22_011384.wav,train,0,0,0,1,0,0,0,0
22_011434.wav,train,0,0,0,0,0,0,0,0
22_011463.wav,train,1,0,0,0,0,0,0,0
22_011656.wav,train,0,0,0,0,0,0,1,0
22_011712.wav,train,1,0,0,0,0,0,0,0
22_011876.wav,train,0,0,0,0,0,0,0,0
22_011897.wav,train,0,0,0,0,0,0,0,0
22_012049.wav,train,1,0,0,0,0,0,0,0
22_012101.wav,train,0,0,0,0,1,0,0,0
22_012157.wav,train,0,0,0,0,0,0,0,0
22_012161.wav,train,1,0,0,0,0,0,0,0
22_012185.wav,train,0,0,0,0,0,0,0,0
22_012212.wav,train,0,0,0,0,0,0,0,0
22_012581.wav,train,1,0,0,0,0,0,0,0
22_012615.wav,train,0,0,0,0,0,0,0,0
22_012634.wav,train,0,0,0,0,0,0,0,0
22_012787.wav,train,0,0,0,0,0,0,1,0
22_012825.wav,train,0,0,0,0,0,0,0,0
22_012910.wav,train,1,0,0,0,0,0,0,0
22_012917.wav,train,1,0,0,0,0,0,0,0
22_012939.wav,train,0,0,0,0,1,0,0,0
22_013433.wav,train,1,0,0,0,0,0,0,0
22_013495.wav,train,0,0,0,0,0,0,0,0
22_013551.wav,train,0,0,0,0,0,0,0,0
22_013567.wav,train,0,0,0,0,0,0,0,0
22_013688.wav,train,0,0,0,0,0,0,0,0
22_013699.wav,train,0,1,0,1,0,0,0,0
22_016312.wav,train,0,0,0,0,0,1,0,0
22_016316.wav,train,0,0,0,0,1,0,0,0
22_016329.wav,train,0,0,0,0,0,0,1,0
22_016377.wav,train,0,0,0,1,0,0,0,0
22_016436.wav,train,0,0,0,0,0,0,1,0
22_016470.wav,train,0,0,0,0,0,0,0,0
22_016522.wav,train,0,0,0,0,0,0,1,0
22_016542.wav,train,0,0,1,0,1,0,1,0
22_016552.wav,train,0,0,0,0,1,0,0,0
22_016856.wav,train,1,0,0,0,0,0,0,0
22_016979.wav,train,0,0,0,0,0,0,0,0
22_017034.wav,train,0,0,0,0,0,0,0,0
22_017076.wav,train,0,0,1,0,0,0,0,0
22_017096.wav,train,0,0,0,0,0,0,1,0
22_017133.wav,train,1,0,0,0,0,0,0,0
22_017186.wav,train,0,0,0,0,0,0,0,0
22_017212.wav,train,0,0,0,0,0,0,1,0
22_017225.wav,train,1,0,0,0,0,0,0,0
22_017306.wav,train,0,1,0,0,0,0,0,0
22_017307.wav,train,0,0,0,1,0,0,0,0
22_017342.wav,train,0,1,0,0,0,0,0,0
22_017425.wav,train,0,0,0,0,0,0,1,0
22_017487.wav,train,0,0,0,0,1,0,0,0
22_017506.wav,train,1,0,0,0,0,0,0,0
22_017620.wav,train,1,0,0,0,0,0,0,0
22_017637.wav,train,0,0,0,0,1,0,1,0
22_017831.wav,train,0,0,0,0,0,0,1,0
22_017867.wav,train,0,0,0,0,0,0,0,0
22_017995.wav,train,0,0,0,0,0,0,0,0
22_018002.wav,train,0,0,0,0,0,0,0,0
22_018006.wav,train,0,0,0,0,0,0,0,0
22_018021.wav,train,1,0,0,0,0,0,0,0
22_018145.wav,train,0,0,1,0,0,0,0,0
22_018238.wav,train,0,0,0,0,0,0,0,0
22_018249.wav,train,0,0,0,0,1,0,1,0
22_018277.wav,train,0,0,0,0,0,0,0,0
22_018347.wav,train,0,0,0,0,0,1,0,0
22_018389.wav,train,0,0,0,0,0,0,0,0
22_018426.wav,train,0,0,0,0,1,0,0,0
22_018509.wav,train,1,0,0,0,0,0,0,0
22_018530.wav,train,0,0,0,0,0,0,0,0
22_018589.wav,train,0,0,0,0,0,0,0,0
22_018605.wav,train,0,0,0,0,0,0,1,0
22_018607.wav,train,1,0,0,0,1,0,0,0
22_018851.wav,train,0,0,0,0,0,0,0,0
22_018872.wav,train,0,0,0,0,0,0,0,0
22_019038.wav,train,0,0,0,0,0,1,0,0
22_019053.wav,train,1,0,0,0,0,0,0,0
22_019230.wav,train,0,0,0,0,0,0,0,0
22_019291.wav,train,0,0,0,0,0,0,0,0
22_019351.wav,train,0,0,0,0,0,0,0,0
22_019353.wav,train,0,0,0,0,0,0,0,0
22_019502.wav,train,1,0,0,0,1,0,0,0
22_019508.wav,train,0,0,0,0,0,1,0,0
22_019538.wav,train,1,0,0,0,0,0,0,0
22_019559.wav,train,0,0,1,0,1,0,0,0
22_019633.wav,train,1,0,0,0,0,0,0,0
22_019658.wav,train,0,0,0,1,0,0,0,0
22_019734.wav,train,1,0,0,0,0,0,0,0
22_019777.wav,train,0,0,0,0,0,0,0,0
22_019905.wav,train,1,0,0,0,0,0,0,0
22_019930.wav,train,0,0,0,1,0,0,1,0
22_019944.wav,train,0,0,1,0,0,0,0,0
22_020040.wav,train,0,0,0,0,0,0,0,0
22_020271.wav,train,1,0,0,0,0,0,0,0
22_020292.wav,train,1,0,0,0,0,0,0,0
22_020379.wav,train,0,0,0,1,0,0,0,0
22_020441.wav,train,0,0,0,0,0,0,0,0
22_020487.wav,train,0,0,0,0,1,0,0,0
22_020631.wav,train,0,0,0,0,0,0,0,0
22_020744.wav,train,1,0,0,0,0,0,0,0
22_020754.wav,train,0,0,0,0,0,0,0,0
22_020755.wav,train,1,0,1,0,0,0,0,0
22_020791.wav,train,0,0,0,0,0,0,0,0
22_020873.wav,train,0,0,0,0,0,0,1,0
22_020898.wav,train,0,0,0,0,0,0,0,0
22_026946.wav,test,0,0,0,0,0,0,0,0
22_027209.wav,test,1,1,0,0,0,0,0,0
22_027237.wav,test,0,0,1,0,0,0,0,0
22_027316.wav,test,0,0,0,0,0,0,0,0
22_027440.wav,test,1,0,0,0,0,0,0,0
22_027504.wav,test,1,0,0,0,0,0,0,0
22_027508.wav,test,1,0,1,0,0,0,0,0
22_027684.wav,test,1,0,0,0,0,0,0,0
22_027706.wav,test,0,0,1,0,0,0,1,0
22_027750.wav,test,0,0,1,0,1,0,1,0
22_027842.wav,test,1,1,0,0,0,0,0,0
23_000011.wav,train,0,0,0,0,0,0,0,0
23_000019.wav,train,0,1,0,0,0,0,1,0
23_000064.wav,train,0,0,0,0,0,0,0,0
23_000340.wav,train,0,0,0,0,0,0,0,0
23_000354.wav,train,0,0,0,0,0,0,0,0
23_000496.wav,train,1,0,0,0,0,0,0,0
23_000558.wav,train,1,0,0,0,0,0,0,0
23_000566.wav,train,0,0,0,0,1,0,1,0
23_000697.wav,train,0,0,0,0,0,0,1,0
23_000763.wav,train,1,0,0,0,0,0,0,0
23_000835.wav,train,1,0,0,0,0,0,0,0
23_001030.wav,train,0,0,0,0,0,0,1,0
23_001140.wav,train,0,0,0,0,0,0,0,0
23_001157.wav,train,1,0,0,0,0,0,0,0
23_001192.wav,train,0,1,0,0,0,0,0,0
23_001300.wav,train,0,0,0,0,0,0,0,0
23_001430.wav,train,1,0,0,0,0,0,0,0
23_001491.wav,train,0,1,0,0,0,0,0,0
23_001548.wav,train,0,0,0,0,0,0,1,0
23_001578.wav,train,0,0,0,0,0,0,0,0
23_001592.wav,train,0,0,0,0,1,0,0,0
23_001880.wav,train,0,0,0,0,0,0,0,0
23_001940.wav,train,0,0,0,0,0,0,1,0
23_002005.wav,train,1,0,0,0,0,0,0,0
23_002067.wav,train,1,0,0,0,0,0,1,0
23_002145.wav,train,0,0,0,0,1,0,0,0
23_002186.wav,train,0,0,0,0,0,0,0,0
23_002389.wav,train,1,0,0,0,0,0,0,0
23_002526.wav,train,0,0,0,0,0,0,0,0
23_002557.wav,train,1,0,0,0,0,0,0,0
23_002593.wav,train,0,0,0,0,0,0,0,0
23_002624.wav,train,1,0,0,0,0,0,0,0
23_002654.wav,train,0,0,0,0,0,0,0,0
23_002703.wav,train,1,0,0,0,0,0,0,0
23_002765.wav,train,0,0,0,0,1,0,0,0
23_002827.wav,train,0,0,0,0,0,0,0,0
23_002881.wav,train,1,0,0,0,0,0,0,0
23_002966.wav,train,0,0,0,0,0,0,0,0
23_002968.wav,train,0,0,0,0,0,0,0,0
23_003007.wav,train,0,0,0,0,0,0,0,0
23_003014.wav,train,0,0,0,0,0,0,0,0
23_003252.wav,train,0,0,0,0,1,0,0,0
23_003298.wav,train,0,0,0,0,0,0,1,0
23_003353.wav,train,1,0,0,0,0,0,0,0
23_003379.wav,train,0,0,0,0,0,0,0,0
23_003464.wav,train,1,0,0,0,0,0,0,0
23_003543.wav,train,1,0,0,0,0,0,0,0
23_003565.wav,train,0,0,0,0,1,0,0,0
23_003643.wav,train,0,0,0,0,0,0,0,0
23_003658.wav,train,1,0,0,0,0,0,0,0
23_003801.wav,train,0,0,0,0,0,0,0,0
23_003839.wav,train,0,0,0,0,1,0,0,0
23_003867.wav,train,1,0,0,0,0,0,0,0
23_003886.wav,train,0,0,0,0,0,0,0,0
23_003905.wav,train,0,0,0,0,1,0,0,0
23_004002.wav,train,0,0,0,0,0,0,0,0
23_004060.wav,train,0,0,0,0,1,0,0,0
23_004087.wav,train,1,0,0,0,0,0,0,0
23_004120.wav,train,0,0,0,0,0,0,0,0
23_004240.wav,train,0,0,0,0,0,0,1,0
23_004422.wav,train,1,0,0,0,1,0,0,0
23_004501.wav,train,0,0,0,0,0,0,1,0
23_004528.wav,train,1,0,0,0,0,0,0,0
23_004625.wav,train,0,0,0,0,0,0,1,0
23_004635.wav,train,0,0,0,0,0,0,0,0
23_004750.wav,train,0,0,0,0,0,0,0,0
23_004827.wav,train,1,0,0,0,0,0,0,0
23_004833.wav,train,0,0,0,0,0,0,0,0
23_004911.wav,train,0,0,0,0,0,0,0,0
23_004976.wav,train,0,0,0,0,0,0,1,0
23_004998.wav,train,1,0,0,0,0,0,0,0
23_005006.wav,train,1,0,0,0,0,0,0,0
23_005043.wav,train,1,0,0,0,0,0,0,0
23_005295.wav,train,0,0,1,0,0,0,1,0
23_005436.wav,train,1,0,0,0,0,0,0,0
23_005487.wav,train,1,0,0,0,1,0,0,0
23_005540.wav,train,0,0,0,0,0,0,0,0
23_005543.wav,train,1,0,0,0,0,0,0,0
23_005606.wav,train,0,0,0,0,0,0,0,0
23_005613.wav,train,0,0,0,0,0,0,1,0
23_005687.wav,train,0,0,0,0,0,0,0,0
23_005710.wav,train,0,0,0,0,1,0,0,0
23_005820.wav,train,0,0,0,0,0,0,1,0
23_005841.wav,train,0,0,0,0,0,0,1,0
23_005955.wav,train,0,0,0,0,1,0,1,0
23_006172.wav,train,1,0,0,0,0,0,0,0
23_006187.wav,train,0,0,0,0,0,0,0,0
23_006228.wav,train,0,0,1,0,1,0,0,0
23_006487.wav,train,0,0,0,0,0,0,0,0
23_006498.wav,train,1,0,0,0,0,0,0,0
23_006525.wav,train,0,0,0,0,0,0,1,0
23_006601.wav,train,1,0,0,0,0,0,0,0
23_006693.wav,train,1,0,0,0,0,0,0,0
23_006739.wav,train,0,0,0,0,0,0,1,0
23_006749.wav,train,0,0,0,0,0,0,0,0
23_006779.wav,train,1,0,0,0,0,0,0,0
23_006820.wav,train,1,0,0,0,0,0,0,0
23_006865.wav,train,0,0,0,0,0,0,1,0
23_006917.wav,train,0,0,0,0,0,0,0,0
23_006989.wav,train,0,0,0,0,0,0,0,0
23_006997.wav,train,1,0,0,0,0,0,0,0
23_007011.wav,train,1,0,0,0,0,0,0,0
23_007017.wav,train,0,0,0,0,0,0,0,0
23_007267.wav,train,0,0,0,0,0,0,0,0
23_007273.wav,train,0,0,0,0,1,0,0,0
23_007323.wav,train,1,0,0,0,0,0,0,0
23_007410.wav,train,0,0,0,0,0,0,0,0
23_007413.wav,train,1,0,0,0,0,0,0,0
23_007416.wav,train,1,0,0,0,0,0,0,0
23_007423.wav,train,1,0,0,0,0,0,0,0
23_007443.wav,train,0,0,0,0,0,0,0,0
23_007475.wav,train,0,0,0,0,0,0,0,0
23_007543.wav,train,1,0,0,0,0,0,0,0
23_007580.wav,train,1,0,0,0,0,0,0,0
23_007597.wav,train,1,0,0,0,0,0,0,0
23_007649.wav,train,1,0,0,0,0,0,0,0
23_007737.wav,train,0,0,0,0,0,0,1,0
23_007762.wav,train,0,0,0,0,0,0,0,0
23_007778.wav,train,0,0,0,0,0,0,0,0
23_007789.wav,train,0,0,0,0,0,0,0,0
23_007854.wav,train,0,0,0,0,0,0,0,0
23_007856.wav,train,1,0,1,0,0,0,0,0
23_007871.wav,train,0,0,0,0,0,0,0,0
23_007912.wav,train,1,0,0,0,0,0,0,0
23_007913.wav,train,1,0,0,0,0,0,0,0
23_008066.wav,train,0,0,0,0,0,0,0,0
23_008141.wav,train,0,0,0,0,0,0,0,0
23_008150.wav,train,1,0,0,0,0,0,0,0
23_008211.wav,train,1,0,0,0,0,0,0,0
23_008219.wav,train,1,0,0,0,0,0,0,0
23_008320.wav,train,0,0,0,0,0,0,0,0
23_008423.wav,train,0,0,0,0,0,0,0,0
23_008527.wav,train,1,0,0,0,0,0,0,0
23_008544.wav,train,1,0,0,0,0,0,0,0
23_008571.wav,train,0,0,0,0,1,0,0,0
23_008614.wav,train,1,0,0,0,0,0,0,0
23_008763.wav,train,1,0,0,0,0,0,0,0
23_008823.wav,train,1,0,0,0,0,0,0,0
23_008856.wav,train,0,0,0,0,0,0,0,0
23_008901.wav,train,1,0,0,0,0,0,0,0
23_009014.wav,train,0,0,0,0,0,0,0,0
23_009018.wav,train,0,0,0,0,1,0,0,0
23_009062.wav,train,0,0,0,0,0,0,0,0
23_009108.wav,train,0,1,0,0,0,0,1,0
23_009192.wav,train,0,1,0,0,0,0,0,0
23_009193.wav,train,0,0,0,0,1,0,0,0
23_009200.wav,train,0,0,0,0,0,0,0,0
23_009201.wav,train,1,0,0,0,0,0,0,0
23_009295.wav,train,1,0,0,0,1,0,0,0
23_009333.wav,train,1,0,0,0,0,0,0,0
23_009337.wav,train,0,1,0,0,0,0,0,0
23_009346.wav,train,1,0,0,0,0,0,0,0
23_009362.wav,train,0,0,0,0,1,0,1,0
23_009371.wav,train,0,0,0,0,0,0,0,0
23_009391.wav,train,1,0,0,0,0,0,0,0
23_009411.wav,train,1,0,0,0,0,0,0,0
23_009412.wav,train,0,0,0,0,0,0,0,0
23_009457.wav,train,0,0,0,0,1,0,0,0
23_009498.wav,train,1,0,0,0,0,0,0,0
23_009518.wav,train,0,0,0,0,0,0,0,0
23_009526.wav,train,1,0,0,0,0,0,0,0
23_009559.wav,train,0,0,0,0,0,0,0,0
23_009589.wav,train,0,0,0,0,0,0,0,0
23_009635.wav,train,0,0,0,0,0,0,0,0
23_009652.wav,train,1,0,0,0,0,0,0,0
23_009666.wav,train,0,0,0,0,1,0,0,0
23_009668.wav,train,0,0,0,0,0,0,0,0
23_009707.wav,train,0,0,0,0,0,0,0,0
23_009722.wav,train,0,0,0,0,1,0,0,0
23_009723.wav,train,1,0,0,0,0,0,0,0
23_009799.wav,train,1,1,0,0,0,0,0,0
23_009808.wav,train,1,0,0,0,0,0,0,0
23_009846.wav,train,0,0,0,0,0,0,0,0
23_009881.wav,train,1,0,0,0,0,0,0,0
23_009882.wav,train,1,0,0,0,0,0,0,0
23_009887.wav,train,1,0,0,0,0,0,0,0
23_009907.wav,train,0,0,0,0,0,0,0,0
23_009927.wav,train,0,0,0,0,0,0,0,0
23_009951.wav,train,0,0,0,0,0,0,0,0
23_009984.wav,train,0,0,0,0,0,0,1,0
23_010101.wav,train,0,0,0,0,0,0,0,1
23_010102.wav,train,0,0,0,0,0,0,0,0
23_010103.wav,train,0,0,0,0,0,0,0,0
23_010220.wav,train,0,0,0,0,0,0,0,0
23_010312.wav,train,1,0,0,0,0,0,0,0
23_010425.wav,train,1,0,0,0,0,0,0,0
23_010468.wav,train,0,0,0,0,0,0,0,0
23_010502.wav,train,1,0,0,0,0,0,0,0
23_010619.wav,train,0,0,0,0,1,0,0,0
23_010693.wav,train,0,0,0,0,0,0,0,0
23_010698.wav,train,1,0,0,0,0,0,0,0
23_010782.wav,train,1,0,0,0,0,0,0,0
23_010791.wav,train,0,0,0,0,0,0,0,0
23_010914.wav,train,0,0,0,0,0,0,1,0
23_011050.wav,train,1,0,0,0,0,0,1,0
23_011119.wav,train,1,0,0,0,0,0,0,0
23_011181.wav,train,0,1,0,0,0,0,0,0
23_011204.wav,train,1,0,0,0,0,0,0,0
23_011241.wav,train,1,0,0,0,0,0,0,0
23_011321.wav,train,1,0,0,1,0,0,0,0
23_011390.wav,train,1,0,0,0,0,0,0,0
23_011421.wav,train,0,0,0,0,1,0,0,0
23_011425.wav,train,1,0,0,0,0,0,0,0
23_011442.wav,train,1,0,0,0,0,0,0,0
23_011531.wav,train,1,0,0,0,0,0,0,0
23_011583.wav,train,0,0,0,0,0,0,0,0
23_011637.wav,train,1,0,0,0,0,0,0,0
23_011820.wav,train,1,0,0,0,0,0,0,0
23_011832.wav,train,1,0,0,0,0,0,0,0
23_011853.wav,train,0,0,0,0,0,0,0,0
23_011857.wav,train,1,0,0,0,0,0,0,0
23_011939.wav,train,0,0,0,0,0,0,0,0
23_011984.wav,train,0,0,0,0,0,0,0,0
23_012080.wav,train,0,0,0,0,0,0,0,0
23_012093.wav,train,0,0,0,0,0,0,0,0
23_012242.wav,train,1,0,0,0,0,0,0,0
23_012284.wav,train,0,0,0,0,0,0,0,0
23_012295.wav,train,0,0,0,0,0,0,0,0
23_012302.wav,train,0,0,0,0,0,0,0,0
23_012340.wav,train,0,0,0,0,0,0,0,0
23_012419.wav,train,0,0,0,0,0,0,0,0
23_012424.wav,train,0,0,0,0,0,0,0,0
23_012438.wav,train,0,0,0,0,0,0,0,0
23_012472.wav,train,0,0,0,0,0,0,0,0
23_012572.wav,train,0,0,0,0,0,0,0,0
23_012578.wav,train,1,0,0,0,0,0,0,0
23_012579.wav,train,0,0,0,0,0,0,0,0
23_012616.wav,train,1,0,0,0,0,0,0,0
23_012635.wav,train,0,0,0,0,0,0,0,0
23_012645.wav,train,0,0,0,0,0,0,0,0
23_012647.wav,train,1,0,0,0,0,0,0,0
23_012662.wav,train,0,0,0,0,0,0,1,0
23_012889.wav,train,0,0,0,0,0,0,0,0
23_012899.wav,train,0,0,0,1,0,0,0,0
23_012911.wav,train,0,0,0,0,0,0,0,0
23_012967.wav,train,0,1,0,0,0,0,0,0
23_012972.wav,train,1,0,0,0,0,0,0,0
23_012989.wav,train,1,0,0,0,0,0,0,0
23_013004.wav,train,0,0,0,0,0,0,0,0
23_013010.wav,train,1,0,0,0,0,0,0,0
23_013038.wav,train,0,0,0,0,0,0,0,0
23_013049.wav,train,1,0,0,0,0,0,1,0
23_013080.wav,train,1,0,0,0,0,0,0,0
23_013094.wav,train,0,0,0,0,0,0,0,0
23_013095.wav,train,0,0,0,0,1,0,0,0
23_013124.wav,train,1,0,0,0,0,0,0,0
23_013170.wav,train,0,0,0,0,0,0,0,0
23_013187.wav,train,1,0,0,0,0,0,0,0
23_013225.wav,train,1,0,0,0,0,0,1,0
23_013265.wav,train,0,0,0,0,0,0,0,0
23_013270.wav,train,0,0,0,0,0,0,0,0
23_013280.wav,train,1,0,0,0,0,0,0,0
23_013306.wav,train,0,0,0,0,0,0,0,0
23_013354.wav,train,1,0,0,0,0,0,0,0
23_013356.wav,train,1,0,0,0,0,0,0,0
23_013362.wav,train,0,0,0,0,0,0,1,0
23_013384.wav,train,1,0,0,0,0,0,0,0
23_013462.wav,train,0,0,1,0,0,0,0,0
23_013463.wav,train,0,0,0,0,0,0,0,0
23_013470.wav,train,0,0,0,0,0,0,0,0
23_013587.wav,train,0,0,0,0,0,0,0,0
23_013595.wav,train,0,0,0,0,0,0,1,0
23_013610.wav,train,0,0,0,0,0,0,0,0
23_013624.wav,train,0,0,0,0,0,0,0,0
23_013630.wav,train,0,0,0,0,0,0,0,0
23_016298.wav,train,1,0,0,0,0,0,0,0
23_016415.wav,train,0,0,0,0,1,0,0,0
23_016458.wav,train,1,0,0,0,1,0,0,0
23_016684.wav,train,1,0,0,0,0,0,0,0
23_016779.wav,train,0,0,0,0,1,0,0,0
23_016830.wav,train,0,0,0,0,0,0,0,0
23_016970.wav,train,1,0,0,0,0,0,0,0
23_017110.wav,train,1,0,0,0,1,0,0,0
23_017164.wav,train,0,0,0,0,1,0,0,0
23_017274.wav,train,0,0,0,0,1,0,0,0
23_017381.wav,train,0,0,0,0,0,0,0,0
23_017426.wav,train,0,0,0,0,1,0,0,0
23_017457.wav,train,0,0,0,0,1,0,0,0
23_017495.wav,train,0,0,0,0,0,0,0,0
23_017530.wav,train,0,0,0,0,0,0,0,0
23_017555.wav,train,1,0,0,0,0,0,0,0
23_017679.wav,train,1,0,0,0,0,0,0,0
23_017711.wav,train,0,0,0,0,1,0,0,0
23_017766.wav,train,0,0,0,0,0,0,0,0
23_017828.wav,train,0,0,0,0,0,0,0,0
23_017876.wav,train,1,0,0,0,0,0,0,0
23_017999.wav,train,0,0,0,0,0,0,0,0
23_018043.wav,train,1,0,0,0,0,0,0,0
23_018060.wav,train,0,1,0,0,0,0,0,0
23_018222.wav,train,0,0,0,1,0,0,0,0
23_018256.wav,train,0,0,0,0,1,0,0,0
23_018287.wav,train,0,0,0,0,0,0,1,0
23_018412.wav,train,0,0,0,0,0,0,0,0
23_018484.wav,train,0,0,0,0,1,0,0,0
23_018606.wav,train,1,1,0,0,0,0,0,0
23_018790.wav,train,0,0,0,0,0,0,0,0
23_018841.wav,train,1,0,0,0,0,0,0,0
23_018901.wav,train,0,0,0,0,1,0,0,0
23_019041.wav,train,0,0,0,0,0,0,0,0
23_019106.wav,train,1,0,0,0,0,0,0,0
23_019107.wav,train,0,0,0,0,0,0,1,0
23_019135.wav,train,0,1,0,0,0,0,0,0
23_019138.wav,train,1,0,0,0,0,0,0,0
23_019169.wav,train,0,0,0,0,0,0,0,0
23_019195.wav,train,0,0,0,0,1,0,0,0
23_019202.wav,train,1,0,0,0,0,0,0,0
23_019220.wav,train,1,0,0,0,0,0,0,0
23_019229.wav,train,0,0,0,0,0,0,0,0
23_019276.wav,train,1,0,0,0,0,1,0,0
23_019534.wav,train,1,0,0,0,1,0,0,0
23_019536.wav,train,0,0,0,0,0,0,0,0
23_019632.wav,train,0,0,0,0,1,0,0,0
23_019683.wav,train,1,0,0,0,0,0,0,0
23_019857.wav,train,0,1,0,0,0,0,0,0
23_020002.wav,train,0,0,0,0,0,0,0,0
23_020025.wav,train,1,0,0,0,0,0,0,0
23_020182.wav,train,0,0,0,0,0,0,0,0
23_020407.wav,train,1,0,0,0,0,0,0,0
23_020443.wav,train,0,0,0,0,1,0,0,0
23_020492.wav,train,0,0,0,0,0,1,0,0
23_020510.wav,train,0,0,0,0,0,0,0,0
23_020526.wav,train,0,0,0,1,0,0,0,0
23_020550.wav,train,0,1,0,0,0,0,0,0
23_020689.wav,train,0,0,0,0,0,0,0,0
23_020721.wav,train,0,0,0,1,0,0,0,0
23_026985.wav,test,0,0,0,0,0,0,1,0
23_027098.wav,test,0,0,1,0,0,0,0,0
23_027161.wav,test,0,0,0,0,0,0,1,0
23_027256.wav,test,1,0,0,0,1,0,0,0
23_027288.wav,test,0,0,1,0,0,0,0,0
23_027309.wav,test,0,0,1,0,0,0,0,0
23_027410.wav,test,1,0,0,0,0,0,0,0
23_027654.wav,test,0,0,1,0,0,0,0,0
23_027752.wav,test,0,0,1,0,0,0,1,0
24_000036.wav,train,0,0,0,0,0,0,0,0
24_000044.wav,train,0,0,0,0,1,0,0,0
24_000055.wav,train,0,0,0,0,0,0,1,0
24_000103.wav,train,0,0,0,0,1,1,0,0
24_000124.wav,train,0,0,0,0,0,0,0,0
24_000140.wav,train,1,0,0,0,0,0,0,0
24_000265.wav,train,0,0,0,0,1,0,0,0
24_000283.wav,train,0,0,0,0,0,0,0,0
24_000292.wav,train,0,0,0,0,0,0,0,0
24_000363.wav,train,0,0,0,0,0,0,0,0
24_000386.wav,train,0,0,0,0,0,0,1,0
24_000388.wav,train,1,0,0,0,0,0,0,0
24_000400.wav,train,1,0,0,0,0,0,0,0
24_000407.wav,train,0,0,0,0,0,0,1,0
24_000426.wav,train,0,0,0,0,0,1,1,0
24_000544.wav,train,1,0,0,0,0,0,1,0
24_000573.wav,train,1,0,0,0,0,0,0,0
24_000592.wav,train,0,0,0,0,0,0,0,0
24_000599.wav,train,0,0,0,0,1,0,0,0
24_000609.wav,train,0,0,0,0,0,0,1,0
24_000723.wav,train,0,0,0,0,0,0,0,0
24_000735.wav,train,0,0,0,0,0,0,0,0
24_000762.wav,train,1,0,0,0,0,0,0,0
24_000785.wav,train,0,0,0,0,0,0,0,0
24_000799.wav,train,0,0,0,0,0,0,0,0
24_000913.wav,train,0,0,0,0,1,0,1,0
24_000969.wav,train,0,0,0,0,0,0,0,0
24_001135.wav,train,0,0,0,0,0,0,0,0
24_001149.wav,train,0,0,0,0,0,0,1,0
24_001189.wav,train,0,0,0,0,0,0,0,0
24_001190.wav,train,0,0,1,0,0,0,0,0
24_001282.wav,train,0,0,0,0,0,0,1,0
24_001550.wav,train,0,0,0,0,0,0,1,0
24_001632.wav,train,1,0,0,0,0,0,0,0
24_001675.wav,train,0,0,0,0,1,0,0,0
24_001714.wav,train,0,0,0,0,0,0,0,0
24_001749.wav,train,0,0,0,0,0,0,0,0
24_001750.wav,train,0,0,0,0,0,0,1,0
24_001752.wav,train,1,0,0,0,0,0,0,0
24_001758.wav,train,0,0,0,0,0,0,0,0
24_001760.wav,train,0,0,0,0,0,0,0,0
24_001777.wav,train,1,0,0,0,0,0,0,0
24_001818.wav,train,0,0,0,0,0,0,0,0
24_001887.wav,train,0,0,0,1,0,0,0,0
24_001888.wav,train,0,0,0,0,0,0,0,0
24_001981.wav,train,0,0,0,0,0,0,0,0
24_002049.wav,train,1,0,0,0,0,0,0,0
24_002058.wav,train,0,0,0,0,1,0,0,0
24_002079.wav,train,1,0,0,0,0,0,0,0
24_002144.wav,train,0,0,0,0,0,0,0,0
24_002196.wav,train,0,0,0,0,0,0,0,0
24_002303.wav,train,1,0,0,0,0,0,0,0
24_002361.wav,train,1,0,0,0,0,0,0,0
24_002416.wav,train,0,0,0,0,0,0,0,0
24_002498.wav,train,0,0,0,0,0,0,0,0
24_002578.wav,train,0,0,0,0,1,0,0,0
24_002608.wav,train,0,0,0,0,0,0,1,0
24_002645.wav,train,1,0,0,0,0,0,0,0
24_002668.wav,train,0,0,0,0,0,0,0,0
24_002847.wav,train,0,0,0,0,0,0,0,0
24_002860.wav,train,1,0,0,0,0,0,0,0
24_002897.wav,train,1,0,0,0,0,0,0,0
24_003052.wav,train,0,0,0,0,1,0,0,0
24_003136.wav,train,0,0,0,0,0,0,0,0
24_003295.wav,train,1,0,0,0,0,0,0,0
24_003376.wav,train,0,0,0,0,0,0,0,0
24_003387.wav,train,1,0,0,0,0,0,0,0
24_003390.wav,train,0,0,0,0,1,0,0,0
24_003392.wav,train,0,0,0,0,0,0,0,0
24_003544.wav,train,0,0,0,0,0,0,0,0
24_003589.wav,train,0,0,0,0,0,0,1,0
24_003653.wav,train,0,0,0,0,0,0,1,0
24_003696.wav,train,0,0,0,0,0,1,0,0
24_003713.wav,train,0,0,0,0,0,0,0,0
24_003900.wav,train,1,0,0,0,0,0,0,0
24_003941.wav,train,0,0,0,0,0,0,0,0
24_003964.wav,train,0,0,0,0,0,0,1,0
24_003990.wav,train,0,0,0,0,0,0,0,0
24_003992.wav,train,0,0,0,0,1,0,0,0
24_004018.wav,train,0,0,0,0,0,0,0,0
24_004122.wav,train,1,0,0,0,0,1,0,0
24_004266.wav,train,0,0,0,0,0,0,0,0
24_004308.wav,train,0,0,0,0,0,0,1,0
24_004330.wav,train,1,0,0,0,0,0,0,0
24_004347.wav,train,0,0,0,1,0,0,0,0
24_004380.wav,train,1,0,0,0,0,0,0,0
24_004404.wav,train,0,0,0,0,0,0,0,0
24_004460.wav,train,0,0,0,0,0,0,0,0
24_004485.wav,train,0,0,0,0,0,0,0,0
24_004559.wav,train,0,0,0,0,0,0,1,0
24_004579.wav,train,0,0,0,0,1,0,0,0
24_004626.wav,train,0,0,1,0,0,0,1,0
24_004648.wav,train,0,0,0,0,1,0,0,0
24_004685.wav,train,0,0,0,0,0,1,0,0
24_004719.wav,train,1,0,0,0,0,1,0,0
24_004772.wav,train,0,0,0,0,1,0,0,0
24_004847.wav,train,0,0,0,0,0,0,0,0
24_004926.wav,train,0,0,0,0,0,0,1,0
24_004951.wav,train,0,0,0,0,0,0,1,0
24_004981.wav,train,1,0,0,0,0,0,1,0
24_005044.wav,train,0,0,0,0,0,0,1,0
24_005086.wav,train,1,0,0,0,0,0,0,0
24_005094.wav,train,0,0,0,0,0,0,0,0
24_005173.wav,train,0,0,0,0,0,0,1,0
24_005250.wav,train,1,0,0,0,0,0,0,0
24_005279.wav,train,0,0,0,0,1,0,0,0
24_005307.wav,train,0,0,0,0,0,0,0,0
24_005311.wav,train,0,0,0,0,0,0,1,0
24_005356.wav,train,0,0,0,1,0,0,0,0
24_005362.wav,train,0,0,0,0,0,0,0,0
24_005410.wav,train,0,0,0,0,0,0,0,0
24_005442.wav,train,1,0,0,0,0,0,1,0
24_005464.wav,train,0,0,0,0,0,0,1,0
24_005478.wav,train,1,0,0,0,0,0,0,0
24_005508.wav,train,1,0,0,0,0,0,0,0
24_005511.wav,train,0,0,0,0,0,0,0,0
24_005512.wav,train,0,0,0,0,0,0,0,0
24_005538.wav,train,0,0,0,0,0,0,0,0
24_005586.wav,train,1,0,0,0,0,0,1,0
24_005629.wav,train,0,0,0,0,1,0,1,0
24_005645.wav,train,0,0,0,0,0,0,0,0
24_005742.wav,train,0,0,0,0,0,0,0,0
24_005808.wav,train,0,0,0,0,0,0,0,0
24_005848.wav,train,0,0,0,0,0,0,0,0
24_005850.wav,train,0,0,0,0,1,0,0,0
24_005911.wav,train,0,0,0,0,0,0,1,0
24_005918.wav,train,0,0,0,0,0,0,0,0
24_005953.wav,train,0,0,1,0,0,0,0,0
24_005965.wav,train,0,0,0,0,0,0,1,0
24_005989.wav,train,1,0,0,0,0,0,0,0
24_006013.wav,train,0,0,0,0,0,0,0,0
24_006030.wav,train,0,0,0,0,0,0,1,0
24_006071.wav,train,0,0,0,0,0,0,0,0
24_006091.wav,train,0,0,0,0,0,0,1,0
24_006100.wav,train,0,0,0,0,0,0,1,0
24_006134.wav,train,1,0,0,0,0,0,0,0
24_006171.wav,train,0,0,0,0,1,0,0,0
24_006189.wav,train,0,0,0,0,0,0,0,0
24_006196.wav,train,1,0,0,0,0,0,0,0
24_006252.wav,train,1,0,0,0,0,0,0,0
24_006256.wav,train,1,0,0,0,0,0,0,0
24_006261.wav,train,0,0,0,0,0,0,0,0
24_006361.wav,train,0,0,0,0,1,0,1,0
24_006374.wav,train,0,0,0,0,0,0,1,0
24_006425.wav,train,1,0,0,0,0,0,0,0
24_006473.wav,train,0,0,0,0,0,0,0,0
24_006481.wav,train,0,0,0,0,0,0,1,0
24_006511.wav,train,0,0,0,0,0,0,0,0
24_006555.wav,train,0,0,0,1,0,0,0,0
24_006617.wav,train,1,0,0,0,0,0,0,0
24_006638.wav,train,0,0,0,0,1,0,0,0
24_006639.wav,train,1,0,0,0,0,0,0,0
24_006653.wav,train,0,0,0,0,0,0,0,0
24_006667.wav,train,0,0,0,0,0,0,1,0
24_006745.wav,train,0,0,0,0,0,0,0,0
24_006758.wav,train,1,0,0,0,0,0,0,0
24_006766.wav,train,0,0,0,0,0,0,1,0
24_006784.wav,train,1,0,0,0,0,0,0,0
24_006805.wav,train,0,0,0,0,0,0,0,0
24_006822.wav,train,1,0,0,0,0,0,0,1
24_006844.wav,train,0,0,0,0,0,0,0,0
24_006859.wav,train,0,0,0,0,0,0,0,0
24_006874.wav,train,0,0,0,0,0,0,0,0
24_006940.wav,train,1,0,0,0,0,0,0,0
24_006996.wav,train,0,0,0,0,0,0,0,0
24_007035.wav,train,0,0,0,0,0,0,0,1
24_007039.wav,train,0,0,0,0,0,0,0,0
24_007057.wav,train,0,0,0,0,0,0,0,0
24_007121.wav,train,1,0,0,0,0,0,0,0
24_007123.wav,train,1,0,0,0,0,0,0,0
24_007139.wav,train,0,0,0,0,0,0,0,0
24_007144.wav,train,0,0,0,0,0,0,0,1
24_007190.wav,train,1,0,0,0,0,0,0,0
24_007210.wav,train,0,0,0,0,0,0,0,0
24_007284.wav,train,0,0,0,0,0,0,1,0
24_007288.wav,train,1,0,0,0,0,0,0,0
24_007291.wav,train,0,0,0,0,0,0,0,0
24_007360.wav,train,0,0,0,0,0,0,0,0
24_007387.wav,train,1,0,0,0,0,0,0,0
24_007389.wav,train,0,0,0,0,0,0,0,0
24_007415.wav,train,0,0,0,0,0,0,0,0
24_007479.wav,train,0,0,0,0,0,0,0,0
24_007481.wav,train,0,0,0,0,0,0,0,0
24_007498.wav,train,0,0,0,0,0,1,0,0
24_007507.wav,train,0,0,0,0,0,0,0,0
24_007524.wav,train,0,0,0,0,0,0,0,0
24_007535.wav,train,0,0,0,0,0,0,0,0
24_007553.wav,train,0,0,0,0,0,0,0,0
24_007606.wav,train,0,0,0,0,0,0,0,0
24_007640.wav,train,1,0,0,0,0,0,1,0
24_007656.wav,train,1,0,0,0,0,0,0,0
24_007712.wav,train,1,0,0,0,0,0,0,0
24_007820.wav,train,0,0,0,0,0,0,0,0
24_007951.wav,train,0,0,0,0,0,0,0,0
24_008054.wav,train,0,0,0,0,0,0,0,0
24_008071.wav,train,0,0,0,0,0,0,1,0
24_008159.wav,train,0,0,0,0,0,0,0,0
24_008167.wav,train,0,0,0,0,0,0,1,0
24_008213.wav,train,0,0,0,0,0,0,0,0
24_008305.wav,train,0,0,0,0,0,0,0,0
24_008357.wav,train,0,0,0,0,0,0,0,0
24_008410.wav,train,0,0,0,0,1,0,0,0
24_008432.wav,train,0,0,0,0,0,0,0,0
24_008448.wav,train,1,0,0,0,0,0,0,0
24_008453.wav,train,0,0,0,0,0,0,0,0
24_008529.wav,train,1,0,0,0,0,0,0,0
24_008558.wav,train,0,0,0,0,0,0,0,0
24_008590.wav,train,0,0,0,0,0,0,1,0
24_008659.wav,train,0,0,0,0,0,0,0,0
24_008669.wav,train,0,0,0,0,0,0,0,0
24_008699.wav,train,0,0,0,0,0,0,1,0
24_008707.wav,train,0,0,0,0,0,0,1,0
24_008787.wav,train,1,0,0,0,0,0,0,0
24_008830.wav,train,0,0,0,0,0,0,0,0
24_008866.wav,train,0,0,0,0,0,0,0,0
24_008870.wav,train,0,0,0,0,0,0,1,0
24_008872.wav,train,0,0,0,0,0,0,0,0
24_008923.wav,train,0,0,0,0,0,0,1,0
24_008932.wav,train,0,0,0,0,0,0,0,0
24_008956.wav,train,0,0,0,0,0,0,0,0
24_008964.wav,train,1,0,0,0,0,0,0,0
24_008978.wav,train,0,0,0,0,0,0,0,0
24_008979.wav,train,0,0,0,0,0,0,0,0
24_009025.wav,train,1,0,0,0,0,0,0,0
24_009089.wav,train,1,0,0,0,0,0,0,0
24_009228.wav,train,1,0,0,0,0,0,0,0
24_009293.wav,train,0,0,0,0,0,0,0,0
24_009308.wav,train,0,0,0,0,0,0,0,0
24_009547.wav,train,0,0,0,0,0,0,0,0
24_009594.wav,train,0,0,0,0,0,0,0,0
24_009640.wav,train,0,0,0,0,0,0,0,0
24_009650.wav,train,1,0,0,0,1,0,0,0
24_009710.wav,train,1,0,0,0,0,0,0,0
24_009714.wav,train,0,0,0,0,0,0,1,0
24_009797.wav,train,0,0,0,0,0,0,0,0
24_009813.wav,train,1,0,0,0,0,1,0,0
24_009877.wav,train,0,0,0,0,0,0,0,1
24_009914.wav,train,0,0,0,0,0,0,1,0
24_009954.wav,train,1,0,0,0,0,0,0,0
24_009966.wav,train,0,0,0,0,1,0,1,0
24_010024.wav,train,0,0,0,0,0,0,0,0
24_010042.wav,train,1,0,0,0,0,0,0,0
24_010131.wav,train,0,0,0,0,0,0,0,0
24_010141.wav,train,0,0,0,0,0,0,0,0
24_010249.wav,train,0,0,0,0,0,0,0,0
24_010292.wav,train,0,0,0,0,0,1,0,0
24_010334.wav,train,0,0,0,0,0,0,0,0
24_010376.wav,train,1,0,0,0,0,0,1,0
24_010413.wav,train,1,0,0,0,0,0,0,0
24_010481.wav,train,0,0,0,0,0,0,1,0
24_010497.wav,train,1,0,0,0,0,0,0,0
24_010675.wav,train,0,0,1,0,0,0,1,0
24_010688.wav,train,0,0,1,0,0,0,1,0
24_010723.wav,train,1,0,0,0,0,0,0,0
24_010736.wav,train,0,0,0,0,0,0,0,0
24_010739.wav,train,0,0,0,0,0,0,0,0
24_010744.wav,train,0,0,0,0,0,1,1,0
24_010788.wav,train,0,0,0,0,0,0,0,0
24_010835.wav,train,0,0,0,0,1,0,1,0
24_010875.wav,train,1,0,0,0,0,1,0,0
24_011003.wav,train,0,0,0,0,1,0,0,0
24_011030.wav,train,0,0,0,0,1,0,1,0
24_011058.wav,train,0,0,0,0,0,0,0,0
24_011088.wav,train,0,0,0,0,0,1,1,0
24_011100.wav,train,1,0,0,0,0,0,0,0
24_011117.wav,train,0,0,0,0,0,0,0,0
24_011165.wav,train,0,0,0,0,0,0,1,0
24_011253.wav,train,0,0,0,0,1,0,0,0
24_011292.wav,train,0,0,0,1,0,0,0,0
24_011362.wav,train,0,0,0,0,0,0,0,0
24_011375.wav,train,0,0,0,0,1,0,0,0
24_011471.wav,train,0,0,0,0,0,0,0,0
24_011477.wav,train,0,0,0,0,0,0,1,0
24_011488.wav,train,0,0,0,0,0,0,1,0
24_011498.wav,train,0,0,0,0,0,0,0,0
24_011515.wav,train,0,0,0,0,0,0,0,0
24_011530.wav,train,0,0,0,0,1,0,0,0
24_011613.wav,train,0,0,0,0,0,0,1,0
24_011622.wav,train,1,0,0,0,0,0,1,0
24_011674.wav,train,0,0,0,0,0,0,0,0
24_011707.wav,train,0,0,0,0,0,0,0,0
24_011726.wav,train,0,0,0,0,0,0,0,0
24_011789.wav,train,1,0,0,0,0,0,0,0
24_011865.wav,train,1,0,0,0,0,0,0,0
24_011875.wav,train,0,0,0,0,0,0,0,0
24_011912.wav,train,0,0,0,0,0,0,0,0
24_011995.wav,train,0,0,0,0,1,0,0,0
24_012017.wav,train,0,0,0,0,0,0,0,0
24_012051.wav,train,0,0,0,0,0,0,0,0
24_012075.wav,train,0,0,0,0,0,1,0,0
24_012078.wav,train,0,0,0,0,0,0,0,0
24_012086.wav,train,0,0,1,0,0,0,0,0
24_012117.wav,train,0,0,0,0,1,0,0,0
24_012158.wav,train,0,0,0,0,0,0,0,0
24_012208.wav,train,1,0,0,0,0,0,0,0
24_012210.wav,train,0,0,0,0,0,0,1,0
24_012259.wav,train,0,0,0,0,0,0,0,0
24_012380.wav,train,0,0,0,0,0,0,1,0
24_012409.wav,train,0,0,0,0,0,0,1,0
24_012482.wav,train,1,0,0,0,0,0,0,0
24_012495.wav,train,1,0,0,0,0,0,0,0
24_012555.wav,train,0,0,0,0,0,0,0,0
24_012594.wav,train,0,0,0,0,0,0,0,0
24_012646.wav,train,0,0,0,0,0,0,0,0
24_012649.wav,train,0,0,0,0,0,0,0,0
24_012654.wav,train,0,0,0,0,1,0,1,0
24_012705.wav,train,0,0,0,0,0,0,0,0
24_012707.wav,train,0,0,0,0,0,0,0,0
24_012739.wav,train,1,0,0,0,0,0,0,0
24_012810.wav,train,0,0,0,0,0,0,0,0
24_013012.wav,train,0,0,0,0,0,0,0,0
24_013034.wav,train,1,0,0,0,0,0,0,0
24_013042.wav,train,0,0,0,0,0,0,0,1
24_013073.wav,train,1,0,0,0,0,0,0,0
24_013133.wav,train,0,0,0,0,0,0,1,0
24_013195.wav,train,0,0,0,0,0,0,0,0
24_013253.wav,train,0,0,0,0,0,0,0,0
24_013312.wav,train,0,0,0,0,0,0,0,0
24_013391.wav,train,0,0,0,0,0,0,0,0
24_013402.wav,train,0,0,0,0,0,0,1,0
24_013418.wav,train,0,0,0,0,0,0,1,0
24_013437.wav,train,0,0,0,0,0,0,1,0
24_013469.wav,train,0,0,0,0,0,0,0,0
24_013538.wav,train,0,0,0,0,0,0,0,0
24_013562.wav,train,0,0,0,0,0,0,1,0
24_013563.wav,train,0,0,0,0,1,0,0,0
24_013582.wav,train,0,0,0,0,1,0,0,0
24_013683.wav,train,0,0,0,0,0,0,0,0
24_016297.wav,train,0,0,0,0,0,1,0,0
24_016311.wav,train,0,0,0,0,0,1,0,0
24_016332.wav,train,0,0,0,0,0,0,0,0
24_016338.wav,train,0,0,0,0,0,1,1,0
24_016348.wav,train,1,0,0,0,0,0,0,0
24_016368.wav,train,0,0,0,0,0,1,0,0
24_016371.wav,train,0,0,0,1,0,0,0,0
24_016417.wav,train,0,0,0,0,0,1,0,0
24_016500.wav,train,0,0,0,0,0,0,1,0
24_016517.wav,train,0,0,0,0,1,0,0,0
24_016527.wav,train,0,0,0,0,0,0,0,0
24_016530.wav,train,0,0,0,0,0,0,1,0
24_016538.wav,train,0,0,0,0,1,0,0,0
24_016569.wav,train,0,0,0,0,1,1,0,0
24_016570.wav,train,0,0,0,0,0,1,0,0
24_016586.wav,train,0,0,0,0,0,0,1,0
24_016599.wav,train,0,0,0,0,0,0,0,0
24_016610.wav,train,0,0,0,0,0,1,0,0
24_016624.wav,train,1,0,0,0,0,0,0,0
24_016682.wav,train,0,0,0,0,0,1,1,0
24_016695.wav,train,0,0,0,0,0,0,0,0
24_016696.wav,train,0,0,0,0,0,0,1,0
24_016760.wav,train,0,0,0,1,0,0,0,0
24_016794.wav,train,0,0,0,0,0,1,0,0
24_016878.wav,train,0,0,0,0,1,0,1,0
24_016893.wav,train,0,0,0,0,0,0,0,0
24_016900.wav,train,0,0,0,0,0,0,0,0
24_016933.wav,train,0,0,0,0,0,1,1,0
24_016939.wav,train,0,0,0,0,0,0,1,0
24_016991.wav,train,0,0,0,0,0,0,1,0
24_017001.wav,train,1,0,0,0,0,0,1,0
24_017053.wav,train,0,0,0,0,0,1,0,0
24_017114.wav,train,0,0,0,0,1,0,0,0
24_017125.wav,train,0,0,0,0,1,0,0,0
24_017147.wav,train,0,0,0,0,0,0,1,0
24_017188.wav,train,0,0,0,0,0,0,0,0
24_017194.wav,train,0,0,0,0,0,0,0,0
24_017210.wav,train,0,0,0,0,0,0,0,0
24_017221.wav,train,0,0,0,0,0,1,0,0
24_017250.wav,train,0,0,0,0,1,0,0,0
24_017289.wav,train,1,0,0,0,0,0,1,0
24_017295.wav,train,0,1,0,0,0,0,0,0
24_017318.wav,train,0,0,0,0,0,0,0,0
24_017352.wav,train,0,0,0,0,0,0,1,0
24_017374.wav,train,0,0,0,0,0,0,0,0
24_017395.wav,train,0,0,0,0,0,0,0,0
24_017429.wav,train,0,0,0,0,1,1,0,0
24_017436.wav,train,0,0,0,0,0,0,0,0
24_017450.wav,train,0,0,0,0,0,0,1,0
24_017471.wav,train,0,0,0,0,0,1,0,0
24_017490.wav,train,0,0,0,0,0,1,0,0
24_017514.wav,train,0,0,0,0,0,0,1,0
24_017517.wav,train,0,0,0,0,0,0,0,0
24_017523.wav,train,1,0,0,0,0,0,0,0
24_017528.wav,train,1,0,0,0,0,1,0,0
24_017546.wav,train,1,0,0,0,0,0,0,0
24_017559.wav,train,0,0,0,0,0,1,0,0
24_017643.wav,train,0,0,0,0,0,1,0,0
24_017648.wav,train,0,0,0,0,0,1,0,0
24_017667.wav,train,0,0,0,0,1,1,0,0
24_017680.wav,train,0,0,0,0,0,1,1,0
24_017694.wav,train,0,0,0,0,0,0,0,0
24_017704.wav,train,0,0,0,0,0,0,0,0
24_017715.wav,train,0,0,0,0,0,1,0,0
24_017722.wav,train,1,0,0,0,0,0,0,0
24_017724.wav,train,1,0,0,0,0,0,1,0
24_017755.wav,train,0,0,0,0,0,0,0,0
24_017787.wav,train,0,0,0,0,0,0,1,0
24_017788.wav,train,0,0,0,0,0,0,0,0
24_017885.wav,train,0,0,0,0,0,0,0,0
24_017916.wav,train,0,0,0,0,0,0,0,1
24_017927.wav,train,0,0,0,0,0,1,0,0
24_017959.wav,train,0,0,0,0,0,0,0,0
24_017980.wav,train,0,0,0,0,0,1,1,0
24_018030.wav,train,0,1,0,0,0,0,0,0
24_018069.wav,train,0,0,0,0,0,0,1,0
24_018071.wav,train,0,0,0,0,0,1,0,0
24_018083.wav,train,0,0,0,0,0,1,0,0
24_018084.wav,train,0,0,0,0,0,0,1,0
24_018090.wav,train,0,0,0,0,0,0,0,0
24_018108.wav,train,0,0,0,0,1,0,0,0
24_018132.wav,train,0,0,0,0,0,0,0,0
24_018159.wav,train,0,1,0,0,0,0,0,0
24_018183.wav,train,0,0,0,0,0,1,0,0
24_018305.wav,train,0,0,0,0,1,0,0,0
24_018322.wav,train,0,0,0,0,0,0,0,0
24_018326.wav,train,0,0,0,0,0,0,1,0
24_018379.wav,train,0,0,0,0,0,0,0,0
24_018390.wav,train,0,0,0,0,0,0,0,0
24_018435.wav,train,0,0,0,0,0,0,1,0
24_018458.wav,train,1,0,0,0,0,1,1,0
24_018480.wav,train,1,0,0,0,1,0,0,0
24_018501.wav,train,0,0,0,0,0,0,0,0
24_018557.wav,train,0,0,0,0,0,0,1,0
24_018569.wav,train,0,0,0,0,0,0,0,0
24_018570.wav,train,0,0,0,1,0,0,0,0
24_018588.wav,train,0,0,0,0,0,0,0,0
24_018600.wav,train,0,0,0,1,0,0,0,0
24_018626.wav,train,0,0,0,0,0,0,0,0
24_018636.wav,train,0,0,0,0,0,0,0,0
24_018641.wav,train,0,0,0,0,0,1,0,0
24_018692.wav,train,0,0,0,0,0,0,1,0
24_018776.wav,train,0,0,0,0,0,0,0,0
24_018795.wav,train,0,0,0,0,0,1,0,0
24_018848.wav,train,0,0,0,0,0,0,0,0
24_018948.wav,train,0,0,0,0,0,0,0,0
24_018998.wav,train,1,0,0,0,1,0,1,0
24_019025.wav,train,0,0,0,0,0,1,1,0
24_019040.wav,train,0,0,0,0,0,0,0,0
24_019043.wav,train,1,0,0,0,0,0,0,0
24_019080.wav,train,1,0,0,0,0,0,1,0
24_019085.wav,train,0,0,0,0,0,0,0,0
24_019143.wav,train,0,0,0,0,0,0,0,0
24_019153.wav,train,1,0,0,0,0,0,1,0
24_019181.wav,train,0,0,0,0,0,1,1,0
24_019219.wav,train,0,0,0,0,1,1,0,0
24_019264.wav,train,0,0,0,0,0,1,0,0
24_019317.wav,train,0,0,0,0,0,1,1,0
24_019331.wav,train,0,0,0,0,0,0,1,0
24_019380.wav,train,1,0,0,0,0,1,0,0
24_019445.wav,train,1,0,0,0,0,0,0,0
24_019475.wav,train,0,0,0,0,0,0,1,0
24_019506.wav,train,1,0,0,0,0,0,0,0
24_019509.wav,train,0,0,0,0,0,0,0,0
24_019527.wav,train,1,0,0,0,0,0,0,0
24_019537.wav,train,1,0,0,0,0,0,0,0
24_019557.wav,train,0,0,0,0,0,0,0,0
24_019562.wav,train,0,0,0,0,0,0,0,0
24_019566.wav,train,0,0,0,0,0,0,0,0
24_019630.wav,train,0,1,0,0,0,0,0,0
24_019693.wav,train,0,0,0,0,0,0,0,0
24_019709.wav,train,0,0,0,0,0,0,0,0
24_019717.wav,train,0,0,0,0,0,1,0,0
24_019775.wav,train,0,0,0,0,0,1,0,0
24_019820.wav,train,0,0,0,0,0,0,0,1
24_019856.wav,train,0,0,0,0,0,1,1,0
24_019892.wav,train,0,0,0,0,0,0,1,0
24_019897.wav,train,0,0,0,0,0,0,0,0
24_019919.wav,train,0,0,0,0,0,0,1,0
24_019923.wav,train,0,0,0,0,0,1,0,0
24_019925.wav,train,0,0,0,0,0,0,1,0
24_019938.wav,train,0,0,1,0,0,0,0,0
24_019972.wav,train,0,0,0,0,0,1,0,0
24_019981.wav,train,0,0,0,0,0,0,1,0
24_019994.wav,train,0,0,0,0,0,1,0,0
24_020017.wav,train,0,0,0,0,0,1,0,0
24_020026.wav,train,0,0,0,0,1,0,0,0
24_020028.wav,train,0,0,0,0,1,1,1,0
24_020060.wav,train,0,0,0,0,0,1,1,0
24_020061.wav,train,0,0,0,0,0,1,1,0
24_020075.wav,train,0,0,0,0,0,0,0,0
24_020095.wav,train,1,0,0,0,0,1,0,0
24_020141.wav,train,1,0,0,0,1,0,0,0
24_020177.wav,train,1,0,0,0,0,0,0,0
24_020261.wav,train,0,0,0,0,0,0,1,0
24_020265.wav,train,0,0,0,0,0,1,1,0
24_020285.wav,train,0,0,0,0,1,0,0,0
24_020304.wav,train,0,0,0,0,0,0,1,0
24_020375.wav,train,0,0,0,0,0,1,1,0
24_020429.wav,train,0,0,0,0,1,0,0,0
24_020431.wav,train,0,0,0,0,1,0,0,0
24_020493.wav,train,0,0,0,0,0,1,0,0
24_020535.wav,train,0,0,0,0,0,1,0,0
24_020569.wav,train,0,0,0,0,0,1,0,0
24_020598.wav,train,0,0,0,0,0,1,0,0
24_020608.wav,train,0,0,1,0,0,0,0,0
24_020613.wav,train,0,0,0,0,0,0,0,0
24_020615.wav,train,1,0,0,0,0,0,1,0
24_020647.wav,train,0,0,1,0,0,0,0,0
24_020690.wav,train,0,0,0,0,0,1,0,0
24_020733.wav,train,0,0,0,0,0,0,0,0
24_020761.wav,train,0,1,0,0,0,0,0,0
24_020767.wav,train,1,0,0,0,0,0,0,0
24_020778.wav,train,1,0,0,0,0,0,0,0
24_020790.wav,train,0,0,0,0,1,0,0,0
24_020863.wav,train,0,0,0,0,0,0,0,0
24_020865.wav,train,0,0,0,0,0,1,1,0
24_026887.wav,test,1,0,0,0,1,0,1,0
24_026921.wav,test,1,0,0,0,0,0,1,0
24_026955.wav,test,1,0,0,0,0,0,0,1
24_026968.wav,test,1,0,0,0,0,0,1,0
24_026998.wav,test,0,1,1,0,0,0,1,0
24_027008.wav,test,1,0,1,0,0,0,0,0
24_027078.wav,test,0,0,0,0,0,1,1,0
24_027171.wav,test,0,0,0,0,0,0,0,1
24_027174.wav,test,1,0,1,0,0,0,1,0
24_027182.wav,test,1,0,0,0,0,0,1,0
24_027194.wav,test,0,0,1,0,1,1,1,0
24_027292.wav,test,1,0,0,0,1,0,0,0
24_027328.wav,test,0,0,1,0,0,0,1,0
24_027385.wav,test,1,0,0,0,1,0,1,0
24_027413.wav,test,1,1,0,0,0,0,1,0
24_027417.wav,test,1,1,0,0,0,0,0,0
24_027437.wav,test,1,0,1,0,0,1,1,0
24_027601.wav,test,1,0,1,0,0,1,0,0
24_027705.wav,test,0,0,1,0,0,0,1,0
24_027722.wav,test,0,0,0,0,0,1,1,0
24_027723.wav,test,0,0,0,0,0,0,0,0
24_027787.wav,test,1,0,0,0,0,0,1,0
25_000028.wav,train,1,0,0,0,1,0,0,0
25_000070.wav,train,0,1,0,0,0,0,0,0
25_000114.wav,train,0,0,0,0,1,0,0,0
25_000146.wav,train,1,0,0,0,0,0,1,0
25_000155.wav,train,0,0,0,0,0,0,0,0
25_000412.wav,train,0,0,0,0,0,0,0,0
25_000473.wav,train,0,0,0,0,0,0,1,0
25_000673.wav,train,0,1,0,0,0,0,0,0
25_000714.wav,train,0,0,0,0,1,0,1,0
25_000756.wav,train,0,0,0,0,0,0,1,0
25_000798.wav,train,1,0,0,0,0,0,0,0
25_000937.wav,train,0,0,0,0,1,0,0,0
25_001078.wav,train,0,0,0,0,1,0,0,0
25_001096.wav,train,1,0,0,0,0,0,0,0
25_001105.wav,train,1,0,0,0,0,0,0,0
25_001196.wav,train,0,0,0,0,0,0,1,0
25_001227.wav,train,0,0,0,0,0,0,1,0
25_001249.wav,train,0,0,0,0,1,0,0,0
25_001462.wav,train,1,0,0,0,0,0,0,0
25_001512.wav,train,0,1,0,0,0,0,0,0
25_001531.wav,train,1,0,0,0,1,0,0,0
25_001607.wav,train,0,0,0,0,0,0,0,0
25_001615.wav,train,0,0,0,0,0,0,1,0
25_001794.wav,train,0,1,0,0,0,0,0,0
25_001799.wav,train,0,0,0,0,0,0,0,0
25_001868.wav,train,1,0,0,0,0,0,0,0
25_001876.wav,train,0,0,0,0,0,0,0,0
25_001954.wav,train,0,0,0,0,0,0,0,0
25_001957.wav,train,0,0,0,0,1,1,0,0
25_001969.wav,train,0,0,0,0,1,0,0,0
25_001992.wav,train,1,0,0,0,0,0,0,0
25_001994.wav,train,1,0,0,0,0,0,0,0
25_002111.wav,train,0,0,0,0,0,0,0,0
25_002381.wav,train,0,1,0,0,0,0,0,0
25_002550.wav,train,1,0,0,0,0,0,0,0
25_002562.wav,train,0,0,0,0,0,0,1,0
25_002622.wav,train,1,0,0,0,1,0,0,0
25_002688.wav,train,0,0,0,0,1,0,1,0
25_002701.wav,train,0,1,0,0,0,0,0,0
25_002725.wav,train,0,0,0,0,1,0,0,0
25_002728.wav,train,1,0,0,0,0,0,0,0
25_002729.wav,train,0,0,0,0,0,0,0,0
25_002735.wav,train,1,1,0,0,0,0,0,0
25_002748.wav,train,0,0,0,0,0,0,0,0
25_002941.wav,train,0,0,0,0,0,0,0,0
25_002962.wav,train,1,0,0,0,0,0,0,0
25_002963.wav,train,0,0,0,0,1,0,0,0
25_002991.wav,train,0,0,0,0,0,0,0,0
25_003010.wav,train,0,0,0,0,0,0,0,0
25_003041.wav,train,1,0,0,0,0,0,0,0
25_003063.wav,train,1,0,0,0,1,0,1,0
25_003064.wav,train,1,0,0,0,0,0,0,0
25_003109.wav,train,0,0,0,0,0,0,0,0
25_003149.wav,train,0,1,0,0,0,0,0,0
25_003233.wav,train,0,0,0,0,0,0,1,0
25_003244.wav,train,1,0,0,0,0,0,1,0
25_003384.wav,train,0,0,0,0,0,0,1,0
25_003433.wav,train,0,1,0,0,0,0,0,0
25_003574.wav,train,0,0,0,0,1,0,0,0
25_003639.wav,train,0,0,0,0,0,0,1,0
25_003701.wav,train,0,0,0,0,0,0,1,0
25_003728.wav,train,1,0,0,0,0,0,0,0
25_003755.wav,train,0,0,0,0,1,1,0,0
25_003773.wav,train,0,0,0,0,0,0,0,0
25_003792.wav,train,0,0,0,0,0,0,1,0
25_003862.wav,train,0,0,0,0,0,0,1,0
25_003987.wav,train,0,0,0,0,0,0,1,0
25_004102.wav,train,1,0,0,0,0,0,0,0
25_004135.wav,train,1,0,0,0,0,0,0,0
25_004140.wav,train,0,0,0,0,0,0,0,0
25_004176.wav,train,1,0,0,0,0,0,0,0
25_004189.wav,train,0,0,0,0,0,0,0,0
25_004204.wav,train,1,0,0,0,0,0,0,0
25_004236.wav,train,0,0,0,0,0,0,1,0
25_004251.wav,train,0,0,0,0,0,0,0,0
25_004336.wav,train,1,0,0,0,0,0,0,0
25_004389.wav,train,0,0,0,0,0,0,0,0
25_004519.wav,train,1,0,0,0,0,0,0,0
25_004552.wav,train,0,0,0,0,0,0,0,0
25_004664.wav,train,0,0,0,0,0,0,1,0
25_004747.wav,train,0,0,0,0,0,0,0,0
25_004819.wav,train,1,0,0,0,0,0,0,0
25_004876.wav,train,0,0,0,0,0,0,0,0
25_004989.wav,train,1,0,0,0,0,0,0,0
25_005047.wav,train,0,0,0,0,1,0,0,0
25_005109.wav,train,1,0,0,0,0,0,0,0
25_005188.wav,train,0,0,0,0,0,0,1,0
25_005208.wav,train,1,0,0,0,0,0,0,0
25_005243.wav,train,0,0,0,0,0,0,0,0
25_005292.wav,train,1,0,0,0,1,0,0,0
25_005381.wav,train,0,0,0,0,0,0,0,0
25_005405.wav,train,0,0,0,0,0,0,0,0
25_005418.wav,train,0,0,0,0,0,0,0,0
25_005469.wav,train,0,0,0,0,0,0,1,0
25_005521.wav,train,0,0,0,0,0,1,1,0
25_005604.wav,train,0,0,0,0,0,0,1,0
25_005663.wav,train,1,0,0,0,0,0,0,0
25_005700.wav,train,0,0,0,0,0,0,0,0
25_005776.wav,train,0,0,0,0,1,0,0,0
25_005786.wav,train,1,0,0,0,0,0,1,0
25_005789.wav,train,1,0,0,0,0,0,0,0
25_005830.wav,train,0,0,0,0,0,0,0,0
25_005891.wav,train,0,0,0,0,0,1,0,0
25_005914.wav,train,0,1,0,0,0,0,0,0
25_005960.wav,train,1,0,0,0,0,0,1,0
25_005982.wav,train,0,0,0,0,0,0,1,0
25_006027.wav,train,0,0,0,0,0,0,1,0
25_006080.wav,train,1,0,0,0,0,0,1,0
25_006106.wav,train,0,0,0,0,0,0,1,0
25_006155.wav,train,1,0,0,0,0,0,0,0
25_006197.wav,train,1,0,0,0,0,0,0,0
25_006201.wav,train,0,0,0,0,1,0,0,0
25_006324.wav,train,0,1,0,0,0,0,0,0
25_006433.wav,train,0,0,1,0,0,0,0,0
25_006470.wav,train,0,0,0,0,0,0,0,0
25_006494.wav,train,0,0,0,0,1,0,0,0
25_006592.wav,train,0,0,0,0,0,0,1,0
25_006593.wav,train,0,0,0,0,0,0,1,0
25_006675.wav,train,0,0,0,0,0,0,0,0
25_006683.wav,train,1,0,0,0,0,0,1,0
25_006691.wav,train,0,0,0,0,0,0,1,0
25_006709.wav,train,0,0,0,0,0,0,0,0
25_006932.wav,train,1,0,0,0,0,0,0,0
25_007028.wav,train,0,0,0,0,0,0,0,0
25_007040.wav,train,0,1,0,0,0,0,0,0
25_007059.wav,train,1,0,0,0,0,0,1,0
25_007067.wav,train,1,0,0,0,0,0,0,0
25_007111.wav,train,0,0,0,0,1,0,0,0
25_007278.wav,train,1,0,0,0,0,0,0,0
25_007372.wav,train,1,0,0,0,0,0,0,0
25_007491.wav,train,0,0,0,0,0,0,0,0
25_007493.wav,train,0,0,0,0,0,0,0,0
25_007561.wav,train,0,0,0,0,0,0,1,0
25_007634.wav,train,0,0,0,0,0,0,0,0
25_007644.wav,train,0,1,0,0,0,0,0,0
25_007661.wav,train,0,1,0,0,0,0,0,0
25_007798.wav,train,0,0,0,0,0,0,1,0
25_007807.wav,train,0,0,0,1,0,0,0,0
25_007861.wav,train,0,0,0,0,0,0,0,0
25_007874.wav,train,0,1,0,0,0,0,0,0
25_007935.wav,train,0,0,0,0,0,0,1,0
25_007997.wav,train,1,0,0,0,0,0,0,0
25_008012.wav,train,0,0,0,0,0,0,1,0
25_008126.wav,train,0,0,0,0,0,0,0,0
25_008137.wav,train,0,0,0,0,0,0,0,0
25_008139.wav,train,0,0,0,0,0,0,0,0
25_008229.wav,train,0,0,0,0,0,0,0,0
25_008253.wav,train,0,0,0,0,0,0,0,0
25_008347.wav,train,0,0,0,0,0,0,0,0
25_008497.wav,train,0,0,0,0,0,0,1,0
25_008551.wav,train,0,1,0,1,0,0,0,0
25_008620.wav,train,1,0,0,0,1,0,0,0
25_008714.wav,train,1,0,0,0,0,0,0,0
25_008821.wav,train,0,0,0,0,0,0,1,0
25_008843.wav,train,0,0,0,0,0,0,0,0
25_008861.wav,train,0,0,0,0,0,0,0,0
25_008891.wav,train,0,0,0,0,0,0,1,0
25_008954.wav,train,1,0,0,0,0,0,0,0
25_009017.wav,train,0,0,0,0,0,0,0,0
25_009023.wav,train,0,0,0,0,1,0,0,0
25_009027.wav,train,0,0,0,0,0,1,0,0
25_009032.wav,train,0,0,0,0,0,0,1,0
25_009059.wav,train,1,0,0,0,0,0,1,0
25_009098.wav,train,0,0,0,0,0,0,0,0
25_009130.wav,train,0,0,0,0,0,0,1,0
25_009159.wav,train,0,0,0,0,0,0,0,0
25_009160.wav,train,1,0,0,0,0,0,0,0
25_009166.wav,train,1,0,0,0,0,0,0,0
25_009215.wav,train,1,0,0,0,0,0,0,0
25_009224.wav,train,0,0,0,0,1,0,1,0
25_009255.wav,train,0,0,0,0,1,0,0,0
25_009279.wav,train,0,1,0,0,0,0,0,0
25_009312.wav,train,0,1,0,0,0,0,0,0
25_009331.wav,train,1,0,0,0,0,0,0,0
25_009357.wav,train,0,0,0,0,0,0,0,0
25_009404.wav,train,0,0,0,0,1,0,0,0
25_009467.wav,train,0,0,0,0,1,0,0,0
25_009497.wav,train,0,0,0,0,0,0,0,0
25_009528.wav,train,1,0,0,0,0,0,0,0
25_009550.wav,train,1,0,0,0,0,0,0,0
25_009554.wav,train,0,0,0,0,1,0,1,0
25_009607.wav,train,0,0,0,0,0,0,0,0
25_009614.wav,train,1,0,0,0,0,0,0,0
25_009653.wav,train,0,0,0,0,0,0,1,0
25_009675.wav,train,0,0,0,0,1,0,0,0
25_009690.wav,train,0,0,0,0,1,0,0,0
25_009695.wav,train,0,0,0,0,0,0,0,0
25_009698.wav,train,1,0,0,0,0,0,1,0
25_009754.wav,train,1,0,0,0,0,0,0,0
25_009765.wav,train,0,0,0,0,0,0,1,0
25_009794.wav,train,1,0,0,0,1,0,1,0
25_009822.wav,train,0,0,0,0,0,0,0,0
25_009873.wav,train,1,0,0,0,0,0,0,0
25_009917.wav,train,0,0,0,0,0,0,1,0
25_009946.wav,train,0,0,0,0,1,0,1,0
25_009968.wav,train,1,0,0,0,0,0,0,0
25_010146.wav,train,0,0,0,0,1,0,0,0
25_010206.wav,train,1,0,0,0,1,0,0,0
25_010240.wav,train,1,0,0,0,0,0,1,0
25_010305.wav,train,1,0,0,0,0,0,0,0
25_010315.wav,train,0,0,0,0,1,0,1,0
25_010330.wav,train,0,0,0,0,0,0,0,0
25_010354.wav,train,0,0,0,0,0,0,1,0
25_010365.wav,train,1,0,0,0,0,0,0,0
25_010381.wav,train,1,0,0,0,0,0,0,0
25_010476.wav,train,0,0,0,0,0,0,0,0
25_010511.wav,train,1,0,0,0,0,0,0,0
25_010522.wav,train,1,0,0,0,0,0,0,0
25_010525.wav,train,1,1,0,0,0,0,0,0
25_010555.wav,train,0,0,0,0,0,0,1,0
25_010568.wav,train,0,0,0,0,0,0,1,0
25_010641.wav,train,1,0,0,0,0,0,0,0
25_010762.wav,train,0,0,0,0,0,0,1,0
25_010818.wav,train,1,0,0,0,0,0,0,0
25_010917.wav,train,0,0,0,0,0,0,1,0
25_010944.wav,train,0,0,0,0,0,0,1,0
25_010960.wav,train,0,1,0,0,0,0,0,0
25_010964.wav,train,1,0,0,0,0,0,0,0
25_010992.wav,train,1,0,0,0,0,0,0,0
25_011018.wav,train,0,1,0,0,0,0,0,0
25_011136.wav,train,0,0,0,0,0,0,0,0
25_011179.wav,train,1,0,0,0,0,0,0,0
25_011182.wav,train,0,0,0,0,0,0,0,0
25_011189.wav,train,0,1,0,0,0,0,0,0
25_011212.wav,train,0,0,0,0,0,0,0,0
25_011272.wav,train,1,1,0,0,0,0,0,0
25_011290.wav,train,1,0,0,0,0,0,0,0
25_011315.wav,train,0,0,0,0,0,0,1,0
25_011324.wav,train,0,0,0,0,0,0,0,0
25_011398.wav,train,0,0,0,0,0,0,0,0
25_011403.wav,train,1,0,0,0,0,0,0,0
25_011484.wav,train,0,0,0,0,1,0,0,0
25_011507.wav,train,1,0,0,0,0,0,0,0
25_011522.wav,train,0,0,0,0,0,0,1,0
25_011527.wav,train,0,0,0,0,0,0,0,0
25_011569.wav,train,0,0,0,0,0,0,1,0
25_011610.wav,train,0,0,0,0,0,0,1,0
25_011619.wav,train,1,0,0,0,0,0,0,0
25_011627.wav,train,0,0,0,1,0,0,0,0
25_011677.wav,train,0,1,0,0,0,0,0,0
25_011728.wav,train,0,0,0,0,1,0,0,0
25_011731.wav,train,0,0,0,0,1,0,1,0
25_011799.wav,train,0,0,0,0,0,0,0,0
25_011823.wav,train,1,0,1,0,0,0,0,0
25_011867.wav,train,0,0,0,0,0,0,1,0
25_011880.wav,train,0,0,0,0,0,0,0,0
25_011946.wav,train,1,0,0,0,0,0,0,0
25_011953.wav,train,0,0,0,0,0,0,1,0
25_012077.wav,train,0,1,0,0,0,0,0,0
25_012132.wav,train,0,0,0,0,0,0,0,0
25_012154.wav,train,0,0,0,0,0,0,0,0
25_012189.wav,train,0,0,0,0,0,0,0,0
25_012195.wav,train,0,0,0,0,0,0,0,0
25_012291.wav,train,0,0,0,1,0,0,0,0
25_012342.wav,train,1,0,0,0,0,0,0,0
25_012359.wav,train,0,0,0,0,0,0,0,0
25_012367.wav,train,0,0,0,0,0,0,0,0
25_012371.wav,train,1,0,0,0,0,0,0,0
25_012420.wav,train,1,0,0,0,1,0,1,0
25_012559.wav,train,1,0,0,0,0,0,1,0
25_012617.wav,train,0,0,0,0,1,0,0,0
25_012653.wav,train,0,0,0,0,1,0,0,0
25_012665.wav,train,1,0,0,0,0,0,0,0
25_012674.wav,train,0,0,0,0,1,0,0,0
25_012693.wav,train,0,0,0,0,0,0,1,0
25_012755.wav,train,0,0,0,0,0,0,0,0
25_012760.wav,train,1,0,0,0,0,0,0,0
25_012797.wav,train,1,0,0,0,0,0,0,0
25_012920.wav,train,0,0,0,0,0,0,1,0
25_012943.wav,train,1,0,0,0,0,0,0,0
25_012966.wav,train,0,0,0,0,1,0,0,0
25_013000.wav,train,1,0,0,0,0,0,0,0
25_013026.wav,train,0,1,0,0,0,0,0,0
25_013053.wav,train,0,0,0,0,0,0,0,0
25_013078.wav,train,0,0,0,0,0,0,0,0
25_013089.wav,train,1,0,0,0,0,0,0,0
25_013096.wav,train,0,1,0,0,0,0,0,0
25_013179.wav,train,1,0,0,0,0,0,0,0
25_013235.wav,train,1,0,0,0,0,0,0,0
25_013237.wav,train,0,0,0,0,0,0,0,0
25_013251.wav,train,1,0,0,0,0,0,0,0
25_013272.wav,train,0,0,0,0,1,0,1,0
25_013279.wav,train,1,0,0,0,0,0,0,0
25_013310.wav,train,0,1,0,0,0,0,0,0
25_013330.wav,train,0,0,0,0,0,0,1,0
25_013364.wav,train,0,1,0,0,0,0,0,0
25_013392.wav,train,0,0,0,0,0,0,1,0
25_013404.wav,train,0,0,1,0,0,0,1,0
25_013422.wav,train,0,0,0,0,1,0,1,0
25_013442.wav,train,0,1,0,0,1,0,0,0
25_013524.wav,train,0,0,0,0,0,0,1,0
25_013558.wav,train,1,0,0,0,0,0,0,0
25_013572.wav,train,0,0,1,0,0,0,0,0
25_013594.wav,train,0,0,0,0,0,0,0,0
25_013637.wav,train,0,0,0,0,0,0,0,0
25_013654.wav,train,0,0,0,0,0,0,0,0
25_016290.wav,train,1,0,0,0,0,0,0,0
25_016431.wav,train,1,0,0,0,0,0,0,0
25_016501.wav,train,0,0,0,0,0,1,0,0
25_016572.wav,train,0,0,0,0,0,0,0,0
25_016602.wav,train,1,0,0,0,1,0,1,0
25_016621.wav,train,1,0,0,0,0,0,0,0
25_016648.wav,train,0,0,0,0,0,0,1,0
25_016651.wav,train,0,0,0,0,1,0,1,0
25_016662.wav,train,0,0,0,0,0,0,1,0
25_016714.wav,train,1,0,0,0,0,0,0,0
25_016721.wav,train,1,0,0,0,0,0,0,0
25_016785.wav,train,0,0,0,0,0,0,1,0
25_016797.wav,train,0,0,0,0,0,0,1,0
25_016822.wav,train,0,0,0,0,0,0,0,0
25_016835.wav,train,1,0,0,0,0,0,0,0
25_016989.wav,train,1,0,0,0,1,0,0,0
25_017032.wav,train,0,0,0,0,1,0,0,0
25_017123.wav,train,0,0,0,0,0,0,0,0
25_017255.wav,train,1,0,0,0,0,0,1,0
25_017260.wav,train,0,1,0,0,1,0,1,0
25_017285.wav,train,0,0,0,0,0,0,0,0
25_017400.wav,train,1,0,0,0,0,0,0,0
25_017498.wav,train,1,0,0,0,0,0,1,0
25_017499.wav,train,0,0,0,0,0,0,0,0
25_017531.wav,train,0,0,0,0,0,0,0,0
25_017590.wav,train,1,0,0,0,0,0,0,0
25_017614.wav,train,1,0,0,0,0,1,1,0
25_017626.wav,train,1,0,0,0,0,0,0,0
25_017675.wav,train,0,0,0,0,0,0,1,0
25_017825.wav,train,1,0,0,0,1,0,0,0
25_017856.wav,train,1,0,0,0,0,0,0,0
25_017979.wav,train,0,0,0,0,1,0,0,0
25_018059.wav,train,0,1,0,0,0,0,0,0
25_018120.wav,train,0,0,0,0,0,0,0,0
25_018184.wav,train,0,0,0,0,0,0,1,0
25_018220.wav,train,0,0,0,0,0,0,1,0
25_018282.wav,train,1,0,0,0,0,0,0,0
25_018318.wav,train,0,0,0,0,0,0,0,0
25_018320.wav,train,1,0,0,0,0,0,0,0
25_018374.wav,train,0,0,0,0,0,0,1,0
25_018405.wav,train,0,0,0,0,0,0,0,0
25_018427.wav,train,0,0,0,0,0,0,0,0
25_018461.wav,train,1,1,0,0,0,0,1,0
25_018487.wav,train,1,0,0,0,0,0,0,0
25_018528.wav,train,0,0,0,0,0,0,0,0
25_018529.wav,train,1,0,0,0,0,0,0,0
25_018552.wav,train,0,0,0,0,0,0,0,0
25_018580.wav,train,0,0,0,0,0,0,0,0
25_018596.wav,train,0,0,0,0,1,0,1,0
25_018676.wav,train,0,0,0,0,0,0,0,0
25_018679.wav,train,0,0,0,0,0,0,0,0
25_018691.wav,train,0,0,0,0,0,0,1,0
25_018709.wav,train,0,1,0,0,0,0,0,0
25_018734.wav,train,0,0,0,0,0,0,0,0
25_018781.wav,train,1,0,0,0,0,0,0,0
25_018794.wav,train,1,0,0,0,0,0,0,0
25_018815.wav,train,0,0,0,0,0,0,0,0
25_018915.wav,train,0,0,0,0,1,0,0,0
25_018917.wav,train,1,0,0,0,0,0,1,0
25_018938.wav,train,0,0,0,0,0,0,0,0
25_019018.wav,train,0,0,0,0,0,0,0,0
25_019031.wav,train,0,0,0,0,0,0,0,0
25_019160.wav,train,1,0,0,0,0,0,0,0
25_019203.wav,train,1,0,0,0,1,1,1,0
25_019266.wav,train,1,0,0,0,0,0,0,0
25_019283.wav,train,1,0,0,0,0,0,0,0
25_019407.wav,train,0,1,0,0,0,0,0,0
25_019419.wav,train,0,1,0,0,0,0,0,0
25_019439.wav,train,1,0,0,0,1,0,1,0
25_019465.wav,train,0,0,0,0,0,0,0,0
25_019498.wav,train,1,0,0,0,0,0,0,0
25_019544.wav,train,0,0,0,0,0,0,0,0
25_019614.wav,train,1,0,0,0,0,0,0,0
25_019631.wav,train,0,0,0,0,0,0,0,0
25_019652.wav,train,1,0,0,0,0,0,0,0
25_019673.wav,train,1,0,0,0,0,0,0,0
25_019726.wav,train,1,0,0,0,0,0,0,0
25_019737.wav,train,0,0,0,0,0,0,1,0
25_019941.wav,train,1,0,0,0,1,0,1,0
25_020003.wav,train,1,0,0,0,0,0,0,0
25_020029.wav,train,1,0,0,0,1,0,0,0
25_020180.wav,train,1,0,0,0,0,0,0,0
25_020195.wav,train,1,0,1,0,1,0,0,0
25_020204.wav,train,0,0,0,0,0,0,1,0
25_020402.wav,train,0,0,0,0,1,0,0,0
25_020488.wav,train,1,0,0,0,1,0,0,0
25_020514.wav,train,1,0,0,0,0,0,0,0
25_020520.wav,train,1,0,0,0,0,0,0,0
25_020521.wav,train,0,0,0,0,0,0,1,0
25_020529.wav,train,0,0,0,1,0,0,1,0
25_020546.wav,train,0,1,0,0,0,0,0,0
25_020570.wav,train,0,0,0,0,0,0,0,0
25_020609.wav,train,0,0,0,0,0,0,0,0
25_020684.wav,train,1,0,0,0,1,0,0,0
25_020696.wav,train,0,0,0,0,0,0,0,0
25_020700.wav,train,1,0,0,0,0,0,0,0
25_020713.wav,train,1,0,0,0,0,0,0,0
25_020802.wav,train,0,0,0,0,1,0,0,0
25_020827.wav,train,0,0,1,0,0,0,1,0
25_020857.wav,train,0,0,0,0,0,0,1,0
25_020882.wav,train,0,0,0,0,0,0,0,0
25_020883.wav,train,0,1,0,0,0,0,0,0
25_020900.wav,train,0,0,0,1,0,0,0,0
25_026896.wav,test,1,1,0,0,1,0,0,0
25_026931.wav,test,1,0,1,0,0,0,0,0
25_027058.wav,test,1,0,1,0,0,0,0,0
25_027079.wav,test,1,0,0,0,1,0,1,0
25_027245.wav,test,1,0,0,0,0,0,0,0
25_027289.wav,test,1,0,0,0,1,0,1,0
25_027454.wav,test,1,0,1,0,0,0,0,0
25_027461.wav,test,1,0,0,0,1,0,1,0
25_027490.wav,test,1,0,0,0,0,0,0,0
25_027503.wav,test,0,0,0,0,1,0,1,0
25_027663.wav,test,1,0,1,0,0,0,0,0
25_027673.wav,test,1,0,1,0,0,0,1,0
25_027711.wav,test,1,0,0,0,0,0,1,0
25_027775.wav,test,1,0,0,0,1,0,1,0
25_027824.wav,test,1,0,0,0,1,0,0,0
25_027857.wav,test,1,0,1,0,0,0,1,0
26_000900.wav,train,0,0,0,0,1,0,0,0
26_001905.wav,train,0,0,0,0,0,0,0,0
26_002274.wav,train,0,0,1,0,0,0,1,0
26_003853.wav,train,0,0,0,0,0,0,1,0
26_004956.wav,train,1,0,0,0,0,0,0,0
26_005129.wav,train,0,0,0,0,1,0,0,0
26_006039.wav,train,0,0,0,0,1,0,0,0
26_006770.wav,train,0,0,0,0,0,0,0,0
26_007639.wav,train,0,1,0,0,0,0,0,0
26_007698.wav,train,0,0,0,0,0,0,0,0
26_008442.wav,train,1,0,0,0,0,0,0,0
26_009188.wav,train,0,0,0,0,0,0,0,0
26_009236.wav,train,1,0,0,0,0,0,0,0
26_009284.wav,train,0,0,0,0,0,0,0,0
26_009292.wav,train,1,0,0,0,0,0,0,0
26_009330.wav,train,0,1,0,0,0,0,0,0
26_009428.wav,train,1,0,0,0,1,0,0,0
26_009437.wav,train,0,0,0,0,0,0,0,0
26_009527.wav,train,0,0,0,0,1,0,0,0
26_009737.wav,train,0,0,0,0,0,0,0,0
26_009743.wav,train,0,0,0,0,0,0,0,0
26_009790.wav,train,0,0,0,0,0,0,0,0
26_009793.wav,train,0,0,1,0,0,0,0,0
26_009810.wav,train,1,0,0,0,0,0,0,0
26_009821.wav,train,0,0,0,1,0,0,0,0
26_009828.wav,train,0,0,0,0,0,0,0,0
26_009947.wav,train,0,1,0,0,0,0,0,0
26_009957.wav,train,0,0,0,0,0,0,1,0
26_009972.wav,train,1,0,0,0,1,0,0,0
26_009978.wav,train,0,0,0,0,0,0,0,0
26_010058.wav,train,0,0,0,1,0,0,0,0
26_010157.wav,train,0,0,0,1,0,0,0,0
26_011143.wav,train,0,0,0,0,1,0,0,0
26_011406.wav,train,0,0,0,0,0,0,0,0
26_011430.wav,train,0,0,0,0,0,0,0,0
26_012253.wav,train,0,0,0,0,0,0,0,0
26_012348.wav,train,0,0,0,0,0,0,0,0
26_012619.wav,train,0,0,0,0,0,0,0,0
26_012679.wav,train,0,1,0,0,0,0,0,0
26_013289.wav,train,0,0,0,0,0,0,0,0
26_013644.wav,train,0,0,0,0,0,0,0,0
26_016285.wav,train,0,1,0,0,0,0,0,0
26_016594.wav,train,0,0,0,0,0,0,0,0
26_019833.wav,train,0,0,0,0,0,0,0,0
27_000027.wav,train,0,0,0,1,0,0,0,0
27_000043.wav,train,0,0,0,0,0,0,0,0
27_000089.wav,train,0,0,0,0,0,0,1,0
27_000096.wav,train,0,0,0,0,0,0,1,0
27_000097.wav,train,0,0,0,1,0,0,0,0
27_000098.wav,train,0,0,0,0,0,0,1,0
27_000102.wav,train,0,1,0,0,0,0,0,0
27_000123.wav,train,0,0,0,0,0,0,0,0
27_000139.wav,train,0,0,0,0,0,0,0,0
27_000151.wav,train,0,0,0,0,0,0,1,0
27_000154.wav,train,0,0,0,0,1,0,1,0
27_000192.wav,train,0,1,0,0,0,0,0,0
27_000199.wav,train,0,0,0,1,0,0,0,0
27_000214.wav,train,0,0,1,0,0,0,0,0
27_000228.wav,train,0,0,0,0,1,0,0,0
27_000234.wav,train,0,0,0,0,0,0,1,0
27_000238.wav,train,0,0,0,1,0,0,0,0
27_000264.wav,train,0,0,0,0,1,0,0,0
27_000268.wav,train,1,0,0,0,1,0,1,0
27_000305.wav,train,0,0,0,0,0,0,1,0
27_000315.wav,train,0,0,0,0,0,0,1,0
27_000324.wav,train,0,0,0,0,1,0,0,0
27_000365.wav,train,0,0,0,0,0,0,1,0
27_000385.wav,train,1,0,0,0,0,0,0,0
27_000390.wav,train,0,0,0,0,0,0,0,0
27_000397.wav,train,0,0,0,0,1,0,0,0
27_000402.wav,train,0,0,0,1,0,0,0,0
27_000405.wav,train,0,1,0,0,0,0,0,0
27_000439.wav,train,0,1,0,1,0,0,0,0
27_000458.wav,train,0,0,0,0,0,0,0,0
27_000465.wav,train,1,1,0,0,0,0,0,0
27_000474.wav,train,0,0,0,1,0,0,0,0
27_000485.wav,train,0,0,0,0,0,0,1,0
27_000493.wav,train,1,0,0,0,0,0,0,0
27_000495.wav,train,1,0,0,0,0,0,0,0
27_000509.wav,train,0,0,0,1,0,0,0,0
27_000523.wav,train,0,0,0,1,0,0,0,0
27_000530.wav,train,0,0,0,0,0,0,0,0
27_000552.wav,train,0,1,0,0,0,0,0,0
27_000574.wav,train,1,0,0,0,0,0,0,0
27_000582.wav,train,0,0,0,0,0,0,1,0
27_000595.wav,train,1,0,0,0,0,0,1,0
27_000597.wav,train,0,0,0,0,0,0,0,0
27_000659.wav,train,1,0,0,0,0,0,0,0
27_000676.wav,train,0,0,0,0,0,0,1,0
27_000690.wav,train,0,1,0,0,0,0,0,0
27_000694.wav,train,0,0,0,0,0,1,1,0
27_000698.wav,train,0,0,0,0,0,0,0,0
27_000710.wav,train,0,0,0,0,0,0,1,0
27_000713.wav,train,0,0,0,0,0,0,0,0
27_000719.wav,train,0,0,0,1,0,0,0,0
27_000819.wav,train,0,0,0,0,1,0,1,0
27_000831.wav,train,0,0,0,0,0,0,0,0
27_000864.wav,train,0,0,0,0,0,0,1,0
27_000906.wav,train,0,0,0,1,0,0,0,0
27_000939.wav,train,0,0,0,1,0,0,0,0
27_000951.wav,train,0,0,0,0,0,0,1,0
27_000975.wav,train,0,1,0,0,0,0,0,0
27_000976.wav,train,0,0,0,0,0,0,1,0
27_000989.wav,train,0,0,1,0,0,0,1,0
27_000990.wav,train,0,0,0,1,0,0,0,0
27_001010.wav,train,0,0,0,0,0,1,1,0
27_001013.wav,train,0,0,0,0,0,0,1,0
27_001085.wav,train,0,0,0,0,0,0,0,0
27_001094.wav,train,0,0,0,0,0,0,0,0
27_001102.wav,train,0,0,0,0,0,0,0,0
27_001124.wav,train,0,0,0,0,0,0,0,0
27_001163.wav,train,0,0,0,0,0,0,0,0
27_001167.wav,train,1,0,0,0,0,0,0,0
27_001172.wav,train,1,0,0,0,0,0,0,0
27_001200.wav,train,1,0,0,0,1,0,0,0
27_001201.wav,train,0,0,0,0,0,0,0,0
27_001203.wav,train,0,1,0,0,0,0,0,0
27_001219.wav,train,0,0,0,0,1,0,0,0
27_001223.wav,train,0,1,0,0,0,0,0,0
27_001246.wav,train,0,0,0,0,0,0,0,0
27_001250.wav,train,0,0,0,0,0,0,0,0
27_001252.wav,train,0,0,0,0,0,0,1,0
27_001275.wav,train,0,0,0,1,0,0,0,0
27_001280.wav,train,0,1,0,0,0,0,0,0
27_001295.wav,train,0,0,0,0,0,0,0,0
27_001296.wav,train,0,0,0,1,0,0,0,0
27_001307.wav,train,0,0,0,0,0,0,0,0
27_001310.wav,train,0,0,0,0,0,0,1,1
27_001316.wav,train,0,0,0,0,0,0,0,0
27_001319.wav,train,0,1,0,0,0,0,0,0
27_001342.wav,train,0,0,0,0,0,0,1,0
27_001357.wav,train,1,0,0,0,0,0,0,0
27_001359.wav,train,0,0,0,1,0,0,0,0
27_001371.wav,train,0,0,0,0,0,0,1,0
27_001390.wav,train,0,0,0,1,0,0,0,0
27_001391.wav,train,0,0,0,1,1,0,0,0
27_001406.wav,train,1,0,0,0,0,0,0,0
27_001408.wav,train,0,0,0,0,0,0,0,0
27_001412.wav,train,0,0,0,0,1,0,0,0
27_001415.wav,train,0,0,0,0,0,0,1,0
27_001420.wav,train,0,0,0,0,0,0,0,0
27_001436.wav,train,0,0,0,0,0,0,1,0
27_001444.wav,train,0,0,0,1,0,0,0,0
27_001451.wav,train,0,1,0,0,0,0,0,0
27_001453.wav,train,0,1,0,0,0,0,0,0
27_001458.wav,train,1,0,0,0,0,0,1,0
27_001473.wav,train,0,1,0,0,0,0,0,0
27_001489.wav,train,0,0,0,0,0,0,0,0
27_001493.wav,train,0,0,0,0,0,0,1,0
27_001527.wav,train,0,0,0,1,0,0,0,0
27_001537.wav,train,0,0,0,1,0,0,0,0
27_001541.wav,train,0,1,0,0,0,0,0,0
27_001546.wav,train,0,0,0,0,0,0,0,0
27_001556.wav,train,0,0,0,0,1,0,1,0
27_001586.wav,train,0,1,0,0,0,0,0,0
27_001602.wav,train,0,0,0,0,0,0,0,0
27_001612.wav,train,0,0,0,0,1,0,0,0
27_001705.wav,train,0,0,0,0,0,0,0,0
27_001710.wav,train,0,0,0,0,0,0,0,0
27_001725.wav,train,0,0,0,0,0,0,1,0
27_001726.wav,train,1,0,0,0,0,0,1,0
27_001739.wav,train,1,0,0,0,0,0,0,0
27_001744.wav,train,0,0,0,0,0,0,1,0
27_001764.wav,train,0,0,0,1,0,0,0,0
27_001811.wav,train,0,0,0,0,0,0,0,0
27_001832.wav,train,0,0,0,1,0,0,0,0
27_001835.wav,train,0,1,0,0,0,0,0,0
27_001843.wav,train,0,0,0,0,0,0,0,0
27_001848.wav,train,0,1,0,0,0,0,0,0
27_001862.wav,train,1,0,0,0,0,0,0,0
27_001877.wav,train,0,0,0,0,0,0,1,0
27_001955.wav,train,0,0,0,0,0,0,0,0
27_001961.wav,train,0,1,0,0,0,0,0,0
27_001968.wav,train,0,0,0,0,0,0,1,0
27_001970.wav,train,0,0,0,0,0,0,0,0
27_001991.wav,train,0,0,0,1,0,0,0,0
27_002006.wav,train,1,0,0,0,0,0,0,0
27_002007.wav,train,0,0,0,1,0,0,0,0
27_002021.wav,train,0,0,0,0,0,0,1,0
27_002029.wav,train,0,0,0,0,0,0,0,0
27_002030.wav,train,1,0,0,0,0,0,0,0
27_002082.wav,train,0,0,0,1,0,0,0,0
27_002083.wav,train,0,0,0,1,0,0,0,0
27_002086.wav,train,1,0,0,0,0,0,1,0
27_002104.wav,train,0,0,0,0,0,0,1,0
27_002114.wav,train,0,0,0,0,1,0,0,0
27_002141.wav,train,0,0,0,0,0,0,0,0
27_002160.wav,train,0,0,0,1,0,0,0,0
27_002180.wav,train,0,0,0,0,0,0,0,0
27_002201.wav,train,0,0,0,0,0,0,1,0
27_002239.wav,train,1,0,0,0,0,0,0,0
27_002252.wav,train,0,0,0,0,0,0,1,0
27_002283.wav,train,0,0,0,0,1,0,0,0
27_002300.wav,train,0,1,0,0,0,0,0,0
27_002309.wav,train,0,1,0,0,0,0,0,0
27_002334.wav,train,0,0,0,0,1,0,1,0
27_002339.wav,train,0,0,0,0,0,0,0,0
27_002352.wav,train,1,0,0,0,0,0,0,0
27_002353.wav,train,0,0,0,0,1,0,0,0
27_002357.wav,train,0,0,0,0,0,0,0,0
27_002423.wav,train,0,0,0,0,0,0,0,0
27_002439.wav,train,0,1,0,0,0,0,0,0
27_002449.wav,train,0,0,0,1,0,0,0,0
27_002452.wav,train,0,0,0,0,1,0,1,0
27_002459.wav,train,0,0,0,0,0,0,1,0
27_002471.wav,train,0,0,0,0,0,0,0,0
27_002476.wav,train,0,0,0,1,0,0,0,0
27_002491.wav,train,0,1,0,0,0,0,0,0
27_002514.wav,train,0,0,0,0,1,0,0,0
27_002521.wav,train,0,0,0,0,0,0,0,0
27_002540.wav,train,0,0,0,0,0,0,0,0
27_002559.wav,train,0,0,0,0,0,0,0,0
27_002569.wav,train,0,0,0,0,0,0,0,0
27_002573.wav,train,0,0,0,0,0,0,1,0
27_002631.wav,train,1,0,0,0,0,0,0,0
27_002636.wav,train,1,0,0,0,0,1,0,0
27_002655.wav,train,0,0,0,0,1,0,0,0
27_002657.wav,train,0,0,0,0,0,0,0,0
27_002717.wav,train,0,0,0,0,0,0,0,0
27_002723.wav,train,0,1,0,0,0,0,0,0
27_002732.wav,train,1,0,0,0,0,0,0,0
27_002733.wav,train,0,0,0,0,0,0,0,0
27_002747.wav,train,0,0,0,0,1,0,0,0
27_002768.wav,train,0,0,0,0,0,0,0,0
27_002776.wav,train,0,0,0,1,0,0,0,0
27_002777.wav,train,0,0,0,0,0,0,0,0
27_002790.wav,train,1,0,0,0,0,0,0,0
27_002795.wav,train,0,0,0,1,0,0,0,0
27_002798.wav,train,0,0,0,0,0,0,0,0
27_002812.wav,train,0,0,0,0,0,0,1,0
27_002814.wav,train,1,0,0,0,0,0,1,0
27_002823.wav,train,0,0,0,0,0,0,1,0
27_002836.wav,train,0,0,0,0,0,0,0,0
27_002865.wav,train,0,0,0,0,0,0,0,0
27_002879.wav,train,0,0,0,1,0,0,0,0
27_002896.wav,train,0,0,0,1,0,0,0,0
27_002899.wav,train,0,0,0,0,0,0,0,0
27_002902.wav,train,0,0,0,0,0,0,0,0
27_002922.wav,train,0,0,0,0,0,0,1,0
27_002940.wav,train,0,0,0,0,0,0,0,0
27_002975.wav,train,0,0,0,0,0,0,1,0
27_002993.wav,train,0,1,0,0,1,0,0,0
27_003001.wav,train,0,0,0,1,0,0,0,0
27_003062.wav,train,0,0,0,0,0,0,1,0
27_003079.wav,train,0,0,0,0,1,0,0,0
27_003081.wav,train,0,1,0,0,0,0,0,0
27_003094.wav,train,0,0,0,1,0,0,0,0
27_003110.wav,train,0,0,0,0,0,0,1,0
27_003116.wav,train,0,0,0,0,0,0,0,0
27_003118.wav,train,0,1,0,0,0,0,0,0
27_003162.wav,train,0,0,0,0,0,0,0,0
27_003184.wav,train,0,0,0,0,0,0,0,0
27_003187.wav,train,0,0,0,1,0,0,0,0
27_003210.wav,train,0,0,0,0,0,0,0,0
27_003216.wav,train,1,0,0,0,0,0,0,0
27_003225.wav,train,0,0,0,0,0,0,1,0
27_003226.wav,train,0,0,0,1,0,0,0,0
27_003242.wav,train,0,0,0,0,0,0,0,0
27_003265.wav,train,0,0,0,0,0,0,1,0
27_003274.wav,train,0,0,0,1,0,0,0,0
27_003276.wav,train,0,0,0,0,0,0,0,0
27_003279.wav,train,0,0,0,1,0,0,0,0
27_003306.wav,train,0,0,0,1,0,0,0,0
27_003312.wav,train,0,0,0,0,0,0,1,0
27_003327.wav,train,0,0,0,0,1,0,1,0
27_003338.wav,train,0,0,0,0,0,0,0,0
27_003358.wav,train,1,0,0,0,0,0,1,0
27_003372.wav,train,0,1,0,0,0,0,0,0
27_003375.wav,train,1,0,0,0,0,0,0,0
27_003378.wav,train,0,0,0,1,0,0,0,0
27_003406.wav,train,0,0,0,1,0,0,0,0
27_003437.wav,train,0,0,0,1,0,0,0,0
27_003438.wav,train,0,0,0,0,0,0,0,0
27_003443.wav,train,0,0,0,1,0,0,0,0
27_003446.wav,train,1,0,0,0,0,0,1,0
27_003452.wav,train,0,0,0,0,0,0,1,0
27_003459.wav,train,0,0,0,0,0,0,0,0
27_003474.wav,train,1,0,0,0,0,0,0,0
27_003482.wav,train,0,0,0,1,0,0,1,0
27_003492.wav,train,0,0,0,0,1,0,1,0
27_003529.wav,train,0,0,0,0,0,0,0,0
27_003539.wav,train,0,1,0,0,0,0,0,0
27_003549.wav,train,0,1,0,0,1,0,0,0
27_003554.wav,train,0,1,0,0,0,0,1,0
27_003558.wav,train,0,0,0,0,0,0,1,0
27_003606.wav,train,0,0,0,1,0,0,0,0
27_003634.wav,train,0,0,0,0,0,0,1,0
27_003647.wav,train,0,0,0,0,0,0,1,0
27_003657.wav,train,0,0,0,0,0,0,1,0
27_003661.wav,train,0,0,0,1,0,0,0,0
27_003680.wav,train,0,0,0,0,0,0,0,0
27_003688.wav,train,1,0,0,0,0,0,0,0
27_003708.wav,train,1,1,0,0,0,0,0,0
27_003719.wav,train,1,0,0,0,0,0,0,0
27_003759.wav,train,0,1,0,0,0,0,0,0
27_003791.wav,train,1,0,0,0,0,0,0,0
27_003808.wav,train,0,0,0,0,0,0,1,0
27_003819.wav,train,0,0,0,0,1,0,0,0
27_003909.wav,train,0,0,0,0,0,0,0,0
27_003912.wav,train,0,0,0,0,0,1,1,0
27_003923.wav,train,0,1,0,0,0,0,0,0
27_003970.wav,train,0,0,0,0,0,0,0,0
27_003980.wav,train,0,1,0,0,0,0,0,0
27_003994.wav,train,0,1,0,0,0,0,0,0
27_004015.wav,train,0,0,0,0,0,0,0,0
27_004021.wav,train,1,0,0,0,0,0,0,0
27_004039.wav,train,0,0,0,1,0,0,0,0
27_004049.wav,train,1,0,0,0,0,0,0,0
27_004066.wav,train,1,0,0,0,0,0,1,0
27_004076.wav,train,0,0,0,1,0,0,0,0
27_004086.wav,train,0,0,0,0,0,0,0,0
27_004091.wav,train,0,0,0,0,0,0,1,0
27_004118.wav,train,0,0,0,1,0,0,0,0
27_004132.wav,train,0,0,0,1,0,0,0,0
27_004141.wav,train,1,0,0,0,0,0,0,0
27_004198.wav,train,1,0,0,0,0,0,0,0
27_004199.wav,train,1,0,0,0,0,0,1,0
27_004214.wav,train,1,0,0,0,0,0,0,0
27_004218.wav,train,0,0,0,1,0,0,0,0
27_004249.wav,train,0,0,0,1,0,0,0,0
27_004252.wav,train,0,0,0,0,0,0,1,0
27_004254.wav,train,0,0,0,0,0,0,1,0
27_004255.wav,train,0,0,0,0,0,0,0,0
27_004260.wav,train,0,0,0,0,0,0,1,0
27_004264.wav,train,0,0,0,1,0,0,0,0
27_004276.wav,train,0,0,0,1,0,0,0,0
27_004281.wav,train,0,0,0,0,1,0,0,0
27_004284.wav,train,0,0,0,1,0,0,0,0
27_004287.wav,train,0,0,0,0,0,0,0,0
27_004341.wav,train,0,0,0,0,0,1,1,0
27_004360.wav,train,1,0,0,0,0,0,0,0
27_004403.wav,train,1,0,0,0,0,0,0,0
27_004414.wav,train,0,0,0,1,0,0,0,0
27_004444.wav,train,0,0,0,1,0,0,0,0
27_004447.wav,train,1,0,1,0,0,0,1,0
27_004458.wav,train,0,0,0,0,0,0,0,0
27_004473.wav,train,0,0,0,1,0,0,0,0
27_004481.wav,train,0,0,0,1,0,0,0,0
27_004504.wav,train,0,0,0,0,0,0,1,0
27_004521.wav,train,0,0,0,0,0,0,1,0
27_004536.wav,train,0,0,0,1,0,0,0,0
27_004546.wav,train,0,1,0,0,0,0,0,0
27_004561.wav,train,0,0,0,0,0,0,1,0
27_004588.wav,train,0,0,0,1,0,0,0,0
27_004591.wav,train,0,0,0,1,0,0,0,0
27_004607.wav,train,0,0,0,0,1,0,0,0
27_004608.wav,train,0,0,0,1,0,0,0,0
27_004614.wav,train,0,0,0,0,0,0,0,0
27_004618.wav,train,1,0,0,0,0,0,0,0
27_004633.wav,train,1,0,0,0,0,0,0,0
27_004651.wav,train,0,0,0,0,0,0,1,0
27_004655.wav,train,0,1,0,0,0,0,0,0
27_004707.wav,train,0,0,0,0,0,0,1,0
27_004733.wav,train,1,0,0,0,0,0,0,0
27_004734.wav,train,0,0,0,0,0,0,0,0
27_004753.wav,train,0,1,0,0,0,0,0,0
27_004754.wav,train,0,0,0,1,0,0,0,0
27_004759.wav,train,0,0,0,0,0,0,1,0
27_004764.wav,train,0,0,0,0,0,0,0,0
27_004769.wav,train,0,0,0,0,0,0,0,0
27_004770.wav,train,0,0,0,0,1,0,0,0
27_004773.wav,train,0,0,0,1,0,0,0,0
27_004783.wav,train,0,0,0,0,0,0,0,0
27_004794.wav,train,0,0,0,0,0,0,0,0
27_004802.wav,train,1,0,0,0,1,0,0,0
27_004812.wav,train,0,0,0,0,0,0,0,0
27_004820.wav,train,0,0,0,1,0,0,0,0
27_004834.wav,train,0,0,0,0,0,0,0,0
27_004840.wav,train,0,0,0,1,0,0,0,0
27_004843.wav,train,0,1,0,0,0,0,0,0
27_004873.wav,train,0,0,0,0,0,0,0,0
27_004895.wav,train,0,0,0,0,0,0,1,0
27_004901.wav,train,0,0,0,0,0,0,0,0
27_004934.wav,train,0,0,0,1,0,0,0,0
27_004952.wav,train,0,0,0,0,0,0,1,0
27_004954.wav,train,0,0,0,0,0,0,1,0
27_004958.wav,train,0,0,0,0,0,0,1,0
27_004965.wav,train,0,0,0,0,0,0,1,0
27_004985.wav,train,0,0,1,0,0,0,0,0
27_004987.wav,train,0,0,0,1,0,0,0,0
27_004988.wav,train,0,1,0,0,0,0,0,0
27_004992.wav,train,1,0,0,0,0,0,1,0
27_005002.wav,train,1,0,0,0,0,0,0,0
27_005025.wav,train,0,1,0,0,0,0,0,0
27_005046.wav,train,0,0,0,0,0,0,0,0
27_005071.wav,train,0,0,0,1,0,0,0,0
27_005090.wav,train,0,0,0,1,0,0,0,0
27_005095.wav,train,0,0,0,0,1,0,0,0
27_005103.wav,train,0,1,0,0,0,0,0,0
27_005112.wav,train,0,0,0,1,0,0,0,0
27_005119.wav,train,1,0,0,0,0,0,1,0
27_005147.wav,train,1,0,0,0,0,0,0,0
27_005155.wav,train,0,0,0,0,0,0,0,0
27_005166.wav,train,0,0,0,0,0,0,0,0
27_005172.wav,train,0,0,0,0,0,0,0,0
27_005197.wav,train,0,0,0,0,1,0,0,0
27_005199.wav,train,0,0,0,0,0,0,0,0
27_005200.wav,train,0,0,0,1,0,0,0,0
27_005215.wav,train,0,0,0,0,0,0,0,0
27_005218.wav,train,1,0,0,0,0,0,0,0
27_005229.wav,train,1,0,0,0,0,0,0,0
27_005261.wav,train,0,0,0,0,0,0,1,0
27_005262.wav,train,0,1,0,0,0,0,0,0
27_005281.wav,train,0,0,0,0,0,0,1,0
27_005301.wav,train,0,0,0,1,0,0,0,0
27_005306.wav,train,0,0,0,0,0,0,0,0
27_005312.wav,train,1,0,0,0,0,0,0,0
27_005332.wav,train,0,0,0,0,0,0,1,0
27_005345.wav,train,0,1,0,0,1,0,0,0
27_005347.wav,train,0,0,0,0,0,0,0,0
27_005361.wav,train,0,1,0,0,0,0,0,0
27_005370.wav,train,0,0,0,1,0,0,0,0
27_005380.wav,train,1,0,0,0,0,0,0,0
27_005385.wav,train,0,0,0,0,0,0,0,0
27_005391.wav,train,0,0,0,0,0,0,1,0
27_005393.wav,train,0,0,0,1,0,0,0,0
27_005397.wav,train,0,0,0,0,0,0,0,0
27_005406.wav,train,0,0,0,0,0,0,0,0
27_005422.wav,train,0,0,0,0,0,0,0,0
27_005443.wav,train,0,0,0,1,0,0,0,0
27_005448.wav,train,0,0,0,0,0,0,0,0
27_005450.wav,train,0,0,0,1,0,0,0,0
27_005455.wav,train,1,0,0,0,0,0,1,0
27_005463.wav,train,0,0,0,0,0,1,0,0
27_005473.wav,train,0,0,0,1,0,0,0,0
27_005475.wav,train,1,0,0,0,0,0,0,0
27_005498.wav,train,1,0,0,0,1,0,0,0
27_005500.wav,train,1,0,1,0,0,0,0,0
27_005505.wav,train,0,0,0,1,0,0,0,0
27_005515.wav,train,0,0,0,0,0,0,0,0
27_005533.wav,train,0,0,0,1,0,0,0,0
27_005534.wav,train,0,0,0,0,0,0,1,0
27_005551.wav,train,0,0,0,1,0,0,0,0
27_005562.wav,train,0,0,0,0,0,0,1,0
27_005573.wav,train,0,0,0,0,0,0,0,0
27_005575.wav,train,0,0,0,0,1,0,0,0
27_005584.wav,train,0,0,0,0,0,0,1,0
27_005597.wav,train,0,0,0,1,0,0,0,0
27_005631.wav,train,0,0,0,0,0,0,0,0
27_005640.wav,train,0,0,0,0,0,0,1,0
27_005649.wav,train,0,0,0,0,0,0,1,0
27_005652.wav,train,0,1,0,0,0,0,0,0
27_005669.wav,train,0,0,0,0,0,0,0,0
27_005680.wav,train,0,0,0,0,0,0,0,0
27_005685.wav,train,0,0,0,0,0,0,0,0
27_005695.wav,train,1,0,0,0,0,0,0,0
27_005713.wav,train,0,0,0,0,0,0,0,0
27_005715.wav,train,0,0,0,0,0,0,0,0
27_005721.wav,train,0,1,0,0,0,0,0,0
27_005732.wav,train,0,0,0,1,0,0,0,0
27_005760.wav,train,0,0,0,0,0,0,1,0
27_005764.wav,train,1,0,0,0,0,0,0,0
27_005767.wav,train,1,0,0,0,1,0,0,0
27_005795.wav,train,0,0,0,0,0,0,1,0
27_005823.wav,train,0,0,0,0,0,1,1,0
27_005824.wav,train,0,0,0,1,0,0,1,0
27_005827.wav,train,0,0,0,1,0,0,0,0
27_005838.wav,train,0,0,0,0,0,0,0,0
27_005852.wav,train,0,0,0,1,0,0,0,0
27_005853.wav,train,0,0,0,0,0,0,0,0
27_005857.wav,train,0,0,0,0,0,0,1,0
27_005862.wav,train,0,1,0,0,0,0,0,0
27_005871.wav,train,1,0,0,0,0,0,1,0
27_005889.wav,train,0,0,0,1,0,0,1,0
27_005890.wav,train,0,0,0,0,0,0,1,0
27_005905.wav,train,0,0,0,0,0,0,1,0
27_005916.wav,train,0,0,0,1,0,0,0,0
27_005923.wav,train,0,0,0,0,0,0,0,0
27_005925.wav,train,0,0,0,0,0,0,0,0
27_005926.wav,train,1,0,0,0,0,0,0,0
27_005935.wav,train,1,0,0,0,0,0,0,0
27_005969.wav,train,0,0,0,0,0,1,1,0
27_005977.wav,train,0,0,0,0,0,0,0,0
27_005990.wav,train,0,0,1,0,0,0,0,0
27_005995.wav,train,0,0,0,0,0,0,1,0
27_006015.wav,train,0,0,0,0,1,0,0,0
27_006020.wav,train,0,1,0,0,0,0,0,0
27_006046.wav,train,0,0,0,0,0,0,0,0
27_006047.wav,train,0,0,0,0,0,0,1,0
27_006048.wav,train,0,0,0,0,1,0,0,0
27_006050.wav,train,1,0,0,0,0,0,0,0
27_006059.wav,train,0,0,0,0,0,0,0,0
27_006060.wav,train,0,0,0,0,0,0,1,0
27_006075.wav,train,0,0,0,1,0,0,0,0
27_006076.wav,train,0,1,0,0,0,0,0,0
27_006102.wav,train,0,0,0,1,0,0,0,0
27_006122.wav,train,1,0,0,0,0,0,0,0
27_006127.wav,train,1,0,0,0,0,0,0,0
27_006129.wav,train,0,0,0,0,0,0,0,0
27_006145.wav,train,0,1,0,0,0,0,0,0
27_006146.wav,train,0,0,0,1,0,0,0,0
27_006173.wav,train,0,0,0,1,0,0,0,0
27_006181.wav,train,1,0,0,0,0,0,1,0
27_006199.wav,train,0,0,0,0,0,0,0,0
27_006205.wav,train,1,0,0,0,0,0,0,0
27_006210.wav,train,0,0,0,1,0,0,0,0
27_006212.wav,train,0,0,0,0,0,0,0,0
27_006265.wav,train,0,0,0,1,0,0,0,0
27_006267.wav,train,0,1,0,0,0,0,0,0
27_006271.wav,train,0,0,0,0,0,0,1,0
27_006273.wav,train,0,0,0,0,0,0,1,0
27_006277.wav,train,0,0,0,0,0,0,0,0
27_006297.wav,train,0,0,0,0,0,0,1,0
27_006320.wav,train,0,0,0,1,0,0,0,0
27_006325.wav,train,0,0,0,0,0,0,0,0
27_006333.wav,train,0,0,1,0,1,0,1,0
27_006363.wav,train,1,0,0,0,0,0,0,0
27_006373.wav,train,0,0,0,0,1,0,0,0
27_006382.wav,train,0,0,0,1,0,0,0,0
27_006395.wav,train,0,0,0,0,0,0,1,0
27_006396.wav,train,0,0,0,0,1,0,1,0
27_006397.wav,train,0,0,0,0,0,1,1,0
27_006416.wav,train,0,0,0,0,0,0,0,0
27_006424.wav,train,0,0,0,1,0,0,0,0
27_006426.wav,train,0,0,0,0,0,0,1,0
27_006427.wav,train,0,0,0,0,0,0,1,0
27_006432.wav,train,1,0,0,0,0,0,0,0
27_006436.wav,train,0,1,0,0,0,0,0,0
27_006458.wav,train,0,0,0,0,0,0,1,0
27_006460.wav,train,0,1,0,0,0,0,0,0
27_006472.wav,train,0,0,0,0,0,0,1,0
27_006474.wav,train,0,0,0,0,0,0,0,0
27_006483.wav,train,0,0,0,0,0,0,0,0
27_006488.wav,train,0,0,0,0,0,0,0,0
27_006500.wav,train,0,0,0,0,0,0,1,0
27_006506.wav,train,0,0,0,1,0,0,0,0
27_006513.wav,train,0,0,0,0,0,0,1,0
27_006515.wav,train,0,1,0,0,1,0,0,0
27_006530.wav,train,1,0,0,0,0,0,0,0
27_006550.wav,train,0,0,0,1,0,0,0,0
27_006576.wav,train,0,0,0,0,0,0,1,0
27_006614.wav,train,0,0,0,1,0,0,0,0
27_006631.wav,train,0,0,0,1,0,0,0,0
27_006649.wav,train,0,0,0,1,0,0,0,0
27_006665.wav,train,0,0,0,1,0,0,0,0
27_006670.wav,train,1,0,0,0,0,0,0,0
27_006671.wav,train,0,0,0,1,0,0,0,0
27_006672.wav,train,0,0,0,0,0,0,1,0
27_006676.wav,train,0,0,0,0,0,0,1,0
27_006692.wav,train,1,0,0,0,0,0,0,0
27_006713.wav,train,0,0,0,0,0,0,1,0
27_006718.wav,train,0,0,0,0,0,0,0,0
27_006728.wav,train,0,0,0,0,0,0,0,0
27_006731.wav,train,0,0,0,0,0,1,1,0
27_006756.wav,train,1,1,0,0,1,0,0,0
27_006757.wav,train,0,0,0,0,1,0,1,0
27_006816.wav,train,1,0,0,0,0,0,0,0
27_006817.wav,train,0,0,0,0,0,0,1,0
27_006818.wav,train,1,0,0,0,1,0,1,0
27_006828.wav,train,0,0,0,0,0,0,1,0
27_006831.wav,train,0,0,0,1,0,0,0,0
27_006833.wav,train,0,0,0,0,1,0,0,0
27_006840.wav,train,0,1,0,0,0,0,0,0
27_006847.wav,train,0,0,0,0,0,0,0,0
27_006853.wav,train,0,0,0,1,0,0,0,0
27_006854.wav,train,0,0,0,0,0,0,0,0
27_006856.wav,train,0,0,0,0,0,0,0,0
27_006869.wav,train,0,0,0,0,1,0,0,0
27_006892.wav,train,1,1,0,0,0,0,0,0
27_006918.wav,train,0,0,0,0,0,0,1,0
27_006959.wav,train,0,0,0,0,1,0,1,0
27_006964.wav,train,0,0,0,1,0,0,0,0
27_006969.wav,train,0,0,0,1,0,0,0,0
27_006977.wav,train,0,0,0,0,0,0,1,0
27_006985.wav,train,0,0,0,1,0,0,0,0
27_006990.wav,train,0,1,0,0,0,0,0,0
27_006994.wav,train,0,0,0,0,0,0,1,0
27_007021.wav,train,0,0,0,0,0,0,1,0
27_007024.wav,train,0,0,0,0,0,0,0,0
27_007043.wav,train,0,0,0,1,0,0,0,0
27_007045.wav,train,0,0,0,0,0,0,0,0
27_007065.wav,train,1,0,0,0,1,0,0,0
27_007078.wav,train,0,1,0,0,0,0,0,0
27_007085.wav,train,0,1,0,0,0,0,0,0
27_007106.wav,train,0,0,0,0,0,0,1,0
27_007108.wav,train,0,0,0,0,0,0,0,0
27_007114.wav,train,1,0,0,0,0,0,0,0
27_007134.wav,train,0,0,0,0,0,0,1,0
27_007145.wav,train,0,0,0,0,0,0,0,0
27_007155.wav,train,0,0,0,0,0,0,1,0
27_007175.wav,train,0,0,0,1,0,0,0,0
27_007177.wav,train,0,0,0,0,0,0,1,0
27_007183.wav,train,1,0,0,0,0,0,0,0
27_007200.wav,train,0,0,0,0,0,0,0,0
27_007201.wav,train,0,0,0,1,0,0,0,0
27_007202.wav,train,0,0,0,0,0,0,0,0
27_007225.wav,train,1,0,0,0,0,0,1,0
27_007229.wav,train,0,0,0,0,0,0,1,0
27_007231.wav,train,0,0,0,1,0,0,0,0
27_007247.wav,train,0,0,0,1,0,0,0,0
27_007253.wav,train,0,0,0,1,0,0,0,0
27_007259.wav,train,0,1,0,0,0,0,0,0
27_007260.wav,train,0,0,0,0,0,1,1,0
27_007261.wav,train,0,0,0,0,0,0,1,0
27_007268.wav,train,0,0,0,0,0,0,1,0
27_007269.wav,train,0,0,0,0,0,0,1,0
27_007281.wav,train,1,0,0,0,0,0,0,0
27_007306.wav,train,0,0,0,0,0,0,0,0
27_007312.wav,train,0,0,0,0,0,0,0,0
27_007317.wav,train,0,1,0,0,0,0,0,0
27_007327.wav,train,0,0,0,0,0,0,1,0
27_007331.wav,train,0,0,0,0,0,0,1,0
27_007362.wav,train,0,0,0,0,0,0,1,0
27_007363.wav,train,0,0,0,1,0,0,0,0
27_007375.wav,train,0,0,0,0,0,0,0,0
27_007380.wav,train,0,0,0,0,0,0,1,0
27_007381.wav,train,0,0,0,1,0,0,1,0
27_007384.wav,train,0,0,0,1,0,0,0,0
27_007388.wav,train,1,0,0,0,0,0,0,0
27_007425.wav,train,0,0,0,0,0,0,1,0
27_007432.wav,train,0,0,0,0,0,0,1,0
27_007435.wav,train,0,0,0,0,0,0,0,0
27_007436.wav,train,0,0,0,1,0,0,0,0
27_007459.wav,train,0,0,0,0,0,0,1,0
27_007466.wav,train,0,0,0,1,0,0,0,0
27_007486.wav,train,0,0,0,0,0,0,0,0
27_007501.wav,train,0,0,0,0,0,0,0,0
27_007513.wav,train,1,0,0,0,0,0,0,0
27_007523.wav,train,0,0,0,1,0,0,0,0
27_007533.wav,train,0,0,0,0,0,0,1,0
27_007537.wav,train,0,1,0,0,0,0,1,0
27_007546.wav,train,0,0,0,0,1,0,0,0
27_007551.wav,train,0,0,0,1,0,0,0,0
27_007560.wav,train,0,0,0,1,0,0,0,0
27_007583.wav,train,0,0,0,0,0,0,0,0
27_007585.wav,train,0,0,0,1,0,0,0,0
27_007590.wav,train,0,0,0,0,0,0,1,0
27_007609.wav,train,0,0,0,0,0,0,0,1
27_007617.wav,train,0,0,0,0,1,0,1,0
27_007621.wav,train,1,0,0,0,0,0,0,0
27_007623.wav,train,0,0,0,0,0,0,0,0
27_007638.wav,train,0,0,0,0,0,0,0,0
27_007662.wav,train,0,1,0,0,0,0,0,0
27_007672.wav,train,0,0,0,0,1,0,0,0
27_007678.wav,train,1,0,0,0,1,0,0,0
27_007688.wav,train,0,0,0,1,0,0,0,0
27_007699.wav,train,1,0,0,0,0,0,0,0
27_007703.wav,train,0,1,0,1,0,0,0,0
27_007728.wav,train,0,0,0,0,0,0,1,0
27_007730.wav,train,0,0,0,1,0,0,0,0
27_007740.wav,train,1,0,0,0,0,0,0,0
27_007743.wav,train,0,0,0,1,0,0,0,0
27_007744.wav,train,0,0,0,0,0,0,0,0
27_007746.wav,train,0,0,1,0,0,0,0,0
27_007752.wav,train,0,0,0,0,0,0,0,0
27_007757.wav,train,0,0,0,0,0,0,1,0
27_007761.wav,train,1,0,0,0,0,0,0,0
27_007775.wav,train,0,0,0,1,0,0,0,0
27_007776.wav,train,0,0,0,0,0,0,0,0
27_007800.wav,train,1,0,0,0,0,0,0,0
27_007817.wav,train,1,0,0,0,0,0,0,0
27_007822.wav,train,0,1,0,0,0,0,0,0
27_007823.wav,train,0,0,0,0,0,0,0,0
27_007834.wav,train,0,1,0,0,0,0,0,0
27_007842.wav,train,0,0,0,0,0,0,1,0
27_007858.wav,train,0,0,0,0,0,1,0,0
27_007880.wav,train,0,1,0,0,0,0,0,0
27_007900.wav,train,0,0,0,0,1,0,0,0
27_007903.wav,train,0,0,0,0,0,0,0,0
27_007919.wav,train,0,0,0,1,0,0,0,0
27_007939.wav,train,0,0,0,0,0,0,0,0
27_007941.wav,train,0,0,0,0,0,0,0,0
27_007972.wav,train,0,0,0,1,0,0,0,0
27_007978.wav,train,0,0,0,1,0,0,0,0
27_007988.wav,train,0,1,0,0,0,0,0,0
27_007990.wav,train,0,1,0,0,0,0,0,0
27_008018.wav,train,0,0,0,0,0,0,0,0
27_008020.wav,train,0,0,0,0,0,0,0,0
27_008022.wav,train,0,0,0,0,0,0,0,0
27_008056.wav,train,0,0,0,0,0,1,1,0
27_008079.wav,train,0,0,0,1,0,0,0,0
27_008083.wav,train,0,0,0,0,0,0,1,0
27_008085.wav,train,0,0,0,0,0,0,1,0
27_008089.wav,train,0,0,0,0,0,1,0,0
27_008090.wav,train,0,0,0,0,0,0,1,0
27_008095.wav,train,0,0,0,0,0,0,0,0
27_008100.wav,train,0,0,0,1,0,0,0,0
27_008103.wav,train,1,0,0,0,0,0,0,0
27_008111.wav,train,0,0,0,1,0,0,0,0
27_008115.wav,train,0,1,1,0,0,0,0,0
27_008117.wav,train,0,0,0,1,0,0,0,0
27_008124.wav,train,0,0,0,1,0,0,0,0
27_008163.wav,train,0,0,0,1,0,0,0,0
27_008187.wav,train,0,0,0,1,0,0,0,0
27_008203.wav,train,0,0,0,1,0,0,0,0
27_008217.wav,train,0,0,0,1,0,0,0,0
27_008230.wav,train,0,0,0,0,0,0,0,0
27_008237.wav,train,0,0,0,0,0,0,0,0
27_008250.wav,train,0,0,0,0,0,0,0,0
27_008257.wav,train,1,0,0,0,0,0,0,0
27_008261.wav,train,0,0,0,0,0,0,0,0
27_008263.wav,train,0,0,0,1,0,0,1,0
27_008264.wav,train,0,0,0,1,0,0,0,0
27_008288.wav,train,0,0,0,1,0,0,0,0
27_008290.wav,train,0,0,0,1,0,0,0,0
27_008306.wav,train,0,0,0,0,0,0,0,0
27_008310.wav,train,0,0,0,0,0,0,0,0
27_008322.wav,train,0,0,0,1,0,0,0,0
27_008323.wav,train,0,0,0,0,0,0,0,0
27_008332.wav,train,0,0,0,0,1,0,1,0
27_008333.wav,train,0,1,0,0,0,0,0,0
27_008339.wav,train,0,0,0,0,0,0,1,0
27_008373.wav,train,0,0,0,0,0,0,1,0
27_008378.wav,train,1,0,0,0,0,0,0,0
27_008380.wav,train,1,0,0,0,0,0,0,0
27_008421.wav,train,0,0,0,1,0,0,0,0
27_008424.wav,train,0,0,0,0,0,0,0,0
27_008437.wav,train,0,1,0,0,0,0,0,0
27_008438.wav,train,0,0,0,0,1,0,0,0
27_008439.wav,train,0,0,0,1,0,0,0,0
27_008450.wav,train,0,0,0,0,0,0,0,0
27_008463.wav,train,0,0,0,0,0,0,1,0
27_008468.wav,train,0,0,0,1,0,0,0,0
27_008473.wav,train,0,0,0,1,0,0,0,0
27_008481.wav,train,0,0,0,0,0,0,1,0
27_008486.wav,train,0,0,0,1,0,0,0,0
27_008490.wav,train,0,0,0,0,0,0,1,0
27_008501.wav,train,0,0,0,0,0,0,0,0
27_008502.wav,train,0,0,0,0,0,0,1,0
27_008503.wav,train,0,1,0,0,0,0,1,0
27_008517.wav,train,0,0,0,0,0,0,1,0
27_008521.wav,train,0,0,0,0,0,0,1,0
27_008523.wav,train,0,0,0,0,0,0,1,0
27_008526.wav,train,0,0,0,1,0,0,0,0
27_008531.wav,train,0,0,0,1,0,0,0,0
27_008559.wav,train,1,0,0,0,0,0,0,0
27_008560.wav,train,0,0,0,0,0,0,1,0
27_008563.wav,train,1,0,0,0,1,0,0,0
27_008578.wav,train,0,0,0,0,0,0,1,0
27_008619.wav,train,0,1,0,0,0,0,0,0
27_008631.wav,train,0,0,0,1,0,0,0,0
27_008637.wav,train,0,1,0,0,0,0,0,0
27_008672.wav,train,0,0,0,0,0,0,0,0
27_008678.wav,train,0,0,0,1,0,0,0,0
27_008691.wav,train,0,0,0,0,0,0,0,0
27_008716.wav,train,0,0,0,0,0,0,1,0
27_008720.wav,train,1,0,0,0,1,0,0,0
27_008728.wav,train,0,0,0,0,0,0,0,0
27_008732.wav,train,0,0,0,0,0,0,1,0
27_008744.wav,train,1,0,0,0,1,0,0,0
27_008747.wav,train,0,0,0,1,0,0,0,0
27_008758.wav,train,0,1,0,0,0,0,0,0
27_008764.wav,train,0,0,0,0,0,0,1,0
27_008767.wav,train,0,0,0,0,0,0,1,0
27_008768.wav,train,0,0,0,1,0,0,0,0
27_008776.wav,train,0,0,0,1,0,0,0,0
27_008780.wav,train,0,0,0,0,1,0,0,0
27_008792.wav,train,0,0,0,1,0,0,0,0
27_008808.wav,train,0,1,0,0,0,0,0,0
27_008811.wav,train,0,1,0,0,0,0,0,0
27_008828.wav,train,0,0,0,0,0,0,1,0
27_008836.wav,train,0,0,0,0,0,0,1,0
27_008840.wav,train,0,0,0,0,0,0,0,0
27_008845.wav,train,0,0,0,0,0,0,0,0
27_008847.wav,train,0,0,0,1,0,0,0,0
27_008850.wav,train,0,0,0,0,1,0,0,0
27_008860.wav,train,0,0,0,0,0,0,1,0
27_008871.wav,train,0,0,0,0,0,0,0,0
27_008881.wav,train,0,1,0,0,0,0,0,0
27_008887.wav,train,0,0,0,0,0,0,0,0
27_008889.wav,train,0,0,0,0,0,0,0,0
27_008902.wav,train,0,0,0,0,0,0,0,0
27_008928.wav,train,1,0,0,0,0,0,0,0
27_008937.wav,train,0,0,0,0,0,0,1,0
27_008939.wav,train,0,0,0,0,0,0,1,0
27_008962.wav,train,0,0,0,1,0,0,0,0
27_008969.wav,train,1,0,0,0,0,0,0,0
27_008977.wav,train,0,0,0,0,1,0,1,0
27_009008.wav,train,0,0,0,0,0,0,0,0
27_009011.wav,train,0,0,0,0,0,0,0,0
27_009037.wav,train,1,0,0,0,0,0,0,0
27_009041.wav,train,0,0,0,0,0,1,1,0
27_009044.wav,train,0,0,0,0,0,0,0,0
27_009048.wav,train,1,0,0,0,0,0,0,0
27_009050.wav,train,0,0,0,0,0,1,0,0
27_009055.wav,train,0,0,0,1,0,0,0,0
27_009091.wav,train,0,0,0,0,0,0,1,0
27_009097.wav,train,1,0,0,0,0,0,1,0
27_010248.wav,train,1,0,0,0,0,0,0,0
27_010250.wav,train,0,0,0,0,0,0,1,0
27_010260.wav,train,0,0,0,0,0,0,1,0
27_010277.wav,train,0,0,0,0,0,0,0,0
27_010283.wav,train,0,0,0,0,0,0,1,0
27_010286.wav,train,0,0,0,0,0,0,0,0
27_010291.wav,train,0,0,0,0,0,0,1,0
27_010321.wav,train,0,0,0,0,0,0,1,0
27_010360.wav,train,1,0,0,0,0,0,1,0
27_010391.wav,train,1,0,0,0,0,0,1,0
27_010392.wav,train,1,0,1,0,0,0,1,0
27_010460.wav,train,0,0,0,0,0,0,1,0
27_010498.wav,train,1,0,0,0,0,0,0,0
27_010536.wav,train,0,0,0,0,0,0,1,0
27_010646.wav,train,0,0,0,0,1,0,1,0
27_010667.wav,train,0,0,0,0,0,0,1,0
27_010668.wav,train,0,0,0,0,1,0,1,0
27_010671.wav,train,0,0,0,0,1,0,0,0
27_010705.wav,train,0,0,0,0,0,0,0,0
27_010711.wav,train,1,0,0,0,0,0,0,0
27_010712.wav,train,1,0,0,0,0,0,0,0
27_010757.wav,train,0,0,0,0,0,0,0,0
27_010821.wav,train,0,0,0,0,0,0,0,0
27_010837.wav,train,0,0,0,0,0,0,1,0
27_010841.wav,train,0,1,0,0,0,0,0,0
27_010862.wav,train,0,0,0,0,0,0,1,0
27_010863.wav,train,0,0,0,0,0,0,0,0
27_010907.wav,train,1,0,0,0,0,0,1,0
27_010910.wav,train,1,0,0,0,0,0,0,0
27_010915.wav,train,1,0,0,0,0,0,0,0
27_010932.wav,train,0,0,0,0,0,1,1,0
27_010942.wav,train,1,0,0,0,0,0,0,0
27_010971.wav,train,0,0,0,0,1,0,1,0
27_010994.wav,train,0,0,0,0,0,0,1,0
27_010999.wav,train,1,0,0,0,0,0,0,0
27_011009.wav,train,0,0,0,0,0,1,0,0
27_011049.wav,train,0,0,0,0,0,0,0,0
27_011110.wav,train,1,0,0,0,0,0,0,0
27_011123.wav,train,0,0,0,0,0,0,1,0
27_011128.wav,train,0,0,0,0,0,0,1,0
27_011171.wav,train,0,0,0,0,0,0,0,0
27_011183.wav,train,0,1,0,0,0,0,0,0
27_011192.wav,train,0,0,0,0,0,0,0,0
27_011237.wav,train,0,0,0,0,0,0,1,0
27_011260.wav,train,0,0,0,0,0,0,0,0
27_011309.wav,train,0,0,0,0,0,0,1,0
27_011464.wav,train,0,0,0,0,1,0,1,0
27_011524.wav,train,1,0,0,0,0,0,1,0
27_011554.wav,train,1,0,0,0,0,0,0,0
27_011565.wav,train,0,1,0,0,0,0,0,0
27_011573.wav,train,0,0,0,0,0,0,1,0
27_011578.wav,train,0,0,0,0,0,0,1,0
27_011621.wav,train,0,0,0,0,0,0,1,0
27_011639.wav,train,0,0,0,0,0,0,0,0
27_011657.wav,train,0,0,0,0,0,0,0,0
27_011693.wav,train,1,0,0,0,0,0,0,0
27_011711.wav,train,0,0,0,0,0,0,1,0
27_011713.wav,train,0,0,0,0,0,0,0,1
27_011724.wav,train,0,0,0,0,0,0,0,0
27_011759.wav,train,0,0,0,0,0,0,1,0
27_011763.wav,train,0,0,0,0,0,0,0,0
27_011766.wav,train,0,0,0,0,0,0,0,0
27_011778.wav,train,0,0,0,0,0,0,1,0
27_011792.wav,train,0,0,0,0,0,0,1,0
27_011806.wav,train,0,0,0,0,0,0,1,0
27_011816.wav,train,1,0,0,0,0,0,1,0
27_011824.wav,train,0,0,0,0,0,0,0,0
27_011882.wav,train,0,0,0,0,0,0,1,0
27_011918.wav,train,0,0,0,0,0,0,0,0
27_011930.wav,train,0,0,0,0,0,0,0,0
27_011936.wav,train,1,0,0,0,0,0,0,0
27_011951.wav,train,0,1,0,0,0,0,1,0
27_011969.wav,train,0,0,0,0,0,0,0,0
27_011971.wav,train,0,0,0,0,0,0,1,0
27_012027.wav,train,0,0,0,0,0,1,1,0
27_012033.wav,train,1,0,0,0,0,0,0,0
27_012057.wav,train,0,1,0,0,0,0,0,0
27_012149.wav,train,0,0,0,0,0,0,1,0
27_012172.wav,train,0,0,0,0,0,0,1,0
27_012220.wav,train,0,0,0,0,0,0,0,0
27_012392.wav,train,1,0,0,0,0,0,1,0
27_012430.wav,train,0,0,0,0,0,0,0,0
27_012437.wav,train,0,0,0,0,0,1,0,0
27_012444.wav,train,0,0,0,0,0,0,0,0
27_012458.wav,train,0,0,0,0,0,0,0,0
27_012480.wav,train,0,0,0,0,0,0,0,0
27_012543.wav,train,0,0,0,0,1,0,1,0
27_012546.wav,train,0,0,0,0,0,1,1,0
27_012560.wav,train,0,0,0,0,0,0,1,0
27_012600.wav,train,0,0,0,0,0,0,0,0
27_012608.wav,train,0,0,0,0,0,0,0,0
27_012632.wav,train,0,0,0,0,0,0,1,0
27_012651.wav,train,1,0,0,0,0,0,0,0
27_012667.wav,train,0,0,0,0,1,0,0,0
27_012680.wav,train,0,0,0,0,0,0,0,0
27_012681.wav,train,0,0,0,0,0,0,1,0
27_012731.wav,train,0,0,0,0,0,0,1,0
27_012775.wav,train,0,0,0,0,0,0,1,0
27_012789.wav,train,0,0,0,0,0,0,1,0
27_012801.wav,train,0,0,0,0,0,0,0,0
27_012809.wav,train,0,0,0,0,0,0,1,0
27_012837.wav,train,0,0,0,0,0,0,0,0
27_012916.wav,train,0,0,0,0,0,0,0,0
27_012927.wav,train,0,0,0,0,0,0,0,0
27_012940.wav,train,0,1,0,0,0,0,0,0
27_012955.wav,train,0,0,0,0,0,0,1,0
27_012957.wav,train,0,0,0,0,0,0,1,0
27_012961.wav,train,0,0,0,0,0,0,1,0
27_012965.wav,train,0,1,0,0,0,0,0,0
27_012987.wav,train,0,0,0,0,1,0,0,0
27_013030.wav,train,0,0,0,0,0,0,0,0
27_013036.wav,train,0,0,0,0,0,0,0,0
27_013051.wav,train,0,0,0,0,0,0,0,0
27_013130.wav,train,0,1,0,0,0,0,0,0
27_013142.wav,train,0,0,0,0,0,0,0,0
27_013180.wav,train,0,0,0,0,0,0,0,0
27_013214.wav,train,1,0,0,0,0,0,0,0
27_013227.wav,train,0,0,0,0,0,0,1,0
27_013288.wav,train,0,0,0,0,0,0,0,0
27_013318.wav,train,1,0,0,0,0,0,0,0
27_013325.wav,train,0,1,0,0,0,0,0,0
27_013337.wav,train,0,0,0,0,0,0,1,0
27_013348.wav,train,0,0,0,0,0,0,0,0
27_013387.wav,train,0,0,0,0,0,0,0,0
27_013398.wav,train,0,0,0,0,0,0,1,0
27_013410.wav,train,0,0,0,0,1,0,0,0
27_013414.wav,train,0,0,0,0,0,0,0,0
27_013430.wav,train,1,0,0,0,0,0,0,0
27_013455.wav,train,0,0,0,0,0,0,1,0
27_013541.wav,train,0,0,0,0,1,0,0,0
27_013546.wav,train,1,0,0,0,0,0,1,0
27_013566.wav,train,0,0,0,0,0,0,1,0
27_013593.wav,train,0,0,0,0,0,0,0,0
27_013616.wav,train,0,0,0,0,0,0,0,0
27_013639.wav,train,0,0,0,0,1,0,1,0
27_013720.wav,train,0,0,0,0,0,0,1,0
27_016293.wav,train,0,1,0,0,0,0,0,0
27_016301.wav,train,0,1,0,0,0,0,0,0
27_016342.wav,train,1,0,0,0,1,0,0,0
27_016398.wav,train,1,0,0,0,0,0,0,0
27_016400.wav,train,1,0,0,0,0,0,0,0
27_016451.wav,train,0,0,0,0,1,0,0,0
27_016528.wav,train,1,0,0,0,0,1,1,0
27_016536.wav,train,0,0,0,0,0,0,0,0
27_016541.wav,train,0,0,0,0,1,0,1,0
27_016544.wav,train,0,0,0,0,0,0,0,0
27_016546.wav,train,0,0,0,0,1,0,1,0
27_016573.wav,train,0,0,0,0,0,0,1,0
27_016587.wav,train,0,0,0,0,0,1,0,0
27_016588.wav,train,0,0,0,0,0,1,0,0
27_016591.wav,train,0,0,0,0,0,0,1,0
27_016611.wav,train,1,0,0,0,0,0,0,0
27_016639.wav,train,0,0,1,0,0,0,0,0
27_016643.wav,train,0,0,0,0,1,0,0,0
27_016676.wav,train,1,0,0,0,1,0,1,0
27_016685.wav,train,1,0,0,0,0,0,1,0
27_016722.wav,train,0,0,0,0,0,0,1,0
27_016753.wav,train,0,0,0,0,0,0,0,0
27_016758.wav,train,0,0,0,0,0,0,0,0
27_016773.wav,train,0,0,0,0,0,0,1,0
27_016776.wav,train,0,0,0,0,0,0,1,0
27_016811.wav,train,0,0,0,0,0,0,0,0
27_016836.wav,train,0,0,0,0,1,0,0,0
27_016846.wav,train,0,0,0,0,1,0,0,0
27_016852.wav,train,0,0,0,1,0,0,0,0
27_016858.wav,train,0,0,0,0,0,0,0,0
27_016891.wav,train,0,0,0,0,0,0,0,0
27_016898.wav,train,0,0,0,0,0,0,0,0
27_016918.wav,train,1,0,0,0,0,0,1,0
27_016923.wav,train,0,0,0,0,0,0,0,0
27_016954.wav,train,1,0,0,0,1,0,0,0
27_016965.wav,train,0,0,0,0,0,0,0,0
27_016997.wav,train,0,0,0,0,0,1,0,0
27_017011.wav,train,0,0,0,0,0,0,0,0
27_017039.wav,train,0,0,0,0,0,1,0,0
27_017068.wav,train,0,0,0,0,0,0,1,0
27_017075.wav,train,1,0,0,0,1,0,0,0
27_017099.wav,train,0,0,0,1,0,0,0,0
27_017115.wav,train,1,0,0,0,0,0,0,0
27_017129.wav,train,0,0,0,1,0,0,0,0
27_017145.wav,train,0,0,0,0,0,0,1,0
27_017158.wav,train,0,0,0,1,0,0,1,0
27_017179.wav,train,1,0,0,0,0,1,0,0
27_017191.wav,train,0,1,0,0,0,0,1,0
27_017217.wav,train,0,1,0,0,0,0,1,0
27_017226.wav,train,0,0,0,0,1,0,1,0
27_017232.wav,train,0,0,0,0,0,1,1,0
27_017239.wav,train,1,0,0,0,0,0,1,0
27_017262.wav,train,0,0,0,1,0,0,0,0
27_017279.wav,train,0,0,0,0,0,0,0,0
27_017304.wav,train,0,1,0,0,0,0,1,0
27_017322.wav,train,0,0,0,0,0,0,0,0
27_017355.wav,train,0,0,0,0,0,0,0,0
27_017408.wav,train,1,0,0,0,0,0,0,0
27_017410.wav,train,0,0,0,0,0,0,1,0
27_017421.wav,train,0,0,0,0,1,0,0,0
27_017494.wav,train,0,0,0,0,0,0,0,0
27_017500.wav,train,0,0,0,0,1,0,1,0
27_017522.wav,train,0,0,0,0,0,0,0,0
27_017525.wav,train,0,0,0,0,0,0,0,0
27_017553.wav,train,0,0,0,0,0,0,0,0
27_017616.wav,train,0,0,0,0,1,0,0,0
27_017617.wav,train,0,0,0,0,0,0,0,0
27_017624.wav,train,0,1,0,0,0,0,0,0
27_017629.wav,train,0,0,0,0,0,0,1,0
27_017639.wav,train,1,0,0,0,0,0,0,0
27_017640.wav,train,0,0,0,0,0,0,1,0
27_017645.wav,train,1,0,0,0,0,0,1,0
27_017656.wav,train,0,0,0,0,0,1,1,0
27_017668.wav,train,1,0,0,0,0,0,0,0
27_017718.wav,train,0,0,0,0,1,0,0,0
27_017746.wav,train,0,0,0,0,0,0,1,0
27_017775.wav,train,1,0,0,0,0,0,0,0
27_017782.wav,train,0,0,0,0,0,0,0,0
27_017797.wav,train,0,0,0,0,0,0,0,0
27_017819.wav,train,0,0,0,0,0,1,0,0
27_017850.wav,train,0,0,0,0,0,0,0,0
27_017872.wav,train,0,1,0,0,0,0,0,0
27_017899.wav,train,1,0,0,0,0,0,0,0
27_017909.wav,train,0,1,0,0,0,0,0,0
27_017910.wav,train,1,0,0,0,0,0,0,0
27_017918.wav,train,0,0,0,0,0,0,0,0
27_017923.wav,train,0,1,0,0,0,0,0,0
27_017943.wav,train,0,1,0,1,0,0,0,0
27_017947.wav,train,1,0,0,0,0,0,0,0
27_017985.wav,train,0,1,0,0,0,0,0,0
27_017989.wav,train,1,0,0,0,1,0,0,0
27_018016.wav,train,0,0,0,0,0,0,1,0
27_018031.wav,train,0,0,0,0,0,1,0,0
27_018047.wav,train,1,0,0,0,1,0,1,0
27_018050.wav,train,1,0,0,0,0,0,1,0
27_018055.wav,train,0,0,0,0,0,0,0,0
27_018063.wav,train,0,0,0,1,0,0,0,0
27_018076.wav,train,0,0,0,0,0,0,0,0
27_018079.wav,train,0,0,0,0,0,1,0,0
27_018086.wav,train,0,0,0,0,0,0,0,0
27_018097.wav,train,0,0,0,0,0,1,1,0
27_018131.wav,train,0,0,0,0,0,1,0,0
27_018139.wav,train,0,0,0,1,0,0,0,0
27_018166.wav,train,0,0,0,0,0,0,0,0
27_018171.wav,train,0,0,0,0,0,1,1,0
27_018174.wav,train,1,0,0,0,0,0,0,0
27_018210.wav,train,0,0,0,0,0,1,0,0
27_018217.wav,train,0,0,0,0,0,0,1,0
27_018236.wav,train,0,0,0,0,0,0,1,0
27_018257.wav,train,0,1,0,0,0,0,0,0
27_018269.wav,train,0,0,0,0,0,0,1,0
27_018292.wav,train,0,0,0,0,0,0,0,0
27_018294.wav,train,0,0,0,0,0,0,1,0
27_018308.wav,train,1,0,0,0,0,0,1,0
27_018331.wav,train,0,1,0,0,0,0,0,0
27_018343.wav,train,0,0,0,0,0,0,1,0
27_018353.wav,train,0,0,0,0,0,0,1,0
27_018357.wav,train,0,0,0,0,0,0,1,0
27_018397.wav,train,0,0,0,0,1,0,1,0
27_018402.wav,train,0,0,0,0,1,0,1,0
27_018403.wav,train,0,0,0,0,0,0,0,0
27_018408.wav,train,0,0,0,0,0,1,1,0
27_018434.wav,train,1,0,0,1,0,0,0,0
27_018456.wav,train,0,0,0,0,1,0,0,0
27_018464.wav,train,0,0,0,0,1,0,1,0
27_018473.wav,train,0,0,0,0,0,0,0,0
27_018478.wav,train,0,0,0,0,0,0,0,0
27_018492.wav,train,0,0,0,0,1,0,1,0
27_018521.wav,train,0,0,0,0,0,0,0,0
27_018522.wav,train,0,0,0,0,0,0,0,0
27_018536.wav,train,0,0,0,0,0,0,0,0
27_018545.wav,train,0,0,0,0,0,0,0,0
27_018546.wav,train,0,0,0,0,0,0,1,0
27_018584.wav,train,0,0,0,0,0,0,0,0
27_018632.wav,train,0,1,0,0,0,0,0,0
27_018643.wav,train,0,0,0,0,0,0,0,0
27_018660.wav,train,0,0,0,0,0,0,1,0
27_018672.wav,train,0,0,0,0,0,1,1,0
27_018730.wav,train,0,0,0,1,0,0,0,0
27_018745.wav,train,0,0,0,0,0,0,0,0
27_018752.wav,train,0,0,0,0,0,0,0,0
27_018754.wav,train,0,0,0,0,1,0,0,0
27_018774.wav,train,0,0,0,0,0,0,0,0
27_018800.wav,train,1,0,0,0,0,1,0,0
27_018816.wav,train,0,0,0,0,0,0,0,0
27_018836.wav,train,0,0,0,0,1,0,1,0
27_018863.wav,train,0,0,0,0,0,0,0,0
27_018942.wav,train,0,0,0,0,0,0,0,0
27_018960.wav,train,0,0,0,0,0,0,0,0
27_018978.wav,train,0,0,0,0,0,0,1,0
27_018992.wav,train,0,0,0,1,0,0,0,0
27_019008.wav,train,0,0,0,0,0,0,0,0
27_019013.wav,train,0,1,0,0,0,0,0,0
27_019014.wav,train,0,0,0,0,0,0,1,0
27_019037.wav,train,0,0,0,1,0,0,0,0
27_019059.wav,train,0,0,0,0,0,0,1,0
27_019061.wav,train,0,0,0,0,0,0,1,0
27_019073.wav,train,0,0,0,0,1,0,1,0
27_019127.wav,train,0,0,0,0,0,0,0,0
27_019199.wav,train,0,0,0,0,0,0,1,0
27_019224.wav,train,1,0,0,0,0,0,0,0
27_019226.wav,train,0,0,0,0,0,0,0,0
27_019228.wav,train,0,0,0,0,1,0,0,0
27_019234.wav,train,1,0,0,0,0,1,1,0
27_019257.wav,train,0,0,0,1,0,0,0,0
27_019268.wav,train,0,0,0,0,0,0,1,1
27_019278.wav,train,1,0,0,0,0,0,0,0
27_019290.wav,train,0,0,0,0,0,0,1,0
27_019300.wav,train,0,0,0,1,0,0,0,0
27_019337.wav,train,1,0,0,0,1,0,0,0
27_019350.wav,train,0,0,0,0,0,0,0,0
27_019362.wav,train,0,1,0,0,0,0,0,0
27_019374.wav,train,0,0,0,0,0,0,1,0
27_019390.wav,train,0,0,0,0,0,0,0,0
27_019408.wav,train,0,0,0,1,0,0,0,0
27_019434.wav,train,1,0,0,0,0,0,0,0
27_019443.wav,train,0,1,0,0,0,0,0,0
27_019467.wav,train,0,0,0,0,0,0,1,0
27_019484.wav,train,1,0,0,0,1,0,1,0
27_019487.wav,train,0,0,0,0,0,1,1,0
27_019492.wav,train,0,0,0,0,0,0,0,0
27_019503.wav,train,0,0,0,0,0,0,0,0
27_019512.wav,train,0,0,0,0,1,0,1,0
27_019530.wav,train,0,0,0,0,0,0,1,0
27_019556.wav,train,0,0,0,0,0,0,1,0
27_019587.wav,train,0,0,0,0,0,1,0,0
27_019589.wav,train,1,0,0,0,1,0,0,0
27_019605.wav,train,1,0,0,0,0,0,0,0
27_019607.wav,train,1,0,0,0,0,0,0,0
27_019610.wav,train,0,0,0,0,0,0,1,0
27_019611.wav,train,0,0,0,1,0,0,0,0
27_019627.wav,train,0,0,0,0,0,0,0,0
27_019629.wav,train,0,0,0,0,0,0,0,0
27_019687.wav,train,0,0,0,0,0,0,1,0
27_019694.wav,train,1,0,0,0,0,0,1,0
27_019703.wav,train,0,0,0,0,0,0,0,0
27_019725.wav,train,0,0,0,0,1,1,0,0
27_019740.wav,train,0,1,0,0,0,0,0,0
27_019744.wav,train,0,0,0,0,0,0,0,0
27_019750.wav,train,0,0,0,0,1,0,0,0
27_019776.wav,train,0,1,0,0,0,0,0,0
27_019779.wav,train,0,0,1,0,0,0,0,0
27_019782.wav,train,0,0,0,0,0,0,1,0
27_019786.wav,train,0,0,0,0,0,0,1,0
27_019842.wav,train,0,0,0,0,0,0,0,0
27_019859.wav,train,0,0,1,0,0,0,0,0
27_019864.wav,train,1,0,0,0,0,0,0,0
27_019866.wav,train,0,0,0,0,0,0,0,0
27_019874.wav,train,0,1,0,0,0,0,1,0
27_019884.wav,train,0,0,0,1,0,0,0,0
27_019922.wav,train,0,0,0,0,0,0,1,0
27_019931.wav,train,0,0,0,0,0,0,0,0
27_019951.wav,train,1,0,0,0,1,0,0,0
27_019954.wav,train,1,0,0,0,0,0,1,0
27_019982.wav,train,0,0,0,0,0,1,1,0
27_019990.wav,train,0,0,0,0,0,0,1,0
27_019992.wav,train,0,0,0,0,0,1,0,0
27_020000.wav,train,0,0,0,1,0,0,0,0
27_020016.wav,train,0,0,0,0,0,1,1,0
27_020019.wav,train,0,0,0,0,0,0,0,0
27_020039.wav,train,1,0,0,0,0,0,1,0
27_020056.wav,train,0,0,0,0,1,0,1,0
27_020087.wav,train,0,0,0,0,0,0,1,0
27_020094.wav,train,0,0,0,0,0,1,1,0
27_020101.wav,train,0,0,0,0,0,0,0,0
27_020109.wav,train,0,0,0,0,0,0,1,0
27_020121.wav,train,0,0,0,0,0,0,1,0
27_020122.wav,train,1,0,0,0,1,0,1,0
27_020126.wav,train,1,0,0,0,0,1,1,0
27_020133.wav,train,1,0,0,0,0,0,1,0
27_020158.wav,train,0,0,0,0,1,0,1,0
27_020166.wav,train,0,0,0,0,0,0,0,0
27_020171.wav,train,0,0,0,0,0,1,1,0
27_020184.wav,train,0,0,0,0,0,0,1,0
27_020200.wav,train,0,0,0,0,1,0,1,0
27_020218.wav,train,0,0,0,0,0,1,1,0
27_020220.wav,train,0,0,0,0,1,0,1,0
27_020264.wav,train,0,0,1,0,0,0,0,0
27_020317.wav,train,0,0,0,1,0,0,1,0
27_020320.wav,train,1,0,0,0,0,0,0,0
27_020321.wav,train,0,0,0,0,1,0,1,0
27_020327.wav,train,1,0,0,0,0,0,1,0
27_020339.wav,train,0,1,0,1,0,0,0,0
27_020359.wav,train,0,1,0,0,0,0,0,0
27_020378.wav,train,0,0,0,1,0,0,0,0
27_020380.wav,train,0,0,0,0,0,1,1,0
27_020389.wav,train,1,0,0,0,0,0,0,0
27_020391.wav,train,0,0,0,0,0,0,0,0
27_020393.wav,train,0,1,0,0,0,0,0,0
27_020427.wav,train,0,0,0,0,0,0,1,0
27_020449.wav,train,0,1,0,0,0,0,0,0
27_020453.wav,train,0,0,0,0,1,1,0,0
27_020456.wav,train,1,0,0,0,0,0,0,0
27_020459.wav,train,0,0,0,1,0,0,0,0
27_020485.wav,train,0,0,0,1,0,0,0,0
27_020525.wav,train,0,0,0,0,0,0,1,0
27_020537.wav,train,0,0,0,0,1,1,1,0
27_020538.wav,train,0,0,0,0,0,0,1,0
27_020578.wav,train,0,0,0,1,0,0,0,0
27_020582.wav,train,1,0,0,0,0,0,1,0
27_020584.wav,train,0,0,0,0,1,0,0,0
27_020597.wav,train,1,0,0,0,0,0,0,0
27_020614.wav,train,0,0,0,0,0,0,0,0
27_020667.wav,train,1,0,0,0,0,0,0,0
27_020695.wav,train,0,0,0,0,0,0,1,0
27_020711.wav,train,0,0,0,1,0,0,0,0
27_020726.wav,train,1,0,0,0,0,0,0,0
27_020774.wav,train,0,0,0,0,0,0,1,0
27_020787.wav,train,0,1,0,0,0,0,1,0
27_020793.wav,train,0,0,0,0,0,0,1,0
27_020821.wav,train,0,0,0,0,0,0,1,0
27_020836.wav,train,1,0,0,0,0,0,0,0
27_020843.wav,train,0,0,0,0,0,0,1,0
27_020849.wav,train,0,0,0,0,1,0,0,0
27_020854.wav,train,0,0,0,0,0,1,0,0
27_020860.wav,train,1,0,0,0,1,0,0,0
27_020875.wav,train,0,0,0,0,0,0,0,0
27_027106.wav,test,1,0,0,0,0,0,1,0
27_027113.wav,test,0,1,1,0,0,0,0,0
27_027230.wav,test,0,0,1,0,0,1,1,0
27_027466.wav,test,1,0,1,0,1,0,1,0
27_027471.wav,test,1,0,1,0,0,0,0,0
27_027483.wav,test,0,0,0,0,0,0,1,0
27_027537.wav,test,1,0,0,0,1,0,1,0
27_027582.wav,test,1,0,0,0,0,0,0,0
27_027592.wav,test,1,0,1,0,0,0,1,0
27_027646.wav,test,0,0,0,0,0,0,1,0
27_027696.wav,test,0,0,1,0,0,0,1,0
27_027848.wav,test,1,0,0,0,0,0,1,0
28_000084.wav,train,1,0,0,0,0,0,0,0
28_001153.wav,train,0,0,0,0,0,0,0,0
28_002730.wav,train,0,0,0,0,0,0,0,0
28_004790.wav,train,0,0,0,0,0,0,0,0
28_005339.wav,train,0,0,0,0,1,0,0,0
28_007766.wav,train,0,0,1,0,1,0,0,0
28_007877.wav,train,1,0,0,0,0,0,0,0
28_008415.wav,train,1,0,0,0,0,0,0,0
28_008435.wav,train,1,0,0,0,0,0,0,0
28_008824.wav,train,1,0,0,0,0,0,0,0
28_008831.wav,train,1,0,0,0,0,0,0,0
28_009101.wav,train,0,0,0,0,0,0,0,0
28_009138.wav,train,0,0,0,0,1,0,0,0
28_009143.wav,train,1,0,0,0,0,0,0,0
28_009144.wav,train,0,0,0,0,1,0,0,0
28_009170.wav,train,0,0,0,0,0,0,1,0
28_009199.wav,train,0,0,0,0,1,0,0,0
28_009250.wav,train,1,0,0,0,0,0,0,0
28_009253.wav,train,1,0,0,0,0,0,0,0
28_009263.wav,train,1,0,0,0,0,0,0,0
28_009287.wav,train,0,0,0,0,1,0,0,0
28_009340.wav,train,0,0,0,0,1,0,0,0
28_009370.wav,train,0,0,0,0,1,0,0,0
28_009555.wav,train,1,0,0,0,0,0,0,0
28_009608.wav,train,0,0,0,0,1,0,0,0
28_009648.wav,train,0,0,0,0,0,0,0,0
28_009654.wav,train,1,0,0,0,0,0,0,0
28_009705.wav,train,1,0,0,0,0,0,0,0
28_009802.wav,train,1,0,0,0,1,1,0,0
28_010028.wav,train,1,0,0,0,1,0,0,0
28_010095.wav,train,0,0,0,0,0,0,0,0
28_010259.wav,train,0,0,0,0,0,0,1,0
28_010278.wav,train,0,0,0,0,1,0,0,0
28_010386.wav,train,1,0,0,0,0,0,0,0
28_010659.wav,train,1,0,1,0,0,0,0,0
28_010732.wav,train,1,0,0,0,0,0,0,0
28_011044.wav,train,0,0,0,0,1,0,0,0
28_011101.wav,train,1,0,0,0,0,0,0,0
28_011137.wav,train,1,0,0,0,0,0,0,0
28_011225.wav,train,0,0,0,0,0,0,0,0
28_011342.wav,train,0,0,0,0,1,0,0,0
28_011457.wav,train,0,0,0,0,0,0,0,0
28_011460.wav,train,1,0,0,0,0,0,0,0
28_011769.wav,train,0,0,0,0,1,0,1,0
28_011776.wav,train,1,0,0,0,0,0,0,0
28_011779.wav,train,0,0,0,0,1,0,0,0
28_011854.wav,train,1,0,0,0,0,0,0,0
28_011892.wav,train,0,1,0,0,0,0,0,0
28_012004.wav,train,1,0,0,0,1,0,1,0
28_012068.wav,train,0,0,0,0,1,0,0,0
28_012072.wav,train,1,0,0,0,0,0,0,0
28_012183.wav,train,1,0,0,0,1,0,1,0
28_012245.wav,train,0,0,0,0,0,0,0,0
28_012390.wav,train,1,0,0,0,0,0,0,0
28_012489.wav,train,0,0,0,0,0,0,0,0
28_012683.wav,train,0,0,0,0,0,0,0,0
28_012802.wav,train,1,0,0,0,1,0,0,0
28_012814.wav,train,1,0,0,0,0,0,0,0
28_012977.wav,train,1,0,0,0,1,0,0,0
28_013039.wav,train,0,0,0,0,1,0,0,0
28_013056.wav,train,0,0,0,0,0,0,0,0
28_013083.wav,train,1,0,0,0,0,0,0,0
28_013084.wav,train,0,0,0,0,1,0,1,0
28_013158.wav,train,1,0,0,0,0,0,0,0
28_013252.wav,train,0,0,0,0,0,0,0,0
28_013257.wav,train,0,0,0,0,0,0,0,0
28_013267.wav,train,1,0,0,0,0,0,0,0
28_013286.wav,train,1,0,0,0,0,0,0,0
28_013320.wav,train,1,0,0,0,0,0,0,0
28_013397.wav,train,1,0,0,0,0,0,0,0
28_013460.wav,train,1,0,0,0,0,0,0,0
28_013500.wav,train,1,0,0,0,0,0,0,0
28_013676.wav,train,0,0,0,0,0,0,0,0
28_016326.wav,train,1,0,0,0,1,0,1,0
28_016375.wav,train,0,0,0,0,1,0,0,0
28_016617.wav,train,1,0,0,0,0,0,0,0
28_016669.wav,train,1,0,0,0,1,0,0,0
28_017317.wav,train,1,0,0,0,1,0,0,0
28_017698.wav,train,0,0,0,0,0,0,1,0
28_017763.wav,train,0,0,0,0,1,0,0,0
28_017941.wav,train,1,0,0,0,0,0,0,0
28_018105.wav,train,0,0,0,0,0,0,0,0
28_018142.wav,train,1,0,0,0,0,0,0,0
28_018254.wav,train,0,0,1,0,0,0,0,0
28_018365.wav,train,1,0,0,0,0,1,0,0
28_018470.wav,train,0,0,0,0,0,0,0,0
28_018524.wav,train,0,0,0,0,0,1,0,0
28_018708.wav,train,1,0,0,0,1,0,0,0
28_018716.wav,train,1,0,0,0,1,0,0,0
28_018791.wav,train,1,0,0,0,0,0,0,0
28_018845.wav,train,0,0,0,0,0,1,0,0
28_019045.wav,train,0,0,0,0,1,0,0,0
28_019118.wav,train,0,0,0,0,0,0,0,0
28_019304.wav,train,0,0,0,0,0,0,0,0
28_019348.wav,train,1,0,0,0,0,0,0,0
28_019518.wav,train,1,0,0,0,1,0,1,0
28_019616.wav,train,0,0,0,0,1,0,0,0
28_019826.wav,train,1,0,0,0,0,0,0,0
28_019828.wav,train,0,0,0,0,0,0,0,0
28_019832.wav,train,1,0,0,0,0,0,0,0
28_020123.wav,train,0,0,0,0,1,0,0,0
28_020278.wav,train,0,0,0,0,0,0,0,0
28_020280.wav,train,0,0,0,0,1,0,0,0
28_020333.wav,train,1,0,0,0,0,0,0,0
28_020383.wav,train,1,0,0,0,1,0,0,0
28_020460.wav,train,1,0,0,0,1,0,1,0
28_020559.wav,train,0,0,0,0,1,0,0,0
28_020590.wav,train,1,0,0,0,0,0,0,0
28_020794.wav,train,1,0,0,0,1,0,0,0
28_020859.wav,train,0,0,0,0,1,0,0,0
29_000032.wav,train,0,0,0,1,0,0,0,0
29_000086.wav,train,1,0,0,0,0,0,0,0
29_000138.wav,train,1,0,0,0,0,0,0,0
29_000152.wav,train,0,0,0,0,0,0,1,0
29_000166.wav,train,0,0,0,0,1,0,0,0
29_000205.wav,train,0,0,0,0,1,0,0,0
29_000240.wav,train,0,0,0,1,0,0,0,0
29_000278.wav,train,0,0,0,0,0,0,1,0
29_000337.wav,train,0,0,0,1,0,0,0,0
29_000346.wav,train,0,0,0,0,0,0,0,0
29_000555.wav,train,0,0,0,0,1,0,0,0
29_000591.wav,train,0,0,0,1,0,0,0,0
29_000617.wav,train,0,0,0,0,0,0,0,0
29_000684.wav,train,0,0,0,0,1,0,0,0
29_000772.wav,train,0,0,0,0,0,0,1,0
29_000781.wav,train,1,0,0,0,0,0,1,0
29_000808.wav,train,0,0,0,0,0,0,1,0
29_000813.wav,train,0,0,0,1,0,0,0,0
29_000842.wav,train,0,0,0,1,0,0,0,0
29_000891.wav,train,1,0,0,0,1,0,0,0
29_000907.wav,train,0,0,0,0,0,1,0,0
29_000926.wav,train,0,0,0,0,0,0,0,0
29_000927.wav,train,0,0,0,0,0,0,0,0
29_000950.wav,train,0,0,0,0,0,0,0,0
29_000996.wav,train,0,0,0,1,0,0,0,0
29_001044.wav,train,1,0,0,0,0,0,0,0
29_001090.wav,train,0,0,0,0,1,0,1,0
29_001115.wav,train,0,0,0,0,0,0,0,0
29_001175.wav,train,0,0,0,0,0,0,1,0
29_001195.wav,train,0,0,0,1,0,0,0,0
29_001261.wav,train,0,0,0,0,0,0,0,0
29_001305.wav,train,1,0,0,0,1,0,0,0
29_001312.wav,train,0,0,0,0,0,0,0,0
29_001349.wav,train,0,0,0,0,1,0,0,0
29_001355.wav,train,1,0,0,0,0,0,0,0
29_001369.wav,train,0,0,0,0,0,0,1,0
29_001483.wav,train,0,0,0,1,0,0,0,0
29_001504.wav,train,0,0,0,0,0,0,0,0
29_001532.wav,train,0,0,0,0,0,0,1,0
29_001623.wav,train,0,0,0,0,0,0,0,0
29_001670.wav,train,0,0,0,0,0,0,0,0
29_001858.wav,train,0,0,1,0,0,0,0,0
29_001870.wav,train,0,0,0,0,1,0,0,0
29_001898.wav,train,0,0,0,0,0,0,0,0
29_001929.wav,train,0,0,0,0,0,0,0,0
29_001974.wav,train,0,0,0,0,0,0,0,0
29_002045.wav,train,0,0,0,0,0,0,0,0
29_002060.wav,train,0,0,0,0,0,0,0,0
29_002085.wav,train,0,0,0,0,0,0,0,0
29_002108.wav,train,0,0,0,0,0,0,1,0
29_002193.wav,train,0,0,0,0,1,0,1,0
29_002351.wav,train,0,0,0,0,0,0,0,0
29_002411.wav,train,0,0,0,0,0,0,1,0
29_002418.wav,train,0,0,1,0,0,0,0,0
29_002448.wav,train,0,1,0,0,0,0,0,0
29_002513.wav,train,0,0,0,0,1,0,0,0
29_002695.wav,train,0,0,0,0,0,0,0,0
29_002774.wav,train,0,0,0,0,0,0,0,0
29_002792.wav,train,0,0,0,0,0,0,1,0
29_002841.wav,train,0,0,0,0,0,0,0,0
29_002903.wav,train,0,0,0,0,1,0,0,0
29_002937.wav,train,0,0,0,0,0,0,0,0
29_002950.wav,train,0,0,0,0,0,0,1,0
29_002954.wav,train,0,0,0,0,0,0,0,0
29_002981.wav,train,0,0,0,0,0,0,0,0
29_003068.wav,train,0,0,0,0,0,0,0,0
29_003088.wav,train,0,0,0,0,0,0,1,0
29_003101.wav,train,0,0,0,0,0,0,0,0
29_003333.wav,train,0,0,0,1,0,0,0,0
29_003365.wav,train,0,0,0,1,1,0,0,0
29_003487.wav,train,0,0,0,0,0,0,0,0
29_003516.wav,train,0,0,0,0,1,0,0,0
29_003722.wav,train,0,0,0,1,0,0,0,0
29_003761.wav,train,0,1,0,0,0,0,0,0
29_003794.wav,train,0,0,0,0,0,0,1,0
29_003837.wav,train,0,0,0,0,1,0,0,0
29_003849.wav,train,0,0,0,0,0,0,1,0
29_003872.wav,train,1,0,0,0,0,0,1,0
29_003875.wav,train,0,0,0,0,0,0,1,0
29_003899.wav,train,0,0,0,0,0,0,0,0
29_003932.wav,train,0,0,0,0,0,0,1,0
29_003946.wav,train,0,0,0,0,0,0,0,0
29_003948.wav,train,0,0,0,0,0,0,1,0
29_004048.wav,train,0,0,0,1,0,0,0,0
29_004150.wav,train,1,0,0,0,0,0,0,0
29_004153.wav,train,0,0,0,0,1,0,0,0
29_004170.wav,train,0,0,0,0,1,0,0,0
29_004242.wav,train,0,0,0,0,0,0,0,0
29_004327.wav,train,0,0,0,1,0,0,1,0
29_004329.wav,train,0,0,0,0,0,0,1,0
29_004356.wav,train,0,0,0,0,0,0,0,0
29_004393.wav,train,1,0,0,0,0,0,0,0
29_004419.wav,train,0,0,0,0,0,0,0,0
29_004442.wav,train,0,0,0,0,0,0,0,0
29_004507.wav,train,0,0,0,0,0,0,0,0
29_004627.wav,train,0,0,0,0,0,0,1,0
29_004656.wav,train,0,0,0,0,0,0,0,0
29_004672.wav,train,0,0,0,1,0,0,0,0
29_004781.wav,train,0,0,0,0,0,0,0,0
29_004792.wav,train,0,0,0,0,0,0,0,0
29_004830.wav,train,0,0,0,1,1,0,0,0
29_004887.wav,train,0,0,0,0,1,0,0,0
29_004969.wav,train,0,0,0,1,0,0,0,0
29_004997.wav,train,0,0,0,0,0,0,0,0
29_005012.wav,train,0,0,0,0,0,0,1,0
29_005020.wav,train,0,0,0,1,0,0,0,0
29_005022.wav,train,1,0,0,0,1,0,0,0
29_005029.wav,train,0,0,0,0,0,0,0,0
29_005045.wav,train,0,0,0,0,0,0,1,0
29_005051.wav,train,0,0,0,0,0,0,1,0
29_005052.wav,train,0,0,0,0,0,0,1,0
29_005151.wav,train,0,0,0,0,0,1,0,0
29_005257.wav,train,0,0,0,0,0,0,1,0
29_005278.wav,train,0,0,0,0,0,0,1,0
29_005317.wav,train,1,0,0,0,0,0,0,0
29_005352.wav,train,0,0,0,0,0,0,1,0
29_005376.wav,train,0,1,0,0,0,0,0,0
29_005396.wav,train,0,0,0,0,0,0,0,0
29_005474.wav,train,0,0,0,1,0,0,0,0
29_005527.wav,train,0,0,0,1,0,0,0,0
29_005564.wav,train,0,0,0,0,0,0,1,0
29_005565.wav,train,0,0,0,0,0,0,1,0
29_005579.wav,train,0,0,0,0,0,0,0,0
29_005588.wav,train,0,0,0,0,1,0,0,0
29_005620.wav,train,0,0,0,0,1,0,0,0
29_005643.wav,train,0,0,0,0,0,1,1,0
29_005650.wav,train,1,0,0,0,0,0,0,0
29_005684.wav,train,0,1,0,0,0,0,0,0
29_005696.wav,train,0,0,0,0,0,0,0,0
29_005750.wav,train,0,0,0,0,0,0,1,0
29_005777.wav,train,0,0,0,0,0,0,0,0
29_005802.wav,train,0,0,0,0,1,0,0,0
29_005842.wav,train,0,0,0,0,0,1,1,0
29_005868.wav,train,0,0,0,0,0,0,1,0
29_005903.wav,train,0,0,0,0,0,0,0,0
29_005932.wav,train,0,0,0,0,0,1,1,0
29_005975.wav,train,0,0,0,1,0,0,0,0
29_005994.wav,train,1,0,0,1,0,0,0,0
29_006009.wav,train,0,0,0,1,0,0,0,0
29_006025.wav,train,0,0,0,0,0,0,0,0
29_006132.wav,train,0,0,0,0,0,0,0,0
29_006150.wav,train,0,0,0,0,0,0,0,0
29_006194.wav,train,0,0,0,0,0,0,1,0
29_006230.wav,train,0,0,0,0,1,0,1,0
29_006278.wav,train,1,0,0,0,0,0,0,0
29_006281.wav,train,1,0,0,0,0,0,0,0
29_006286.wav,train,0,0,0,1,0,0,0,0
29_006332.wav,train,0,0,0,0,0,0,1,0
29_006336.wav,train,0,0,0,0,0,0,1,0
29_006342.wav,train,0,0,0,0,1,0,0,0
29_006377.wav,train,0,0,0,0,0,0,0,0
29_006444.wav,train,0,0,0,0,0,0,1,0
29_006480.wav,train,0,0,0,0,0,0,0,0
29_006521.wav,train,0,0,0,0,0,0,1,0
29_006562.wav,train,0,0,0,1,0,0,0,0
29_006574.wav,train,0,0,0,0,0,0,0,0
29_006575.wav,train,0,0,0,0,1,0,0,0
29_006622.wav,train,0,0,0,0,0,0,0,0
29_006663.wav,train,1,0,0,0,0,0,0,0
29_006780.wav,train,0,0,0,0,1,0,0,0
29_006800.wav,train,0,0,0,1,0,0,0,0
29_006841.wav,train,0,0,0,0,0,1,0,0
29_006842.wav,train,0,0,0,0,0,0,0,0
29_006846.wav,train,0,0,0,0,0,1,0,0
29_006858.wav,train,0,0,0,1,0,0,0,0
29_006862.wav,train,0,0,0,0,1,0,0,0
29_006873.wav,train,0,0,0,0,0,0,0,0
29_006895.wav,train,0,0,0,0,0,0,0,0
29_006896.wav,train,0,0,1,0,0,0,0,0
29_007075.wav,train,0,0,0,0,0,0,1,0
29_007076.wav,train,0,0,0,0,0,0,0,0
29_007113.wav,train,1,0,0,0,0,0,0,0
29_007159.wav,train,0,0,0,0,1,0,0,0
29_007165.wav,train,0,0,0,0,0,0,0,0
29_007203.wav,train,0,0,0,1,0,0,0,0
29_007206.wav,train,0,0,0,0,1,0,0,0
29_007214.wav,train,0,1,0,0,0,0,0,0
29_007275.wav,train,0,0,0,0,0,0,0,0
29_007277.wav,train,0,0,0,0,0,0,0,0
29_007356.wav,train,0,0,0,0,0,0,1,0
29_007376.wav,train,0,0,0,0,0,0,1,0
29_007385.wav,train,0,0,0,1,0,0,0,0
29_007453.wav,train,0,0,0,0,0,0,0,0
29_007494.wav,train,0,0,0,0,0,1,0,0
29_007542.wav,train,0,0,0,1,0,0,0,0
29_007675.wav,train,1,0,0,0,0,0,0,0
29_007709.wav,train,0,0,0,0,1,0,1,0
29_007720.wav,train,0,0,0,0,1,0,0,0
29_007733.wav,train,0,0,0,0,0,0,1,0
29_007747.wav,train,0,0,0,1,0,0,0,0
29_007763.wav,train,0,0,0,0,0,0,1,0
29_007799.wav,train,0,0,0,0,0,0,0,0
29_007825.wav,train,0,0,0,0,0,0,0,0
29_007864.wav,train,0,0,0,1,0,0,0,0
29_007944.wav,train,0,0,0,0,0,0,0,0
29_007966.wav,train,0,0,0,0,0,0,1,0
29_007989.wav,train,1,0,0,0,0,0,0,0
29_007991.wav,train,0,0,0,0,0,0,1,0
29_007998.wav,train,0,0,0,0,0,1,0,0
29_008005.wav,train,0,0,0,0,0,0,0,0
29_008044.wav,train,0,0,0,0,0,0,0,0
29_008052.wav,train,0,0,0,0,0,0,0,0
29_008140.wav,train,0,0,0,1,0,0,0,0
29_008336.wav,train,1,0,0,0,0,0,0,0
29_008361.wav,train,0,0,0,1,0,0,0,0
29_008451.wav,train,0,0,1,0,0,0,0,0
29_008487.wav,train,0,0,0,0,0,0,1,0
29_008539.wav,train,1,0,0,0,0,0,0,0
29_008564.wav,train,0,1,0,1,0,0,0,0
29_008582.wav,train,0,0,0,0,0,0,1,0
29_008601.wav,train,0,0,0,1,0,0,0,0
29_008617.wav,train,0,0,0,0,0,0,1,0
29_008623.wav,train,0,0,0,0,0,0,1,0
29_008692.wav,train,0,0,0,0,1,0,0,0
29_008718.wav,train,0,0,0,0,0,0,0,0
29_008722.wav,train,0,0,0,0,0,0,0,0
29_008765.wav,train,0,0,0,0,1,0,0,0
29_008766.wav,train,0,0,0,0,0,0,0,0
29_008797.wav,train,0,0,0,0,0,0,0,0
29_008820.wav,train,0,0,0,0,0,0,0,0
29_008857.wav,train,0,0,0,0,1,0,0,0
29_008980.wav,train,1,0,0,0,0,0,0,0
29_009006.wav,train,0,0,0,0,0,0,1,0
29_009058.wav,train,0,0,0,1,0,0,0,0
29_009081.wav,train,0,1,0,0,0,0,0,0
29_009151.wav,train,0,0,0,0,0,0,0,0
29_009222.wav,train,1,0,0,0,0,0,1,0
29_009270.wav,train,0,0,0,0,0,0,0,0
29_009344.wav,train,0,0,0,0,0,0,0,0
29_009373.wav,train,0,0,0,0,0,0,0,0
29_009390.wav,train,0,0,0,0,0,0,1,0
29_009421.wav,train,1,0,0,0,0,0,0,0
29_009436.wav,train,0,0,0,0,0,0,0,0
29_009469.wav,train,0,0,0,0,0,0,1,0
29_009571.wav,train,0,0,0,1,0,0,0,0
29_009574.wav,train,0,0,0,1,0,0,0,0
29_009579.wav,train,0,0,0,0,0,0,1,0
29_009596.wav,train,0,0,0,1,0,0,0,0
29_009612.wav,train,0,0,0,1,0,0,0,0
29_009627.wav,train,0,0,0,0,0,0,1,0
29_009628.wav,train,0,0,0,0,0,0,0,0
29_009667.wav,train,0,0,0,0,0,0,0,0
29_009681.wav,train,0,0,0,0,1,0,0,0
29_009703.wav,train,0,0,0,0,0,0,0,0
29_009744.wav,train,0,0,0,0,0,0,0,1
29_009753.wav,train,0,0,0,0,0,0,0,0
29_009770.wav,train,0,0,0,0,1,0,0,0
29_009817.wav,train,0,0,0,0,1,0,0,0
29_009856.wav,train,1,0,0,0,0,0,0,0
29_009860.wav,train,0,0,0,0,0,0,0,0
29_009865.wav,train,0,0,0,1,0,0,0,0
29_009896.wav,train,0,0,0,0,0,0,0,0
29_009902.wav,train,1,0,0,0,0,0,1,0
29_009965.wav,train,0,0,0,0,0,0,1,0
29_010005.wav,train,1,0,0,0,0,0,0,0
29_010006.wav,train,0,0,1,0,0,0,1,0
29_010008.wav,train,0,0,0,0,0,1,0,0
29_010086.wav,train,0,0,0,0,0,0,0,0
29_010091.wav,train,0,0,0,0,0,0,0,0
29_010100.wav,train,0,0,0,1,0,0,0,0
29_010136.wav,train,0,0,0,0,0,0,0,0
29_010150.wav,train,0,0,0,0,1,0,0,0
29_010187.wav,train,0,0,0,0,0,0,0,0
29_010200.wav,train,1,0,0,0,0,0,0,0
29_010207.wav,train,0,0,0,0,0,0,0,0
29_010263.wav,train,0,0,0,0,1,0,0,0
29_010324.wav,train,0,0,0,0,0,0,1,0
29_010400.wav,train,0,0,0,0,0,0,1,0
29_010442.wav,train,0,0,0,0,0,0,0,0
29_010443.wav,train,1,0,0,0,0,0,0,0
29_010538.wav,train,0,0,0,0,0,0,0,0
29_010605.wav,train,1,0,0,0,0,0,0,0
29_010625.wav,train,0,0,0,0,0,0,1,0
29_010635.wav,train,0,0,0,0,0,1,1,0
29_010704.wav,train,0,1,0,0,0,0,0,0
29_010720.wav,train,1,0,0,0,0,0,1,0
29_010795.wav,train,1,0,1,0,0,0,0,0
29_010869.wav,train,0,0,0,0,0,0,1,0
29_010886.wav,train,0,0,0,0,0,0,1,0
29_010905.wav,train,1,0,0,0,0,0,0,0
29_010927.wav,train,0,0,0,0,1,0,0,0
29_010959.wav,train,0,0,0,0,0,0,0,0
29_010988.wav,train,0,0,0,0,1,0,1,0
29_010993.wav,train,1,0,0,0,0,0,0,0
29_011016.wav,train,0,0,0,0,0,0,1,0
29_011022.wav,train,0,0,0,0,0,0,1,0
29_011047.wav,train,0,0,0,0,0,0,1,0
29_011061.wav,train,1,0,0,0,0,0,0,0
29_011081.wav,train,0,0,0,0,0,0,1,0
29_011107.wav,train,0,0,1,0,0,0,0,0
29_011144.wav,train,0,0,0,0,0,1,0,0
29_011162.wav,train,1,0,0,0,0,0,0,0
29_011174.wav,train,0,0,0,0,1,0,1,0
29_011197.wav,train,1,0,0,0,0,0,0,0
29_011217.wav,train,0,0,0,0,0,0,0,0
29_011219.wav,train,0,0,0,0,0,0,1,0
29_011269.wav,train,1,0,0,0,0,0,0,0
29_011271.wav,train,0,0,0,0,0,1,1,0
29_011308.wav,train,0,0,0,0,0,1,0,0
29_011332.wav,train,0,0,0,0,0,1,1,0
29_011336.wav,train,1,0,0,0,0,0,0,0
29_011367.wav,train,0,0,0,0,0,0,1,0
29_011414.wav,train,0,0,0,0,1,0,0,0
29_011455.wav,train,0,0,0,0,0,0,1,0
29_011481.wav,train,0,0,0,0,1,0,0,0
29_011491.wav,train,1,0,0,0,0,0,1,0
29_011614.wav,train,0,0,0,0,1,1,0,0
29_011632.wav,train,1,0,0,0,0,0,0,0
29_011668.wav,train,1,0,0,0,0,0,0,0
29_011682.wav,train,0,0,0,0,1,0,0,0
29_011704.wav,train,0,0,0,0,0,0,1,0
29_011743.wav,train,0,1,0,0,0,0,1,0
29_011810.wav,train,0,0,0,0,0,0,0,0
29_011837.wav,train,0,0,0,0,1,0,1,0
29_011917.wav,train,0,0,0,0,0,0,0,0
29_011986.wav,train,0,0,0,0,0,0,1,0
29_012012.wav,train,0,0,0,0,0,0,0,0
29_012035.wav,train,0,0,0,0,0,0,0,0
29_012044.wav,train,0,0,0,0,0,0,1,0
29_012063.wav,train,0,0,0,0,0,0,0,0
29_012069.wav,train,0,1,0,0,0,0,0,0
29_012070.wav,train,0,0,0,0,0,0,0,0
29_012133.wav,train,0,0,0,0,0,0,0,0
29_012153.wav,train,1,0,0,0,0,0,1,0
29_012164.wav,train,0,0,0,0,1,0,0,0
29_012176.wav,train,1,0,0,0,0,0,0,0
29_012180.wav,train,0,0,0,0,0,1,1,0
29_012290.wav,train,0,0,0,0,0,0,0,0
29_012301.wav,train,0,0,0,0,1,0,0,0
29_012304.wav,train,0,0,0,0,0,0,0,0
29_012383.wav,train,0,0,0,0,0,0,0,0
29_012426.wav,train,0,0,0,0,0,0,1,0
29_012450.wav,train,0,0,0,0,0,0,0,0
29_012460.wav,train,0,0,0,0,0,1,0,0
29_012558.wav,train,1,0,0,0,0,0,0,0
29_012694.wav,train,0,0,0,0,0,0,0,0
29_012749.wav,train,0,0,0,0,0,0,0,0
29_012766.wav,train,0,0,0,0,0,0,1,0
29_012844.wav,train,0,0,0,0,0,0,0,0
29_012846.wav,train,0,0,0,0,0,0,0,0
29_012861.wav,train,1,0,1,0,0,0,1,0
29_012895.wav,train,0,0,0,0,0,0,1,0
29_012946.wav,train,0,0,0,0,0,0,0,0
29_012959.wav,train,0,0,0,0,0,0,0,0
29_013005.wav,train,0,0,0,0,0,0,1,0
29_013031.wav,train,0,0,0,0,0,0,0,0
29_013066.wav,train,1,0,0,0,0,0,0,0
29_013070.wav,train,0,0,0,0,0,0,0,0
29_013075.wav,train,0,1,0,0,0,0,0,0
29_013115.wav,train,0,0,0,0,0,0,0,0
29_013121.wav,train,0,0,0,0,0,0,0,0
29_013137.wav,train,0,0,0,0,0,0,0,0
29_013183.wav,train,0,0,0,0,1,0,0,0
29_013226.wav,train,0,0,0,0,0,0,0,0
29_013239.wav,train,0,0,0,0,0,0,1,0
29_013250.wav,train,0,0,0,0,0,0,1,0
29_013322.wav,train,0,0,1,0,1,0,0,0
29_013383.wav,train,0,0,0,0,0,0,1,0
29_013411.wav,train,0,0,0,0,0,0,1,0
29_013494.wav,train,0,0,0,0,1,0,0,0
29_013499.wav,train,0,0,0,0,0,0,0,0
29_013507.wav,train,0,0,0,0,0,0,0,0
29_013512.wav,train,0,0,0,0,0,0,0,0
29_013514.wav,train,0,0,0,0,0,1,0,0
29_013523.wav,train,0,0,0,0,0,0,1,0
29_013573.wav,train,0,0,0,0,0,0,0,0
29_013600.wav,train,0,0,0,0,1,0,1,0
29_013602.wav,train,1,0,0,0,0,0,0,0
29_013622.wav,train,0,0,0,0,0,0,0,0
29_013627.wav,train,0,0,0,0,0,0,0,0
29_013646.wav,train,0,0,0,0,0,0,0,0
29_013670.wav,train,0,0,0,0,0,0,1,0
29_013686.wav,train,0,0,0,0,0,0,1,0
29_013715.wav,train,1,0,0,0,0,0,0,0
29_013719.wav,train,1,0,0,0,0,0,0,0
29_016307.wav,train,0,0,0,0,0,1,0,0
29_016309.wav,train,0,0,0,0,0,0,0,0
29_016413.wav,train,0,0,0,0,0,0,1,0
29_016443.wav,train,0,0,0,0,0,1,1,0
29_016457.wav,train,0,0,0,0,1,1,0,0
29_016472.wav,train,0,0,0,0,0,0,1,0
29_016487.wav,train,0,0,0,0,0,0,0,0
29_016532.wav,train,0,0,0,1,0,0,0,0
29_016568.wav,train,0,0,0,0,0,0,1,0
29_016597.wav,train,0,0,0,0,0,0,0,0
29_016598.wav,train,0,0,0,0,0,0,1,0
29_016603.wav,train,0,0,0,0,0,0,0,0
29_016625.wav,train,1,0,0,0,0,0,0,0
29_016647.wav,train,0,0,0,0,0,0,1,0
29_016661.wav,train,0,0,0,0,0,0,1,0
29_016670.wav,train,0,0,0,0,1,0,0,0
29_016673.wav,train,1,0,0,0,0,0,0,0
29_016727.wav,train,0,0,0,0,0,0,1,0
29_016734.wav,train,1,0,0,0,1,0,0,0
29_016745.wav,train,1,0,0,0,0,0,0,0
29_016757.wav,train,0,0,0,0,0,1,0,0
29_016789.wav,train,0,0,0,0,0,0,0,0
29_016809.wav,train,0,1,1,0,0,0,0,0
29_016849.wav,train,0,0,0,0,0,0,0,0
29_016859.wav,train,0,0,0,0,0,0,1,0
29_016860.wav,train,0,0,0,0,1,0,1,0
29_016872.wav,train,0,0,0,0,0,1,0,0
29_016929.wav,train,0,0,0,0,0,1,0,0
29_016962.wav,train,0,0,0,1,0,0,0,0
29_016969.wav,train,0,0,0,1,0,0,0,0
29_016971.wav,train,1,0,0,0,1,1,0,0
29_016982.wav,train,0,0,0,0,0,0,1,0
29_017019.wav,train,0,0,0,0,0,1,0,0
29_017041.wav,train,0,0,0,0,0,0,0,0
29_017058.wav,train,0,0,0,0,0,1,0,0
29_017077.wav,train,0,0,0,1,0,0,0,0
29_017078.wav,train,0,0,0,0,0,1,1,0
29_017108.wav,train,0,0,1,0,0,0,1,0
29_017187.wav,train,0,0,0,0,0,0,0,0
29_017197.wav,train,0,0,0,0,0,0,1,0
29_017199.wav,train,0,0,0,0,1,0,0,0
29_017211.wav,train,0,0,0,0,0,1,0,0
29_017223.wav,train,0,0,0,0,0,0,1,0
29_017231.wav,train,0,1,0,0,0,0,0,0
29_017248.wav,train,0,0,0,1,0,0,0,0
29_017258.wav,train,0,0,0,0,0,0,0,0
29_017261.wav,train,0,1,0,0,0,0,0,0
29_017275.wav,train,0,0,0,1,0,0,0,0
29_017288.wav,train,0,0,0,0,0,1,0,0
29_017314.wav,train,0,0,0,0,0,0,0,0
29_017323.wav,train,0,0,0,0,0,0,0,0
29_017391.wav,train,0,0,0,0,0,0,1,0
29_017402.wav,train,0,0,0,0,0,1,0,0
29_017420.wav,train,0,0,0,1,0,0,0,0
29_017427.wav,train,0,0,0,0,1,0,1,0
29_017448.wav,train,0,0,0,0,0,0,0,0
29_017449.wav,train,0,0,0,0,0,1,0,0
29_017484.wav,train,0,0,0,0,0,0,0,0
29_017493.wav,train,1,0,0,1,0,0,0,0
29_017519.wav,train,0,0,0,0,0,0,1,0
29_017567.wav,train,0,0,0,0,0,0,1,0
29_017581.wav,train,0,1,0,0,0,0,0,0
29_017588.wav,train,0,0,0,0,0,1,0,0
29_017647.wav,train,0,0,0,0,1,0,0,0
29_017664.wav,train,0,0,0,0,1,0,0,0
29_017677.wav,train,1,0,0,0,0,0,0,0
29_017678.wav,train,0,0,0,0,0,1,0,0
29_017687.wav,train,0,0,0,0,0,0,0,0
29_017699.wav,train,0,0,0,0,0,1,0,0
29_017732.wav,train,0,0,0,0,1,0,0,0
29_017767.wav,train,0,1,0,0,0,0,0,0
29_017800.wav,train,0,0,0,0,0,1,0,0
29_017803.wav,train,0,0,0,0,0,0,1,0
29_017836.wav,train,0,0,0,0,0,0,1,0
29_017852.wav,train,0,0,0,0,1,0,0,0
29_017853.wav,train,0,0,0,0,1,0,0,0
29_017889.wav,train,0,0,0,0,0,1,0,0
29_017894.wav,train,0,0,0,0,1,0,0,0
29_017895.wav,train,0,0,0,0,0,1,0,0
29_017896.wav,train,0,0,0,0,0,1,0,0
29_017903.wav,train,0,0,0,1,0,0,0,0
29_017914.wav,train,0,0,0,0,0,0,1,0
29_017936.wav,train,0,0,0,0,1,0,0,0
29_017961.wav,train,0,0,0,0,0,0,1,0
29_017962.wav,train,0,0,0,0,0,0,1,0
29_018012.wav,train,0,0,0,0,0,0,1,0
29_018029.wav,train,0,0,0,0,0,0,0,0
29_018034.wav,train,1,0,0,0,0,0,0,0
29_018040.wav,train,0,0,0,0,0,1,0,0
29_018061.wav,train,0,0,0,0,0,0,0,0
29_018087.wav,train,0,0,0,0,0,0,0,0
29_018172.wav,train,0,0,0,0,0,0,0,0
29_018237.wav,train,0,0,0,1,0,0,0,0
29_018244.wav,train,0,0,0,0,0,1,0,0
29_018276.wav,train,1,0,0,0,0,0,0,0
29_018302.wav,train,0,0,0,0,0,0,0,0
29_018306.wav,train,0,0,0,0,1,0,0,0
29_018341.wav,train,0,0,0,0,1,0,0,0
29_018398.wav,train,0,0,0,0,0,0,0,0
29_018419.wav,train,0,0,0,0,0,0,0,0
29_018430.wav,train,0,0,0,0,0,1,1,0
29_018437.wav,train,0,0,0,0,1,0,0,0
29_018448.wav,train,0,0,0,0,0,0,1,0
29_018486.wav,train,1,0,0,0,0,0,0,0
29_018498.wav,train,0,0,0,0,0,0,1,0
29_018531.wav,train,0,0,0,0,0,0,1,0
29_018538.wav,train,0,0,0,0,0,1,0,0
29_018612.wav,train,0,0,0,1,0,0,0,0
29_018655.wav,train,0,1,0,0,0,0,1,0
29_018657.wav,train,0,0,0,1,0,0,0,0
29_018663.wav,train,0,0,0,0,1,0,1,0
29_018670.wav,train,0,0,0,0,0,0,0,0
29_018674.wav,train,0,0,0,0,0,0,0,0
29_018675.wav,train,0,0,0,0,0,1,0,0
29_018680.wav,train,0,0,0,0,0,0,0,0
29_018732.wav,train,1,0,0,0,0,0,0,0
29_018749.wav,train,1,0,0,0,0,0,0,0
29_018757.wav,train,0,0,0,0,0,0,0,0
29_018763.wav,train,1,0,0,0,0,1,0,0
29_018768.wav,train,0,0,0,0,0,0,0,0
29_018812.wav,train,0,0,0,0,0,0,0,0
29_018821.wav,train,1,0,0,1,1,0,0,0
29_018844.wav,train,0,0,0,0,1,0,0,0
29_018893.wav,train,0,0,0,0,1,0,0,0
29_018928.wav,train,0,0,0,0,1,1,1,0
29_018932.wav,train,0,0,0,0,0,0,0,0
29_018954.wav,train,1,0,0,0,0,0,0,0
29_018995.wav,train,0,0,0,0,1,1,0,0
29_019001.wav,train,0,0,0,0,0,0,0,0
29_019019.wav,train,0,0,0,1,0,0,0,0
29_019046.wav,train,0,0,0,0,0,0,0,0
29_019052.wav,train,0,1,0,0,0,0,0,0
29_019081.wav,train,0,0,0,0,0,0,0,0
29_019086.wav,train,0,0,0,0,0,0,0,0
29_019101.wav,train,0,0,0,0,0,0,0,0
29_019137.wav,train,0,0,0,0,0,1,0,0
29_019175.wav,train,1,0,0,0,0,0,0,0
29_019213.wav,train,0,0,0,0,0,1,0,0
29_019218.wav,train,0,0,0,0,0,0,0,0
29_019225.wav,train,0,0,0,0,0,0,0,0
29_019232.wav,train,0,0,0,0,1,0,0,0
29_019280.wav,train,0,0,0,0,0,1,0,0
29_019282.wav,train,1,0,0,0,0,0,0,0
29_019287.wav,train,1,0,0,0,0,0,0,0
29_019297.wav,train,0,0,0,1,0,0,0,0
29_019327.wav,train,0,1,0,0,1,0,0,0
29_019346.wav,train,0,0,0,0,1,0,0,0
29_019347.wav,train,0,0,0,0,0,0,0,0
29_019404.wav,train,0,0,0,0,1,0,0,0
29_019425.wav,train,0,0,0,0,0,1,1,0
29_019454.wav,train,0,0,0,1,0,0,0,0
29_019456.wav,train,0,0,0,1,0,0,0,0
29_019457.wav,train,0,0,0,0,0,0,1,0
29_019462.wav,train,0,0,0,1,0,0,0,0
29_019480.wav,train,0,0,0,1,0,0,0,0
29_019513.wav,train,0,0,0,0,0,0,1,0
29_019576.wav,train,0,0,0,0,1,0,0,0
29_019608.wav,train,0,0,0,0,0,0,0,0
29_019730.wav,train,0,0,0,0,1,0,0,0
29_019736.wav,train,1,0,0,0,0,0,0,0
29_019774.wav,train,0,0,0,0,0,0,0,0
29_019780.wav,train,0,0,0,0,0,0,0,0
29_019822.wav,train,0,0,0,0,1,0,1,0
29_019950.wav,train,0,0,0,0,0,0,0,0
29_019970.wav,train,0,0,0,1,0,0,0,0
29_020041.wav,train,0,0,0,0,0,0,1,0
29_020045.wav,train,0,0,0,0,1,0,0,0
29_020055.wav,train,0,0,0,0,0,1,0,0
29_020064.wav,train,0,0,0,0,0,0,1,0
29_020065.wav,train,1,0,0,0,0,0,1,0
29_020068.wav,train,0,0,0,0,0,0,1,0
29_020070.wav,train,0,0,0,0,1,0,0,0
29_020116.wav,train,0,0,0,0,1,0,1,0
29_020154.wav,train,0,0,0,0,0,1,0,0
29_020178.wav,train,0,0,0,0,0,0,0,0
29_020181.wav,train,0,0,0,0,0,1,0,0
29_020193.wav,train,0,0,0,0,0,0,1,0
29_020198.wav,train,1,0,0,0,0,0,0,0
29_020219.wav,train,0,0,0,0,1,0,0,0
29_020222.wav,train,0,0,0,0,0,1,0,0
29_020228.wav,train,0,0,0,0,0,1,0,0
29_020238.wav,train,0,0,0,0,0,0,1,0
29_020272.wav,train,0,0,0,0,0,0,0,0
29_020311.wav,train,0,0,0,0,0,0,1,0
29_020315.wav,train,0,0,0,1,0,0,0,0
29_020349.wav,train,0,0,0,0,0,1,0,0
29_020356.wav,train,1,0,0,0,0,0,0,0
29_020388.wav,train,0,0,0,1,0,0,0,0
29_020392.wav,train,0,0,0,0,0,1,0,0
29_020420.wav,train,0,1,0,0,0,0,0,0
29_020444.wav,train,0,0,0,0,1,0,1,0
29_020457.wav,train,1,0,0,0,0,0,0,0
29_020467.wav,train,0,0,0,0,1,0,0,0
29_020484.wav,train,0,0,0,0,0,0,0,0
29_020531.wav,train,0,0,0,1,0,0,0,0
29_020553.wav,train,0,0,0,0,0,0,0,0
29_020564.wav,train,1,0,0,0,0,0,0,0
29_020603.wav,train,0,0,0,1,0,0,0,0
29_020636.wav,train,0,0,0,1,0,0,1,0
29_020649.wav,train,0,1,0,0,0,0,0,0
29_020665.wav,train,0,0,0,0,0,0,0,0
29_020681.wav,train,0,0,0,0,0,0,1,0
29_020731.wav,train,0,0,0,1,0,0,1,0
29_020732.wav,train,0,0,0,0,0,1,0,0
29_020764.wav,train,0,0,0,0,0,0,0,0
29_020804.wav,train,0,0,0,1,0,0,0,0
29_020841.wav,train,0,0,0,0,0,0,0,0
29_026885.wav,test,0,0,1,0,1,0,1,0
29_026907.wav,test,1,0,0,0,0,1,0,0
29_026916.wav,test,0,0,1,0,0,1,1,0
29_026938.wav,test,0,0,1,0,0,0,0,0
29_026973.wav,test,1,0,0,0,0,0,1,1
29_026981.wav,test,0,0,0,0,1,0,1,0
29_027000.wav,test,1,0,1,0,1,0,0,0
29_027003.wav,test,1,0,1,0,0,0,0,0
29_027012.wav,test,0,0,1,0,0,0,0,1
29_027055.wav,test,1,0,0,0,0,0,0,0
29_027066.wav,test,1,0,0,0,0,0,1,0
29_027110.wav,test,0,0,0,0,1,0,1,0
29_027115.wav,test,1,0,0,0,0,1,1,0
29_027116.wav,test,1,0,0,0,1,0,0,0
29_027158.wav,test,1,0,1,0,0,1,1,0
29_027213.wav,test,0,0,0,0,0,0,0,0
29_027247.wav,test,1,0,1,0,0,0,0,0
29_027261.wav,test,1,0,0,0,0,0,1,0
29_027269.wav,test,0,0,0,0,0,0,1,0
29_027306.wav,test,1,0,0,0,0,1,0,0
29_027335.wav,test,1,0,1,0,0,0,1,0
29_027361.wav,test,0,0,0,0,0,0,1,0
29_027380.wav,test,1,0,1,0,0,0,1,0
29_027400.wav,test,0,0,1,0,0,1,1,0
29_027423.wav,test,1,0,0,0,0,0,0,1
29_027446.wav,test,0,0,0,0,0,0,1,0
29_027447.wav,test,1,0,0,0,0,0,1,0
29_027450.wav,test,0,0,1,0,0,1,1,1
29_027474.wav,test,1,0,1,0,0,1,1,0
29_027478.wav,test,0,0,1,0,1,0,1,0
29_027501.wav,test,1,0,1,0,0,0,0,0
29_027527.wav,test,0,0,0,0,0,0,1,0
29_027557.wav,test,0,0,0,0,0,0,0,0
29_027647.wav,test,0,0,1,0,0,0,1,0
29_027660.wav,test,1,0,1,0,1,0,1,0
29_027704.wav,test,1,0,1,0,1,0,1,0
29_027766.wav,test,0,0,0,0,0,0,1,0
29_027778.wav,test,1,0,1,0,0,1,1,0
29_027784.wav,test,1,0,0,0,0,1,1,0
29_027841.wav,test,0,0,0,0,0,0,1,0
29_027859.wav,test,1,0,0,0,0,0,0,0
30_000662.wav,train,1,0,0,0,0,0,0,0
30_000844.wav,train,1,0,0,0,0,0,0,0
30_000896.wav,train,1,0,0,0,0,0,0,0
30_000899.wav,train,1,0,0,0,0,0,0,0
30_000981.wav,train,1,0,0,0,0,0,0,0
30_001132.wav,train,1,0,0,0,0,0,0,0
30_001653.wav,train,1,0,0,0,0,0,0,0
30_001738.wav,train,1,0,0,0,0,0,0,0
30_001944.wav,train,1,0,0,0,0,0,0,0
30_002065.wav,train,1,0,0,0,1,0,0,0
30_002126.wav,train,1,0,0,0,0,0,0,0
30_002128.wav,train,1,0,0,0,0,0,0,0
30_002142.wav,train,1,0,0,0,1,0,0,0
30_002246.wav,train,1,0,0,0,0,0,0,0
30_002279.wav,train,0,0,0,0,1,0,0,0
30_002413.wav,train,0,0,0,0,0,0,0,0
30_002531.wav,train,0,0,0,0,0,0,0,0
30_002845.wav,train,1,0,0,0,0,0,0,0
30_002916.wav,train,0,0,0,0,0,0,0,0
30_003026.wav,train,1,0,0,0,0,0,0,0
30_003213.wav,train,1,0,0,0,0,0,0,0
30_003410.wav,train,0,0,0,0,0,0,0,0
30_003502.wav,train,1,0,0,0,0,0,0,0
30_004063.wav,train,1,0,0,0,0,0,0,0
30_004203.wav,train,1,0,0,0,0,0,0,0
30_004228.wav,train,1,0,0,0,0,0,0,0
30_004617.wav,train,1,0,0,0,0,0,0,0
30_004791.wav,train,1,0,0,0,0,0,0,0
30_004878.wav,train,1,0,0,0,0,0,0,0
30_005171.wav,train,1,0,0,0,0,0,0,0
30_005319.wav,train,1,0,0,0,0,0,0,0
30_005371.wav,train,0,0,1,0,0,0,0,0
30_005535.wav,train,1,0,0,0,1,0,0,0
30_005863.wav,train,0,0,0,0,0,0,0,0
30_005879.wav,train,1,0,0,0,0,0,0,0
30_005974.wav,train,1,0,0,0,1,0,0,0
30_005991.wav,train,1,0,0,0,0,0,0,0
30_006040.wav,train,1,0,0,0,0,0,0,0
30_006407.wav,train,1,0,0,0,1,0,0,0
30_006523.wav,train,1,0,0,0,0,0,0,0
30_006571.wav,train,1,0,0,0,0,0,0,0
30_006703.wav,train,1,0,0,0,0,0,0,0
30_006732.wav,train,0,0,0,0,0,0,0,0
30_006794.wav,train,0,0,0,0,1,0,1,0
30_007135.wav,train,1,0,0,0,0,0,0,0
30_007430.wav,train,1,0,0,0,0,0,1,0
30_007753.wav,train,0,0,0,0,0,0,0,0
30_007828.wav,train,1,0,0,0,0,0,0,0
30_008554.wav,train,1,0,0,0,0,0,0,0
30_008748.wav,train,1,0,0,0,1,0,0,0
30_009120.wav,train,1,0,0,0,1,0,0,0
30_009121.wav,train,0,0,0,0,0,0,0,0
30_009195.wav,train,1,0,0,0,0,0,1,0
30_009208.wav,train,1,0,0,0,0,0,0,0
30_009209.wav,train,0,0,0,0,0,0,1,0
30_009231.wav,train,1,0,0,0,0,0,0,0
30_009238.wav,train,1,0,0,0,0,0,0,0
30_009258.wav,train,1,0,0,0,0,0,0,0
30_009291.wav,train,0,0,1,0,0,0,0,0
30_009297.wav,train,1,0,0,0,0,0,0,0
30_009306.wav,train,1,0,0,0,0,0,0,0
30_009314.wav,train,1,0,0,0,0,0,0,0
30_009355.wav,train,1,0,0,0,0,0,0,0
30_009374.wav,train,1,0,0,0,0,0,0,0
30_009434.wav,train,1,0,0,0,0,0,0,0
30_009449.wav,train,1,0,0,0,0,0,0,0
30_009462.wav,train,1,0,0,0,0,0,0,0
30_009466.wav,train,0,0,0,0,0,0,0,0
30_009472.wav,train,1,0,0,0,1,0,0,0
30_009475.wav,train,1,0,0,0,0,0,0,0
30_009496.wav,train,1,0,0,0,0,0,0,0
30_009500.wav,train,0,0,0,0,0,0,1,0
30_009516.wav,train,1,0,0,0,0,0,0,0
30_009530.wav,train,1,0,0,0,0,0,0,0
30_009558.wav,train,1,0,0,0,0,0,0,0
30_009572.wav,train,1,0,0,0,0,0,0,0
30_009597.wav,train,1,0,0,0,0,0,0,0
30_009621.wav,train,1,0,0,0,0,0,0,0
30_009632.wav,train,0,0,0,0,0,0,1,0
30_009634.wav,train,1,0,0,0,0,0,1,0
30_009649.wav,train,1,0,0,0,0,0,0,0
30_009651.wav,train,0,0,0,0,1,0,1,0
30_009686.wav,train,0,0,0,0,0,0,0,0
30_009711.wav,train,1,0,0,0,1,0,0,0
30_009716.wav,train,0,0,0,0,1,0,0,0
30_009725.wav,train,1,0,0,0,1,0,0,0
30_009731.wav,train,0,0,0,0,0,0,0,0
30_009738.wav,train,1,0,0,0,0,0,0,0
30_009740.wav,train,0,0,0,0,1,0,0,0
30_009758.wav,train,1,0,0,0,0,0,0,0
30_009766.wav,train,1,0,1,0,0,0,0,0
30_009818.wav,train,1,0,0,0,0,0,0,0
30_009827.wav,train,1,0,0,0,0,0,0,0
30_009833.wav,train,1,0,0,0,1,0,0,0
30_009843.wav,train,1,0,0,0,0,0,0,0
30_009848.wav,train,1,0,0,0,0,0,0,0
30_009854.wav,train,1,0,0,0,0,0,0,0
30_009872.wav,train,0,0,0,0,0,0,1,0
30_009982.wav,train,1,0,0,0,1,0,0,0
30_010152.wav,train,1,0,0,0,0,0,0,0
30_010205.wav,train,1,0,0,0,0,0,0,0
30_010275.wav,train,1,0,0,0,0,0,0,0
30_010357.wav,train,1,0,0,0,0,0,0,0
30_010372.wav,train,1,0,0,0,0,0,0,0
30_010623.wav,train,1,0,0,0,0,0,0,0
30_010753.wav,train,1,0,0,0,0,0,1,0
30_010882.wav,train,1,0,0,0,0,0,0,0
30_011103.wav,train,1,0,0,0,0,0,0,0
30_011330.wav,train,1,0,0,0,0,0,0,0
30_011339.wav,train,1,0,0,0,0,0,1,0
30_011358.wav,train,1,0,0,0,0,0,0,0
30_011437.wav,train,0,0,0,0,0,0,1,0
30_011553.wav,train,0,1,0,0,0,0,0,0
30_011654.wav,train,0,0,0,0,0,0,0,0
30_011688.wav,train,1,0,0,0,0,0,1,0
30_011768.wav,train,1,0,0,0,0,0,0,0
30_011863.wav,train,0,0,0,0,0,0,0,0
30_011893.wav,train,1,0,0,0,0,0,0,0
30_011909.wav,train,1,0,0,0,0,0,0,0
30_011933.wav,train,1,0,0,0,0,0,0,0
30_011960.wav,train,1,0,0,0,0,0,0,0
30_012179.wav,train,1,0,0,0,0,0,0,0
30_012228.wav,train,0,0,0,0,0,0,0,0
30_012272.wav,train,0,0,0,0,0,0,0,0
30_012285.wav,train,0,0,0,0,0,0,0,0
30_012516.wav,train,0,0,0,0,1,0,0,0
30_012567.wav,train,0,0,0,0,1,0,0,0
30_012584.wav,train,1,0,0,0,0,0,0,0
30_012928.wav,train,0,0,0,0,0,0,0,0
30_013157.wav,train,0,0,0,0,0,0,0,0
30_013171.wav,train,0,0,0,0,0,0,0,0
30_013260.wav,train,1,0,0,0,0,0,0,0
30_013520.wav,train,1,0,0,0,0,0,0,0
30_013640.wav,train,1,0,0,0,1,0,0,0
30_018590.wav,train,0,0,0,0,1,0,0,0
30_019716.wav,train,1,0,0,0,0,0,0,0
30_020664.wav,train,0,0,1,0,0,0,0,0
30_027366.wav,test,1,0,0,0,1,0,1,0
30_027372.wav,test,1,0,1,0,0,0,0,0
31_000007.wav,train,0,0,0,0,0,0,0,0
31_000026.wav,train,0,0,0,0,1,0,0,0
31_000047.wav,train,0,0,1,0,0,0,0,0
31_000063.wav,train,0,1,0,0,0,0,0,0
31_000201.wav,train,0,0,0,0,0,0,0,1
31_000224.wav,train,1,0,0,0,0,0,0,0
31_000246.wav,train,0,0,0,0,0,1,0,0
31_000260.wav,train,1,0,0,0,0,0,0,0
31_000273.wav,train,0,0,0,0,0,0,0,0
31_000296.wav,train,0,0,0,0,1,0,0,0
31_000328.wav,train,0,0,0,0,0,0,1,0
31_000433.wav,train,1,0,0,0,0,0,0,0
31_000461.wav,train,0,0,0,0,0,0,0,1
31_000462.wav,train,0,0,0,0,0,0,0,1
31_000536.wav,train,0,0,0,0,0,0,0,1
31_000545.wav,train,0,0,0,0,1,0,0,0
31_000576.wav,train,1,0,0,0,0,0,0,0
31_000610.wav,train,0,1,0,0,0,0,0,0
31_000678.wav,train,0,0,1,0,0,0,0,0
31_000787.wav,train,0,0,0,0,0,0,0,0
31_000853.wav,train,0,0,0,0,0,0,0,1
31_000861.wav,train,0,1,0,0,0,0,0,0
31_000866.wav,train,0,1,0,0,0,0,0,0
31_000878.wav,train,1,1,0,0,0,0,0,0
31_000889.wav,train,0,1,0,0,0,0,0,0
31_000938.wav,train,1,0,0,0,1,0,0,1
31_001074.wav,train,0,0,0,0,1,0,0,0
31_001075.wav,train,0,0,0,0,0,1,0,0
31_001083.wav,train,0,0,0,0,0,0,0,0
31_001224.wav,train,1,0,0,0,0,0,0,0
31_001245.wav,train,0,0,0,0,0,0,1,0
31_001278.wav,train,0,0,0,0,0,0,1,1
31_001314.wav,train,0,0,0,0,0,0,0,1
31_001372.wav,train,0,1,0,0,0,0,0,0
31_001393.wav,train,0,0,0,1,0,0,0,0
31_001445.wav,train,0,0,0,0,0,0,0,1
31_001642.wav,train,1,0,1,0,1,0,0,0
31_001720.wav,train,0,0,0,0,1,0,0,0
31_001733.wav,train,0,0,0,1,0,0,0,0
31_001812.wav,train,0,1,0,0,0,0,0,0
31_001844.wav,train,0,0,0,0,0,0,1,0
31_001857.wav,train,0,0,0,1,0,0,0,0
31_001885.wav,train,0,0,0,0,0,0,0,0
31_001966.wav,train,0,0,0,0,0,0,0,1
31_002018.wav,train,0,0,0,0,0,0,0,0
31_002019.wav,train,0,1,0,0,0,0,0,0
31_002080.wav,train,1,0,0,0,0,0,0,0
31_002146.wav,train,1,0,0,0,0,0,0,0
31_002237.wav,train,0,0,0,0,0,0,0,0
31_002275.wav,train,1,0,0,0,0,0,1,0
31_002276.wav,train,1,0,0,0,0,0,0,0
31_002299.wav,train,0,0,0,0,0,0,0,0
31_002313.wav,train,0,0,0,0,1,0,0,0
31_002407.wav,train,0,0,0,0,0,1,0,0
31_002419.wav,train,0,0,0,0,0,0,0,0
31_002576.wav,train,0,0,0,0,0,0,0,1
31_002676.wav,train,0,0,0,1,0,0,0,0
31_002718.wav,train,0,1,0,0,0,0,0,0
31_002736.wav,train,0,0,0,0,0,1,0,0
31_002803.wav,train,0,0,0,1,0,0,0,0
31_002806.wav,train,0,0,0,0,0,0,0,1
31_002824.wav,train,0,0,0,0,0,1,0,0
31_002831.wav,train,0,0,0,0,0,0,0,1
31_002857.wav,train,0,1,0,0,0,0,0,0
31_002866.wav,train,0,0,0,0,0,0,0,0
31_002890.wav,train,0,1,0,0,0,0,0,0
31_002900.wav,train,0,0,0,0,0,0,1,0
31_002985.wav,train,0,0,0,0,0,1,0,0
31_002992.wav,train,0,0,0,0,0,0,0,1
31_003024.wav,train,0,0,0,0,0,0,0,0
31_003061.wav,train,1,0,0,0,0,0,1,0
31_003100.wav,train,0,1,0,0,0,0,0,0
31_003126.wav,train,0,0,0,0,0,0,0,0
31_003131.wav,train,0,1,0,0,0,0,0,0
31_003132.wav,train,1,0,0,0,0,0,0,0
31_003178.wav,train,0,0,0,0,0,0,1,0
31_003192.wav,train,0,0,0,0,0,0,0,1
31_003234.wav,train,0,0,0,0,0,0,0,0
31_003256.wav,train,0,1,0,0,0,0,0,0
31_003401.wav,train,1,0,0,0,0,0,0,0
31_003458.wav,train,0,0,0,1,0,0,0,0
31_003476.wav,train,0,0,0,0,0,0,0,1
31_003498.wav,train,0,0,0,0,0,1,0,0
31_003584.wav,train,0,0,0,0,0,0,0,1
31_003693.wav,train,0,0,0,0,0,0,0,0
31_003710.wav,train,0,0,0,0,0,0,0,0
31_003734.wav,train,0,0,0,0,0,0,0,1
31_003824.wav,train,0,0,0,1,0,0,0,0
31_003836.wav,train,0,0,0,0,1,0,0,0
31_003887.wav,train,1,0,0,0,0,0,0,1
31_003914.wav,train,0,0,0,0,0,0,0,1
31_003947.wav,train,1,0,0,0,0,0,0,0
31_003999.wav,train,1,0,0,0,0,0,0,0
31_004013.wav,train,0,0,0,0,0,0,0,1
31_004014.wav,train,0,0,0,0,0,0,0,0
31_004040.wav,train,0,0,0,0,0,0,0,1
31_004052.wav,train,1,0,0,0,0,0,0,0
31_004172.wav,train,0,0,0,0,0,0,0,1
31_004192.wav,train,1,0,0,0,0,0,1,0
31_004197.wav,train,0,0,0,0,0,0,0,0
31_004208.wav,train,0,0,0,0,0,0,0,0
31_004259.wav,train,0,0,0,0,0,0,0,0
31_004300.wav,train,0,1,0,0,0,0,0,0
31_004322.wav,train,0,0,0,1,0,0,0,0
31_004366.wav,train,0,1,0,0,0,0,0,0
31_004472.wav,train,0,0,0,0,0,0,0,1
31_004508.wav,train,0,1,0,0,0,0,0,0
31_004529.wav,train,1,0,0,0,0,0,0,0
31_004590.wav,train,0,1,0,0,0,0,0,0
31_004593.wav,train,0,0,0,0,0,0,0,0
31_004810.wav,train,0,0,0,0,0,0,1,0
31_004851.wav,train,0,1,0,0,0,0,0,0
31_004903.wav,train,0,0,0,0,1,0,0,0
31_004910.wav,train,1,0,0,0,0,0,0,0
31_004941.wav,train,0,0,0,0,0,0,0,0
31_004964.wav,train,1,0,0,0,0,0,1,0
31_005033.wav,train,0,0,0,1,0,0,0,0
31_005085.wav,train,0,0,0,0,0,0,0,0
31_005087.wav,train,0,0,0,0,0,0,0,0
31_005111.wav,train,0,1,0,0,0,0,0,1
31_005113.wav,train,0,0,0,0,0,0,0,1
31_005146.wav,train,0,0,0,0,0,0,0,0
31_005154.wav,train,0,0,0,0,0,1,0,0
31_005203.wav,train,1,1,0,0,0,0,0,0
31_005251.wav,train,0,0,0,1,0,0,0,0
31_005266.wav,train,0,0,0,0,0,0,0,1
31_005285.wav,train,0,0,0,0,0,0,0,0
31_005291.wav,train,0,0,0,0,0,0,0,1
31_005309.wav,train,0,1,0,0,0,0,0,0
31_005314.wav,train,0,1,0,0,0,0,0,0
31_005335.wav,train,0,0,0,0,0,0,0,1
31_005357.wav,train,0,0,0,1,0,0,0,0
31_005359.wav,train,0,0,0,0,1,0,0,0
31_005400.wav,train,0,0,0,0,0,0,0,1
31_005446.wav,train,0,0,0,0,0,0,0,1
31_005451.wav,train,0,1,0,0,0,0,0,0
31_005470.wav,train,0,1,0,0,0,0,0,0
31_005489.wav,train,0,0,0,0,1,0,1,0
31_005510.wav,train,1,0,0,0,0,0,0,0
31_005514.wav,train,0,0,0,0,0,1,0,0
31_005518.wav,train,1,0,0,0,0,0,0,0
31_005529.wav,train,0,0,0,0,0,0,0,0
31_005572.wav,train,1,0,0,0,0,0,0,0
31_005590.wav,train,0,0,0,0,0,0,0,0
31_005616.wav,train,0,0,0,0,0,0,0,0
31_005617.wav,train,0,0,0,0,0,0,1,0
31_005623.wav,train,1,0,0,0,0,0,0,0
31_005626.wav,train,0,1,0,0,0,0,0,0
31_005635.wav,train,0,0,0,0,0,1,1,0
31_005651.wav,train,0,1,0,0,0,0,0,0
31_005660.wav,train,0,0,0,0,1,0,0,0
31_005674.wav,train,0,0,0,0,0,0,1,0
31_005677.wav,train,0,0,0,0,0,0,0,0
31_005756.wav,train,0,1,0,0,0,0,0,1
31_005836.wav,train,0,0,0,0,1,0,0,0
31_005860.wav,train,0,0,1,0,0,0,0,0
31_005894.wav,train,0,1,0,0,0,0,0,0
31_005908.wav,train,0,0,0,0,0,0,0,0
31_005919.wav,train,0,0,0,0,0,0,0,0
31_005933.wav,train,0,1,0,0,0,0,0,0
31_005951.wav,train,0,0,0,0,0,0,0,0
31_006017.wav,train,0,0,0,0,0,1,0,0
31_006026.wav,train,0,0,0,0,1,0,0,1
31_006035.wav,train,0,0,0,0,0,0,0,0
31_006043.wav,train,0,0,0,0,0,0,0,1
31_006092.wav,train,0,0,0,0,1,0,0,1
31_006128.wav,train,1,0,0,0,0,0,1,0
31_006138.wav,train,0,0,0,0,0,0,0,0
31_006227.wav,train,0,0,0,0,0,0,0,1
31_006275.wav,train,0,0,0,0,0,0,0,0
31_006346.wav,train,0,0,0,0,0,0,0,1
31_006417.wav,train,0,0,0,1,0,0,0,0
31_006429.wav,train,0,1,0,0,0,0,0,0
31_006442.wav,train,0,0,0,1,0,0,0,0
31_006471.wav,train,0,1,0,0,0,0,0,0
31_006508.wav,train,0,0,0,0,0,0,1,0
31_006570.wav,train,0,0,0,0,0,0,0,0
31_006597.wav,train,0,0,0,1,0,0,0,0
31_006674.wav,train,0,0,0,0,0,0,0,1
31_006685.wav,train,0,0,0,0,0,0,0,1
31_006761.wav,train,0,0,0,0,0,0,0,1
31_006790.wav,train,0,0,0,0,0,0,0,0
31_006791.wav,train,1,0,0,0,0,0,0,0
31_006825.wav,train,0,0,0,0,0,0,0,1
31_006867.wav,train,1,0,0,0,0,0,0,0
31_006889.wav,train,0,0,0,1,0,0,0,0
31_006951.wav,train,0,0,0,0,0,1,0,0
31_006973.wav,train,0,1,0,0,0,0,0,0
31_006978.wav,train,0,1,0,0,0,0,0,0
31_006981.wav,train,0,0,0,0,0,0,1,0
31_006984.wav,train,1,0,0,0,0,0,0,0
31_007008.wav,train,0,0,0,0,0,0,0,1
31_007026.wav,train,0,0,0,0,0,0,0,0
31_007068.wav,train,0,1,0,0,0,0,0,0
31_007077.wav,train,0,0,0,0,0,0,0,1
31_007086.wav,train,0,0,0,0,0,0,0,1
31_007097.wav,train,0,0,0,0,0,1,0,0
31_007116.wav,train,0,0,0,0,1,0,0,0
31_007166.wav,train,0,0,0,0,0,1,0,0
31_007194.wav,train,0,0,0,0,0,0,1,1
31_007209.wav,train,0,1,0,0,0,0,0,0
31_007256.wav,train,0,0,0,0,0,0,0,1
31_007290.wav,train,0,0,0,0,0,0,0,0
31_007293.wav,train,1,0,0,0,0,0,0,0
31_007298.wav,train,0,0,0,0,0,0,0,1
31_007347.wav,train,0,0,0,0,0,0,0,0
31_007398.wav,train,0,0,0,0,0,1,0,0
31_007465.wav,train,0,0,0,1,0,0,0,0
31_007489.wav,train,0,1,0,0,0,0,0,0
31_007500.wav,train,0,0,0,1,0,0,0,0
31_007567.wav,train,0,0,0,0,0,0,0,1
31_007569.wav,train,0,0,0,0,0,0,1,0
31_007582.wav,train,0,1,0,0,0,0,0,0
31_007622.wav,train,0,1,0,0,0,0,0,0
31_007632.wav,train,0,0,0,0,0,0,0,1
31_007666.wav,train,1,0,0,0,0,0,0,0
31_007676.wav,train,0,0,0,0,1,0,0,1
31_007700.wav,train,0,1,0,0,0,0,0,0
31_007715.wav,train,0,0,0,0,1,0,0,1
31_007758.wav,train,0,0,0,1,0,0,0,0
31_007760.wav,train,0,0,0,0,0,0,0,0
31_007765.wav,train,0,0,0,0,0,0,0,1
31_007840.wav,train,0,0,0,0,0,1,1,0
31_007855.wav,train,0,0,0,0,1,0,0,0
31_007870.wav,train,0,0,0,0,0,0,1,0
31_007945.wav,train,0,0,0,0,0,0,0,1
31_007952.wav,train,0,0,0,0,0,0,0,1
31_008002.wav,train,0,0,0,0,0,1,0,0
31_008057.wav,train,0,0,0,0,0,0,1,0
31_008080.wav,train,0,0,0,0,0,0,0,1
31_008104.wav,train,0,1,0,0,0,0,0,0
31_008106.wav,train,0,0,0,0,0,0,0,1
31_008129.wav,train,0,0,0,0,0,0,0,1
31_008143.wav,train,0,1,0,0,0,0,0,0
31_008168.wav,train,0,0,0,0,0,0,0,0
31_008172.wav,train,0,0,0,0,0,0,0,0
31_008184.wav,train,0,0,0,1,0,0,0,0
31_008185.wav,train,0,0,0,0,0,0,0,1
31_008189.wav,train,0,0,0,1,0,0,0,0
31_008235.wav,train,0,0,0,0,0,0,0,1
31_008247.wav,train,0,0,0,0,0,0,0,0
31_008249.wav,train,0,0,0,0,0,0,0,0
31_008296.wav,train,1,0,0,0,0,0,0,0
31_008314.wav,train,0,1,0,0,0,0,0,0
31_008325.wav,train,0,0,0,0,0,0,0,0
31_008326.wav,train,0,0,0,0,0,0,0,0
31_008382.wav,train,0,0,0,0,0,0,1,1
31_008400.wav,train,0,0,0,0,0,0,0,1
31_008401.wav,train,0,0,0,0,0,0,0,0
31_008416.wav,train,0,1,0,0,0,0,0,0
31_008471.wav,train,0,0,0,0,0,0,0,1
31_008477.wav,train,0,0,0,1,0,0,0,0
31_008510.wav,train,0,0,0,0,0,0,0,0
31_008577.wav,train,0,0,0,1,0,0,0,0
31_008597.wav,train,0,1,0,0,0,0,0,0
31_008626.wav,train,0,1,0,0,0,0,0,1
31_008679.wav,train,0,0,0,0,0,0,1,0
31_008684.wav,train,0,0,0,0,0,0,0,1
31_008717.wav,train,0,0,0,1,0,0,0,0
31_008737.wav,train,0,1,0,0,0,0,0,0
31_008760.wav,train,0,0,0,0,0,0,0,1
31_008854.wav,train,0,0,0,0,1,0,0,1
31_008874.wav,train,0,0,0,0,0,0,0,1
31_008884.wav,train,0,1,0,0,0,0,0,0
31_008898.wav,train,0,0,0,0,0,0,1,0
31_008981.wav,train,0,1,0,0,0,0,0,0
31_008997.wav,train,0,0,0,0,0,0,0,1
31_009075.wav,train,0,0,0,0,0,0,0,1
31_009085.wav,train,0,0,0,0,0,0,0,1
31_009124.wav,train,0,0,0,0,0,0,0,0
31_009142.wav,train,0,0,0,0,0,0,0,1
31_009168.wav,train,0,0,0,0,1,0,0,0
31_009183.wav,train,0,0,0,0,0,0,0,0
31_009211.wav,train,0,0,0,0,0,0,0,1
31_009235.wav,train,0,0,0,0,0,0,0,1
31_009240.wav,train,0,0,0,0,0,0,0,1
31_009262.wav,train,0,0,0,0,0,0,0,1
31_009318.wav,train,0,0,0,0,0,0,0,1
31_009343.wav,train,0,0,0,0,0,0,0,1
31_009372.wav,train,0,0,0,0,0,0,0,0
31_009386.wav,train,0,0,0,0,0,0,0,0
31_009392.wav,train,0,0,0,0,0,0,0,1
31_009405.wav,train,0,0,0,0,0,0,1,0
31_009446.wav,train,0,0,0,0,0,0,0,1
31_009456.wav,train,0,0,0,0,1,0,0,1
31_009461.wav,train,0,0,0,0,1,0,0,0
31_009483.wav,train,0,0,0,0,0,0,0,1
31_009519.wav,train,0,0,0,0,0,0,1,1
31_009525.wav,train,0,0,0,0,0,0,1,0
31_009546.wav,train,0,0,0,0,0,0,0,1
31_009583.wav,train,0,0,0,0,0,0,0,1
31_009590.wav,train,0,0,0,0,0,0,0,1
31_009595.wav,train,0,0,1,0,0,0,0,1
31_009601.wav,train,0,0,0,0,0,0,1,0
31_009605.wav,train,0,0,0,0,0,0,0,0
31_009609.wav,train,0,0,0,0,0,0,0,0
31_009674.wav,train,0,0,0,0,0,0,0,1
31_009684.wav,train,0,0,0,0,0,0,0,1
31_009689.wav,train,0,0,0,0,1,0,0,0
31_009715.wav,train,1,0,0,0,0,0,0,0
31_009720.wav,train,0,0,0,0,0,0,0,1
31_009726.wav,train,1,0,0,0,0,0,0,0
31_009749.wav,train,0,0,0,0,0,0,1,0
31_009781.wav,train,0,0,0,0,0,0,0,0
31_009836.wav,train,0,0,0,0,0,0,0,0
31_009862.wav,train,0,0,0,0,0,0,0,1
31_009885.wav,train,0,0,0,0,0,0,0,1
31_009891.wav,train,0,0,0,0,0,0,0,1
31_009910.wav,train,0,0,0,0,0,0,1,1
31_009934.wav,train,0,0,0,0,0,0,1,1
31_009962.wav,train,0,0,0,0,0,0,0,0
31_009970.wav,train,0,0,0,0,0,0,0,1
31_009973.wav,train,0,0,0,0,0,0,0,0
31_010011.wav,train,0,0,0,0,0,0,0,1
31_010041.wav,train,0,0,0,0,0,0,0,1
31_010046.wav,train,0,0,0,0,0,0,0,0
31_010056.wav,train,0,0,0,0,0,0,0,1
31_010070.wav,train,0,0,0,0,0,0,0,1
31_010073.wav,train,0,0,0,0,0,0,0,1
31_010074.wav,train,0,0,0,0,0,0,1,0
31_010119.wav,train,0,0,0,0,0,0,1,1
31_010129.wav,train,0,0,0,0,0,0,0,0
31_010130.wav,train,0,0,0,0,0,0,1,1
31_010133.wav,train,0,0,0,0,0,0,1,1
31_010140.wav,train,0,0,0,0,0,0,0,1
31_010167.wav,train,0,0,0,0,0,0,0,0
31_010178.wav,train,0,0,0,0,0,0,0,1
31_010182.wav,train,0,0,0,0,1,0,0,0
31_010183.wav,train,0,0,0,0,0,0,0,1
31_010212.wav,train,0,0,0,0,0,0,1,1
31_010216.wav,train,0,0,0,0,0,0,0,0
31_010221.wav,train,0,0,0,0,0,0,0,1
31_010229.wav,train,0,0,0,0,0,0,0,1
31_010241.wav,train,1,0,0,0,0,0,0,0
31_010266.wav,train,0,0,0,0,0,0,0,1
31_010293.wav,train,1,0,0,0,1,0,0,1
31_010348.wav,train,0,0,1,0,0,0,0,0
31_010356.wav,train,1,0,0,0,1,0,0,0
31_010385.wav,train,1,0,0,0,0,0,0,0
31_010408.wav,train,0,0,0,1,0,0,0,0
31_010424.wav,train,0,0,0,0,0,0,0,0
31_010437.wav,train,0,1,0,0,0,0,0,0
31_010441.wav,train,1,0,0,0,0,0,1,0
31_010473.wav,train,0,0,0,0,0,0,0,1
31_010495.wav,train,1,0,0,0,0,0,0,0
31_010531.wav,train,0,0,0,0,0,1,0,0
31_010541.wav,train,0,0,0,1,0,0,0,0
31_010553.wav,train,1,0,0,0,0,0,0,0
31_010575.wav,train,1,0,0,0,0,0,0,0
31_010585.wav,train,0,0,0,0,1,0,0,1
31_010594.wav,train,0,0,0,0,0,0,0,1
31_010618.wav,train,0,0,0,0,1,0,0,0
31_010725.wav,train,1,0,0,0,0,0,0,0
31_010734.wav,train,0,1,0,0,0,0,0,0
31_010774.wav,train,0,0,0,0,0,0,0,1
31_010806.wav,train,0,0,0,0,0,0,1,0
31_010807.wav,train,0,0,0,0,0,0,0,1
31_010840.wav,train,1,0,0,0,0,0,0,0
31_010847.wav,train,0,0,0,0,0,0,1,1
31_010851.wav,train,1,0,0,0,0,0,0,0
31_010873.wav,train,0,0,0,1,0,0,0,0
31_010891.wav,train,0,0,0,0,1,0,0,0
31_010922.wav,train,0,0,0,0,0,0,0,0
31_010935.wav,train,0,0,0,0,0,0,0,1
31_010941.wav,train,0,0,0,1,0,0,0,0
31_010973.wav,train,1,0,0,0,0,0,0,0
31_010997.wav,train,0,0,0,0,0,0,0,0
31_011004.wav,train,0,0,0,0,0,0,0,0
31_011115.wav,train,0,0,0,0,0,0,0,0
31_011173.wav,train,0,0,0,1,1,0,0,0
31_011186.wav,train,0,0,0,0,1,0,1,1
31_011195.wav,train,0,0,0,0,0,0,1,0
31_011270.wav,train,1,0,0,0,0,0,0,0
31_011318.wav,train,0,0,0,0,1,0,0,1
31_011335.wav,train,0,0,0,0,0,0,0,1
31_011352.wav,train,0,0,0,0,0,0,0,0
31_011385.wav,train,0,0,0,0,0,0,0,0
31_011432.wav,train,0,1,0,0,0,0,0,0
31_011485.wav,train,0,0,0,0,0,0,0,0
31_011499.wav,train,1,0,0,0,0,0,0,0
31_011517.wav,train,0,0,0,0,0,0,1,0
31_011551.wav,train,0,0,0,0,0,0,0,0
31_011564.wav,train,0,0,0,0,1,0,0,1
31_011572.wav,train,0,0,0,0,0,0,0,1
31_011579.wav,train,0,0,0,0,0,0,1,0
31_011584.wav,train,0,0,0,0,0,0,0,1
31_011590.wav,train,0,0,0,0,0,0,0,0
31_011646.wav,train,0,0,0,0,0,0,1,1
31_011690.wav,train,0,0,0,0,0,0,1,0
31_011719.wav,train,0,0,0,0,0,0,1,0
31_011733.wav,train,0,0,0,0,0,0,0,1
31_011741.wav,train,1,0,0,0,0,0,0,1
31_011825.wav,train,0,0,0,0,0,0,1,1
31_011924.wav,train,0,0,0,0,0,0,0,0
31_011929.wav,train,0,0,0,0,0,0,0,0
31_011983.wav,train,0,0,0,0,0,0,0,1
31_012010.wav,train,0,0,0,0,0,0,0,1
31_012045.wav,train,0,0,0,0,1,0,1,1
31_012064.wav,train,0,1,0,0,0,0,0,0
31_012116.wav,train,0,0,0,0,1,0,0,1
31_012152.wav,train,0,0,0,0,1,0,0,0
31_012199.wav,train,0,0,0,0,0,1,0,0
31_012200.wav,train,0,0,0,0,0,0,0,0
31_012222.wav,train,0,0,0,1,0,0,0,0
31_012249.wav,train,0,0,0,0,0,0,0,1
31_012250.wav,train,0,0,0,0,0,0,0,0
31_012251.wav,train,0,0,0,0,0,0,1,0
31_012324.wav,train,0,0,0,0,0,0,0,1
31_012443.wav,train,0,0,0,0,0,0,0,1
31_012494.wav,train,0,0,0,0,0,0,0,0
31_012499.wav,train,0,0,0,0,0,0,0,1
31_012506.wav,train,0,0,0,0,0,0,0,1
31_012549.wav,train,0,0,0,0,0,0,0,0
31_012552.wav,train,1,0,0,0,0,0,0,0
31_012598.wav,train,0,0,0,0,1,0,0,0
31_012602.wav,train,0,0,0,0,0,0,0,1
31_012636.wav,train,0,0,0,0,0,0,0,0
31_012639.wav,train,0,0,0,0,0,0,0,0
31_012738.wav,train,0,0,0,0,0,0,0,0
31_012817.wav,train,0,0,0,0,0,0,0,0
31_012828.wav,train,0,0,0,0,0,1,0,1
31_012829.wav,train,0,0,0,0,1,0,0,0
31_012898.wav,train,0,0,0,0,0,0,0,1
31_012929.wav,train,0,0,0,0,0,0,0,0
31_012944.wav,train,1,0,0,0,0,0,0,0
31_012948.wav,train,0,0,0,0,0,1,0,0
31_012963.wav,train,0,0,0,0,1,0,0,0
31_012976.wav,train,0,0,0,0,1,0,0,0
31_012995.wav,train,0,0,0,0,0,0,0,0
31_012996.wav,train,0,0,0,0,0,0,0,1
31_013008.wav,train,0,0,0,0,0,0,0,0
31_013029.wav,train,0,0,0,0,0,0,0,1
31_013032.wav,train,0,0,0,0,0,0,0,0
31_013057.wav,train,0,0,0,1,0,0,0,0
31_013106.wav,train,0,0,0,0,0,0,1,1
31_013107.wav,train,0,0,0,0,0,1,0,0
31_013123.wav,train,0,0,0,0,0,0,0,0
31_013127.wav,train,0,0,0,0,0,0,0,1
31_013287.wav,train,1,0,0,0,0,0,1,0
31_013315.wav,train,0,0,0,0,0,0,0,1
31_013353.wav,train,1,0,0,0,0,0,0,0
31_013359.wav,train,0,0,0,0,0,0,0,0
31_013440.wav,train,0,0,0,0,0,1,0,0
31_013464.wav,train,0,0,0,0,0,0,0,0
31_013481.wav,train,0,0,0,0,0,0,0,1
31_013496.wav,train,0,1,0,0,0,0,0,0
31_013542.wav,train,0,0,0,0,0,0,0,0
31_013560.wav,train,0,0,0,1,0,0,0,0
31_013575.wav,train,0,0,0,0,1,0,1,0
31_013585.wav,train,0,0,0,0,0,0,0,0
31_013599.wav,train,0,0,0,1,0,0,0,0
31_013621.wav,train,0,0,0,0,0,0,1,0
31_013662.wav,train,0,0,0,0,0,0,0,1
31_013682.wav,train,0,1,0,0,0,0,0,0
31_013695.wav,train,1,0,0,0,0,0,1,0
31_013697.wav,train,0,0,0,1,0,0,0,0
31_016284.wav,train,0,0,0,0,0,0,0,0
31_016320.wav,train,0,0,0,0,0,1,0,0
31_016328.wav,train,0,0,0,0,0,0,0,0
31_016331.wav,train,0,0,0,0,0,0,0,0
31_016349.wav,train,0,0,0,0,0,1,0,0
31_016356.wav,train,1,0,0,0,0,0,0,0
31_016374.wav,train,0,0,0,0,0,1,0,0
31_016389.wav,train,0,0,0,0,1,0,1,0
31_016406.wav,train,0,0,0,0,0,0,0,0
31_016493.wav,train,0,0,0,0,0,1,1,0
31_016497.wav,train,0,0,0,0,0,1,0,0
31_016521.wav,train,1,0,0,0,0,0,0,1
31_016547.wav,train,0,0,0,0,0,0,0,0
31_016553.wav,train,0,0,0,0,0,0,0,0
31_016556.wav,train,0,0,0,0,0,1,0,1
31_016634.wav,train,0,0,0,0,1,0,0,1
31_016641.wav,train,0,1,0,0,0,0,0,0
31_016646.wav,train,0,0,0,0,1,0,0,0
31_016686.wav,train,0,0,0,0,1,0,0,0
31_016707.wav,train,1,0,0,0,0,0,0,0
31_016713.wav,train,0,0,0,0,0,1,0,1
31_016715.wav,train,1,0,0,0,0,0,0,0
31_016735.wav,train,0,0,0,0,0,0,1,1
31_016744.wav,train,0,0,0,0,0,1,1,0
31_016762.wav,train,0,0,0,0,0,1,0,0
31_016775.wav,train,0,0,0,1,0,0,0,0
31_016803.wav,train,0,0,0,0,0,0,1,0
31_016817.wav,train,0,0,0,0,0,0,1,1
31_016819.wav,train,0,0,0,0,0,0,0,1
31_016867.wav,train,0,0,1,0,0,0,0,0
31_016917.wav,train,0,0,0,0,0,0,0,0
31_016919.wav,train,0,0,0,0,0,0,0,0
31_017004.wav,train,0,0,0,0,0,1,0,0
31_017047.wav,train,1,0,0,0,0,0,0,0
31_017049.wav,train,0,0,0,0,0,0,0,0
31_017084.wav,train,1,0,0,0,1,0,0,0
31_017130.wav,train,0,0,0,0,0,0,0,1
31_017151.wav,train,0,0,0,0,1,1,0,0
31_017189.wav,train,0,0,0,0,0,0,1,0
31_017235.wav,train,0,0,0,0,0,0,0,0
31_017242.wav,train,0,0,0,0,1,0,0,0
31_017251.wav,train,0,0,0,0,0,1,1,0
31_017256.wav,train,1,0,0,0,0,0,1,0
31_017272.wav,train,0,0,0,0,0,0,0,0
31_017281.wav,train,1,0,0,0,0,0,0,0
31_017297.wav,train,0,0,0,0,0,0,0,0
31_017364.wav,train,0,0,0,0,0,1,1,0
31_017373.wav,train,1,0,0,0,0,0,0,0
31_017388.wav,train,1,0,0,0,1,0,0,0
31_017401.wav,train,0,0,0,0,0,0,1,0
31_017403.wav,train,0,1,0,0,0,0,0,0
31_017416.wav,train,0,0,1,0,0,0,0,0
31_017441.wav,train,1,0,0,0,0,0,0,0
31_017518.wav,train,0,1,0,0,0,0,0,0
31_017578.wav,train,0,1,0,0,0,0,0,0
31_017658.wav,train,0,0,0,0,0,0,0,0
31_017786.wav,train,0,0,0,0,0,1,1,0
31_017802.wav,train,0,0,0,0,0,1,0,0
31_017817.wav,train,0,0,0,0,0,0,0,1
31_017820.wav,train,0,0,0,0,1,0,0,0
31_017824.wav,train,0,0,0,0,0,1,1,1
31_017858.wav,train,0,0,0,0,0,0,1,0
31_017879.wav,train,0,0,0,0,0,0,0,0
31_017907.wav,train,0,0,0,0,0,0,0,0
31_017967.wav,train,0,0,0,0,0,0,1,0
31_017994.wav,train,0,0,0,0,0,0,0,0
31_018124.wav,train,0,0,0,0,0,0,0,0
31_018129.wav,train,0,0,0,0,0,0,0,1
31_018138.wav,train,0,0,0,0,0,0,1,0
31_018213.wav,train,1,0,0,0,0,0,0,0
31_018215.wav,train,0,0,0,0,1,0,0,0
31_018228.wav,train,0,0,0,0,0,1,0,0
31_018246.wav,train,0,0,0,0,1,0,1,0
31_018252.wav,train,0,0,0,0,0,0,0,0
31_018267.wav,train,1,0,0,0,0,0,0,0
31_018290.wav,train,0,0,0,0,0,0,0,0
31_018315.wav,train,0,0,0,0,0,0,0,0
31_018352.wav,train,0,0,0,0,0,0,0,0
31_018455.wav,train,1,0,0,0,0,1,0,0
31_018497.wav,train,0,0,0,0,1,0,0,0
31_018499.wav,train,0,0,0,0,0,1,0,0
31_018559.wav,train,0,0,0,0,0,0,0,0
31_018564.wav,train,0,1,0,0,0,0,0,0
31_018572.wav,train,0,0,0,0,0,0,0,0
31_018613.wav,train,0,0,0,0,0,0,0,1
31_018647.wav,train,1,0,0,0,0,0,0,0
31_018648.wav,train,1,0,0,0,0,0,1,0
31_018681.wav,train,0,0,0,0,0,0,0,0
31_018707.wav,train,0,0,0,0,0,0,0,0
31_018717.wav,train,0,0,0,0,0,0,0,0
31_018785.wav,train,0,0,0,0,0,0,1,0
31_018820.wav,train,0,0,0,0,0,0,1,0
31_018839.wav,train,0,0,0,0,0,0,1,0
31_018852.wav,train,0,0,0,0,0,0,0,0
31_018876.wav,train,0,0,0,1,0,0,0,0
31_018914.wav,train,1,0,0,0,0,0,0,1
31_018918.wav,train,0,0,0,0,0,1,0,0
31_018927.wav,train,0,0,0,0,0,0,0,0
31_018962.wav,train,0,0,0,0,0,0,0,0
31_018966.wav,train,0,0,0,1,1,0,0,0
31_018981.wav,train,1,0,0,0,0,0,0,0
31_019010.wav,train,0,0,0,0,1,0,0,0
31_019104.wav,train,0,0,0,0,0,0,0,0
31_019105.wav,train,0,0,0,0,0,0,1,0
31_019116.wav,train,0,0,0,0,0,1,0,0
31_019128.wav,train,1,0,0,0,0,0,0,0
31_019180.wav,train,0,0,0,0,1,0,0,0
31_019187.wav,train,1,0,0,0,0,0,0,0
31_019205.wav,train,0,0,0,0,0,0,0,0
31_019274.wav,train,0,0,0,0,0,0,0,0
31_019306.wav,train,0,0,0,0,0,0,0,0
31_019309.wav,train,0,0,0,0,0,0,1,0
31_019312.wav,train,1,0,0,0,0,0,0,0
31_019316.wav,train,0,0,0,0,0,0,0,0
31_019320.wav,train,1,0,0,0,0,0,0,0
31_019358.wav,train,0,0,0,0,0,1,0,0
31_019359.wav,train,0,0,0,0,0,1,0,0
31_019488.wav,train,0,0,0,0,0,1,0,0
31_019490.wav,train,1,0,0,0,0,0,0,0
31_019499.wav,train,0,0,0,0,0,1,0,0
31_019547.wav,train,0,0,0,0,0,0,0,0
31_019590.wav,train,0,0,0,0,1,0,0,0
31_019622.wav,train,0,0,0,0,0,0,1,1
31_019649.wav,train,0,0,0,0,0,1,0,0
31_019666.wav,train,1,0,0,0,1,0,0,1
31_019721.wav,train,0,0,0,0,1,0,0,0
31_019727.wav,train,0,0,0,0,0,0,1,0
31_019756.wav,train,0,0,0,1,0,0,0,0
31_019816.wav,train,0,0,0,0,0,0,0,0
31_019846.wav,train,0,0,0,0,0,0,1,0
31_019869.wav,train,0,0,0,0,0,0,1,0
31_019887.wav,train,1,0,0,0,0,0,0,0
31_019928.wav,train,0,0,0,1,0,0,0,1
31_019946.wav,train,0,0,0,0,1,0,0,0
31_019964.wav,train,0,0,0,0,0,0,0,0
31_019976.wav,train,0,0,0,0,1,0,0,0
31_019985.wav,train,0,0,0,0,0,0,0,0
31_020014.wav,train,0,0,0,0,0,0,0,0
31_020054.wav,train,1,0,0,0,0,0,0,0
31_020059.wav,train,1,0,0,0,0,0,0,0
31_020077.wav,train,1,0,0,0,0,1,0,0
31_020140.wav,train,0,0,0,0,1,0,0,0
31_020151.wav,train,0,0,0,0,0,1,1,0
31_020167.wav,train,1,0,0,0,0,0,0,0
31_020176.wav,train,0,0,0,0,0,1,0,0
31_020210.wav,train,1,0,0,0,0,1,0,0
31_020255.wav,train,0,0,0,1,0,0,0,0
31_020259.wav,train,0,1,0,0,0,0,0,0
31_020287.wav,train,0,0,0,0,0,1,1,0
31_020291.wav,train,0,0,0,0,0,1,0,0
31_020293.wav,train,0,0,0,0,0,1,1,0
31_020296.wav,train,0,0,0,0,0,1,0,1
31_020300.wav,train,0,0,0,0,1,0,0,0
31_020335.wav,train,0,0,0,1,0,0,0,0
31_020336.wav,train,0,0,0,0,0,0,0,0
31_020363.wav,train,0,0,0,0,1,0,0,0
31_020370.wav,train,1,0,0,0,1,0,0,0
31_020411.wav,train,1,0,0,1,0,0,0,0
31_020474.wav,train,0,0,0,0,0,1,0,0
31_020522.wav,train,0,0,0,0,1,0,0,0
31_020527.wav,train,0,0,0,0,0,0,1,0
31_020528.wav,train,0,0,0,0,0,0,0,0
31_020580.wav,train,0,0,0,0,0,0,0,0
31_020599.wav,train,0,1,0,0,0,0,0,0
31_020642.wav,train,0,0,0,0,1,1,0,0
31_020646.wav,train,0,0,0,0,0,1,0,0
31_020663.wav,train,0,0,0,0,0,0,0,0
31_020680.wav,train,0,0,0,0,0,0,0,0
31_020703.wav,train,0,0,0,0,0,1,0,0
31_020714.wav,train,0,0,0,0,0,0,1,0
31_020729.wav,train,0,0,0,1,0,0,0,0
31_020800.wav,train,1,0,0,0,0,0,1,1
31_027041.wav,test,1,0,0,0,0,0,0,0
31_027211.wav,test,1,0,0,0,0,0,0,0
31_027298.wav,test,0,0,1,0,0,0,0,0
31_027312.wav,test,0,0,0,0,0,0,0,1
31_027348.wav,test,1,0,1,0,0,1,0,0
31_027354.wav,test,0,0,1,1,0,0,1,1
31_027542.wav,test,0,0,0,0,0,0,1,0
31_027567.wav,test,1,0,0,0,1,0,0,0
31_027717.wav,test,0,0,0,0,0,0,1,1
31_027746.wav,test,1,0,1,0,0,0,1,0
31_027790.wav,test,1,0,1,0,0,0,1,0
31_027802.wav,test,1,0,1,0,0,1,1,1
31_027882.wav,test,1,0,0,0,0,0,0,0
32_000018.wav,train,1,0,0,0,0,0,1,0
32_000023.wav,train,0,0,0,0,1,0,0,0
32_000052.wav,train,1,0,0,0,0,0,1,0
32_000080.wav,train,1,0,0,0,1,0,1,0
32_000082.wav,train,0,0,0,0,0,0,0,0
32_000083.wav,train,0,0,0,0,0,0,0,0
32_000090.wav,train,0,0,0,0,0,0,0,0
32_000091.wav,train,0,0,0,0,0,0,0,0
32_000213.wav,train,0,0,0,0,0,1,1,0
32_000287.wav,train,0,0,0,0,0,0,0,0
32_000288.wav,train,0,0,0,0,1,0,0,0
32_000302.wav,train,0,1,0,0,0,0,0,0
32_000358.wav,train,1,0,0,0,0,0,0,0
32_000364.wav,train,0,0,0,0,0,0,0,0
32_000425.wav,train,1,0,0,0,0,0,0,0
32_000514.wav,train,0,0,0,0,0,0,0,0
32_000517.wav,train,1,0,0,0,0,0,0,0
32_000584.wav,train,1,0,0,0,0,0,0,0
32_000594.wav,train,0,0,0,0,1,0,0,0
32_000616.wav,train,0,0,0,0,1,0,0,0
32_000628.wav,train,0,0,0,0,1,0,0,0
32_000704.wav,train,0,0,0,0,0,0,1,0
32_000739.wav,train,0,0,0,0,0,0,0,0
32_000743.wav,train,1,0,1,0,0,0,0,0
32_000758.wav,train,0,0,0,0,0,0,0,0
32_000834.wav,train,0,1,0,0,0,0,0,0
32_000929.wav,train,1,0,0,0,1,0,0,0
32_000978.wav,train,0,0,0,0,0,0,0,0
32_001077.wav,train,0,0,0,0,0,0,0,0
32_001168.wav,train,0,0,0,0,1,0,0,0
32_001191.wav,train,0,1,0,0,0,0,0,0
32_001202.wav,train,0,0,0,0,1,0,1,0
32_001238.wav,train,0,0,1,0,1,0,0,0
32_001257.wav,train,0,0,0,0,1,0,0,0
32_001260.wav,train,0,0,0,0,0,0,0,0
32_001292.wav,train,1,0,0,0,0,0,0,0
32_001315.wav,train,0,0,0,0,0,0,0,0
32_001388.wav,train,0,0,0,0,0,0,1,0
32_001501.wav,train,0,0,1,0,1,0,0,0
32_001511.wav,train,1,0,0,0,0,0,0,0
32_001533.wav,train,0,0,0,0,0,0,0,0
32_001574.wav,train,0,0,0,0,0,0,0,0
32_001593.wav,train,0,0,0,0,1,0,0,0
32_001621.wav,train,0,0,0,0,0,0,0,0
32_001624.wav,train,0,0,0,0,0,0,0,0
32_001672.wav,train,0,0,0,0,0,0,0,0
32_001686.wav,train,0,0,0,0,0,0,0,0
32_001699.wav,train,0,0,0,0,0,0,1,0
32_001727.wav,train,0,0,0,0,0,0,0,0
32_001763.wav,train,0,0,0,0,0,0,0,0
32_001819.wav,train,0,0,0,0,0,0,1,0
32_001833.wav,train,0,0,0,0,0,0,1,0
32_001921.wav,train,0,0,0,0,1,0,0,0
32_001933.wav,train,0,0,0,0,0,0,0,0
32_002014.wav,train,0,0,0,0,0,1,1,0
32_002023.wav,train,1,0,0,0,0,0,0,0
32_002031.wav,train,0,0,0,0,0,0,1,0
32_002039.wav,train,1,0,0,0,0,0,1,0
32_002170.wav,train,0,0,0,0,1,0,0,0
32_002256.wav,train,0,1,0,0,0,0,0,0
32_002266.wav,train,0,0,0,0,0,0,0,0
32_002285.wav,train,0,0,0,0,0,0,1,0
32_002354.wav,train,0,0,0,0,0,0,0,0
32_002409.wav,train,0,0,1,0,0,0,0,0
32_002458.wav,train,1,0,0,0,0,0,0,0
32_002500.wav,train,0,0,0,0,0,0,0,0
32_002509.wav,train,0,1,0,0,0,0,0,0
32_002548.wav,train,1,0,0,0,0,0,0,0
32_002566.wav,train,0,0,0,0,0,0,0,0
32_002580.wav,train,0,0,0,0,0,0,0,0
32_002595.wav,train,0,0,0,0,0,0,0,0
32_002596.wav,train,0,0,0,0,0,0,0,0
32_002602.wav,train,0,0,0,0,1,0,0,0
32_002618.wav,train,0,0,0,0,1,0,1,0
32_002665.wav,train,0,0,0,0,0,0,0,0
32_002684.wav,train,0,0,0,0,0,0,0,0
32_002714.wav,train,0,0,0,0,1,0,0,0
32_002731.wav,train,0,0,0,0,0,0,1,0
32_002880.wav,train,0,0,0,0,0,0,0,0
32_002898.wav,train,0,0,0,0,0,0,0,0
32_002908.wav,train,0,0,0,1,0,0,0,0
32_002927.wav,train,0,0,0,0,0,1,0,0
32_003009.wav,train,0,0,0,0,0,0,1,0
32_003022.wav,train,0,0,0,0,0,0,1,0
32_003095.wav,train,0,0,0,0,0,0,0,0
32_003129.wav,train,0,0,0,0,0,0,1,0
32_003138.wav,train,0,0,0,0,0,0,1,0
32_003153.wav,train,0,0,0,0,1,0,0,0
32_003154.wav,train,0,0,0,0,0,0,1,0
32_003215.wav,train,1,0,0,0,0,0,1,0
32_003291.wav,train,0,1,0,0,0,0,0,0
32_003350.wav,train,0,0,0,0,1,0,1,0
32_003354.wav,train,1,0,0,0,0,0,1,0
32_003357.wav,train,0,0,0,0,0,0,1,0
32_003367.wav,train,0,0,0,0,1,0,0,0
32_003371.wav,train,0,0,0,0,0,0,1,0
32_003416.wav,train,0,0,0,0,0,0,1,0
32_003430.wav,train,0,0,0,0,0,0,0,0
32_003517.wav,train,0,0,0,0,0,0,0,0
32_003522.wav,train,0,1,0,0,0,0,1,0
32_003538.wav,train,0,0,0,0,0,0,0,0
32_003551.wav,train,0,0,0,0,0,0,1,0
32_003556.wav,train,0,0,0,0,0,0,1,0
32_003625.wav,train,0,0,0,0,1,0,0,0
32_003633.wav,train,0,0,0,0,0,0,1,0
32_003668.wav,train,0,0,0,0,0,0,1,0
32_003671.wav,train,0,0,0,0,0,0,0,0
32_003709.wav,train,0,0,0,0,0,0,0,0
32_003804.wav,train,0,0,0,0,0,0,1,0
32_003806.wav,train,0,0,0,0,0,0,0,0
32_003809.wav,train,0,0,0,0,1,0,0,0
32_003906.wav,train,1,0,0,0,0,0,1,0
32_003936.wav,train,0,0,0,0,0,0,1,0
32_003952.wav,train,0,0,0,0,1,0,0,0
32_004028.wav,train,0,0,0,0,0,0,0,0
32_004057.wav,train,0,0,0,0,0,0,1,0
32_004182.wav,train,0,0,0,0,0,0,0,0
32_004222.wav,train,0,0,0,0,0,0,1,0
32_004244.wav,train,0,0,0,0,0,0,0,0
32_004307.wav,train,0,0,0,0,0,0,0,0
32_004331.wav,train,0,0,0,0,0,0,1,0
32_004337.wav,train,0,0,0,0,1,0,1,0
32_004353.wav,train,1,0,0,0,0,0,0,0
32_004354.wav,train,0,1,0,0,0,0,0,0
32_004385.wav,train,0,0,0,0,0,0,1,0
32_004468.wav,train,0,0,0,0,0,0,1,0
32_004537.wav,train,0,0,0,0,1,0,0,0
32_004560.wav,train,0,0,0,0,1,0,1,0
32_004573.wav,train,0,0,0,0,0,0,1,0
32_004577.wav,train,0,0,0,0,1,0,0,0
32_004730.wav,train,0,0,0,0,0,0,0,0
32_004743.wav,train,0,0,0,0,0,0,1,0
32_004801.wav,train,0,0,0,0,0,0,1,0
32_004828.wav,train,0,0,0,0,0,0,0,0
32_004842.wav,train,1,0,0,0,0,0,0,0
32_004897.wav,train,0,0,0,0,0,0,1,0
32_004899.wav,train,1,0,0,0,0,0,0,0
32_004950.wav,train,0,0,0,0,0,0,1,0
32_004971.wav,train,0,0,0,0,1,0,1,0
32_004995.wav,train,0,0,0,0,0,0,1,0
32_005026.wav,train,0,0,0,0,1,0,0,0
32_005054.wav,train,0,1,0,0,0,0,0,0
32_005149.wav,train,0,0,0,0,0,0,1,0
32_005152.wav,train,0,0,0,0,0,0,1,0
32_005159.wav,train,0,0,0,0,0,0,0,0
32_005227.wav,train,0,0,0,0,0,0,0,0
32_005228.wav,train,0,0,0,0,1,0,0,0
32_005287.wav,train,1,0,0,0,0,0,0,0
32_005328.wav,train,0,1,0,0,0,0,1,0
32_005331.wav,train,0,0,1,0,0,0,0,0
32_005429.wav,train,1,0,0,0,0,0,0,0
32_005433.wav,train,0,0,0,0,1,0,0,0
32_005434.wav,train,0,0,0,0,0,0,1,0
32_005477.wav,train,0,0,1,0,0,0,1,0
32_005519.wav,train,1,0,0,0,0,0,0,0
32_005536.wav,train,1,0,0,0,0,0,0,0
32_005546.wav,train,0,0,0,0,0,0,1,0
32_005557.wav,train,0,0,0,0,0,0,1,0
32_005601.wav,train,1,0,0,0,0,0,0,0
32_005611.wav,train,0,0,0,0,1,0,1,0
32_005658.wav,train,1,0,0,0,1,0,0,0
32_005699.wav,train,0,0,0,0,1,0,0,0
32_005748.wav,train,0,0,0,0,0,0,1,0
32_005794.wav,train,1,0,0,0,0,0,1,0
32_005818.wav,train,1,0,0,0,0,0,0,0
32_005866.wav,train,0,0,0,0,0,0,0,0
32_005875.wav,train,0,0,0,0,0,0,0,0
32_005876.wav,train,0,0,0,0,1,0,0,0
32_005964.wav,train,1,0,0,0,0,0,0,0
32_005998.wav,train,0,0,0,0,0,0,1,0
32_005999.wav,train,0,0,0,0,0,0,0,0
32_006008.wav,train,0,0,0,1,0,0,0,0
32_006056.wav,train,1,0,0,0,0,0,1,0
32_006073.wav,train,1,0,0,0,0,0,0,0
32_006094.wav,train,0,0,0,0,0,0,1,0
32_006125.wav,train,0,0,0,0,0,0,0,0
32_006182.wav,train,1,0,0,0,1,0,1,0
32_006229.wav,train,1,0,0,0,0,0,0,0
32_006258.wav,train,0,0,0,0,0,0,1,0
32_006259.wav,train,1,0,0,0,0,0,0,0
32_006293.wav,train,0,0,0,0,0,0,0,0
32_006372.wav,train,0,0,0,0,0,0,0,0
32_006392.wav,train,1,0,0,0,0,0,0,0
32_006399.wav,train,0,0,0,0,0,0,1,0
32_006418.wav,train,0,0,0,0,1,0,0,0
32_006423.wav,train,0,0,0,0,1,0,1,0
32_006456.wav,train,0,0,0,0,0,0,0,0
32_006477.wav,train,0,0,0,0,0,0,0,0
32_006529.wav,train,0,0,0,0,0,0,1,0
32_006630.wav,train,0,1,0,0,0,0,0,0
32_006647.wav,train,1,0,0,0,0,0,0,0
32_006700.wav,train,0,0,0,0,0,0,1,0
32_006733.wav,train,0,0,0,0,0,0,1,0
32_006795.wav,train,0,0,0,0,0,0,1,0
32_006798.wav,train,0,0,0,0,0,0,0,0
32_006804.wav,train,1,0,0,0,0,0,0,0
32_006830.wav,train,0,1,0,0,0,0,0,0
32_006916.wav,train,0,0,0,0,0,0,0,0
32_006946.wav,train,0,0,0,0,0,0,0,0
32_006953.wav,train,0,0,0,0,0,0,1,0
32_006954.wav,train,0,0,0,0,1,0,0,0
32_007034.wav,train,0,0,0,0,0,0,1,0
32_007093.wav,train,1,0,0,0,0,0,0,0
32_007185.wav,train,0,0,0,0,0,0,1,0
32_007223.wav,train,0,0,0,0,0,0,1,0
32_007232.wav,train,0,0,0,0,0,0,1,0
32_007240.wav,train,0,0,0,1,0,0,1,0
32_007263.wav,train,0,0,0,0,0,0,1,0
32_007264.wav,train,0,0,0,0,0,0,0,0
32_007286.wav,train,0,0,0,0,0,0,0,0
32_007289.wav,train,0,0,0,0,1,0,1,0
32_007309.wav,train,1,0,0,0,0,0,0,0
32_007369.wav,train,0,1,0,0,0,0,0,0
32_007408.wav,train,0,0,0,0,0,0,0,0
32_007422.wav,train,0,0,0,0,0,0,0,0
32_007455.wav,train,0,0,0,0,0,0,0,0
32_007492.wav,train,0,0,0,0,0,0,1,0
32_007506.wav,train,0,0,0,0,0,0,1,0
32_007529.wav,train,0,0,0,0,0,0,1,0
32_007547.wav,train,1,0,0,0,0,0,0,0
32_007562.wav,train,0,0,0,0,0,1,0,0
32_007591.wav,train,0,0,0,0,0,0,1,0
32_007611.wav,train,0,0,0,0,0,0,1,0
32_007630.wav,train,0,0,1,0,0,0,0,0
32_007653.wav,train,1,0,0,0,0,0,1,0
32_007679.wav,train,0,0,0,0,0,0,1,0
32_007742.wav,train,0,0,0,0,0,0,1,0
32_007745.wav,train,0,0,0,0,1,0,1,0
32_007767.wav,train,1,0,0,0,0,0,0,0
32_007887.wav,train,0,0,0,0,0,0,1,0
32_007904.wav,train,0,0,0,0,0,0,1,0
32_007927.wav,train,0,0,0,0,0,0,0,0
32_007948.wav,train,0,1,0,0,0,0,0,0
32_008013.wav,train,1,0,0,0,0,0,0,0
32_008021.wav,train,0,0,0,0,0,0,0,0
32_008035.wav,train,1,0,0,0,0,0,0,0
32_008041.wav,train,0,0,0,0,0,0,1,0
32_008064.wav,train,0,0,0,0,1,0,1,0
32_008101.wav,train,0,0,0,0,0,0,1,0
32_008127.wav,train,0,0,0,0,0,0,0,0
32_008197.wav,train,0,0,0,0,0,0,1,0
32_008242.wav,train,0,0,0,0,0,0,0,0
32_008246.wav,train,1,0,0,0,0,0,0,0
32_008258.wav,train,0,0,0,0,1,0,0,0
32_008299.wav,train,0,0,0,0,1,0,1,0
32_008338.wav,train,0,0,0,0,1,0,0,0
32_008351.wav,train,1,0,0,0,0,0,0,0
32_008365.wav,train,0,0,0,0,0,0,1,0
32_008368.wav,train,1,0,0,0,0,0,0,0
32_008376.wav,train,0,0,0,0,1,0,0,0
32_008391.wav,train,0,0,0,0,0,0,1,0
32_008394.wav,train,0,0,0,0,0,0,0,0
32_008418.wav,train,0,0,0,0,0,0,0,0
32_008427.wav,train,0,0,0,0,0,0,1,0
32_008462.wav,train,1,0,0,0,0,0,0,0
32_008499.wav,train,1,0,0,0,0,0,0,0
32_008505.wav,train,0,0,0,0,0,0,0,0
32_008545.wav,train,0,1,0,0,0,0,0,0
32_008570.wav,train,0,0,0,0,1,0,1,0
32_008572.wav,train,0,0,0,0,0,0,0,0
32_008596.wav,train,0,0,0,0,0,0,1,0
32_008663.wav,train,0,1,0,0,0,0,0,0
32_008665.wav,train,0,0,0,0,0,0,0,0
32_008698.wav,train,0,0,0,0,1,0,0,0
32_008723.wav,train,0,0,0,0,1,0,1,0
32_008731.wav,train,0,0,0,0,0,0,1,0
32_008734.wav,train,0,0,0,0,0,0,0,0
32_008790.wav,train,0,0,0,0,0,0,1,0
32_008802.wav,train,0,1,0,0,0,0,0,0
32_008812.wav,train,0,0,0,0,0,0,1,0
32_008822.wav,train,1,0,0,0,0,0,0,0
32_008869.wav,train,0,0,0,0,1,0,0,0
32_008913.wav,train,0,0,0,0,1,0,0,0
32_009034.wav,train,0,0,0,0,0,0,0,0
32_009057.wav,train,0,0,0,1,0,0,0,0
32_009135.wav,train,0,0,0,0,0,0,1,0
32_009158.wav,train,1,0,0,0,0,0,0,0
32_009189.wav,train,0,0,0,0,0,0,0,0
32_009257.wav,train,0,0,0,0,1,0,1,0
32_009290.wav,train,0,0,0,0,0,0,1,0
32_009305.wav,train,1,0,0,0,0,0,0,0
32_009310.wav,train,0,0,0,0,0,0,1,0
32_009317.wav,train,0,0,0,0,1,0,0,0
32_009327.wav,train,0,0,0,0,0,0,1,0
32_009336.wav,train,0,1,0,0,0,0,0,0
32_009361.wav,train,0,0,0,0,0,0,1,0
32_009382.wav,train,0,0,0,0,0,0,0,0
32_009420.wav,train,0,0,0,0,1,0,1,0
32_009424.wav,train,0,0,0,0,0,0,1,0
32_009431.wav,train,0,0,0,0,0,0,0,0
32_009445.wav,train,0,0,0,0,1,0,0,0
32_009451.wav,train,1,0,0,0,0,0,1,0
32_009482.wav,train,1,0,0,0,0,0,0,0
32_009493.wav,train,0,0,0,0,0,0,0,0
32_009537.wav,train,0,0,0,0,0,0,1,0
32_009576.wav,train,0,0,0,0,0,0,0,0
32_009591.wav,train,0,0,0,0,0,0,1,0
32_009604.wav,train,0,0,0,0,0,0,0,0
32_009631.wav,train,0,0,0,0,0,0,0,0
32_009641.wav,train,0,0,0,0,0,0,0,0
32_009727.wav,train,0,0,0,0,0,0,0,0
32_009750.wav,train,1,0,0,0,0,0,1,0
32_009760.wav,train,0,0,0,0,1,0,1,0
32_009777.wav,train,1,0,0,0,0,0,0,0
32_009783.wav,train,0,0,0,0,1,0,0,0
32_009832.wav,train,0,0,0,0,0,0,1,0
32_009840.wav,train,1,0,0,0,0,0,0,0
32_009847.wav,train,1,0,0,0,1,0,0,0
32_009852.wav,train,0,0,0,0,0,0,0,0
32_009855.wav,train,0,0,0,0,0,0,1,0
32_009894.wav,train,0,0,0,0,0,0,1,0
32_010010.wav,train,0,0,0,0,0,1,0,0
32_010018.wav,train,0,0,0,0,0,0,1,0
32_010053.wav,train,0,0,0,0,0,0,1,0
32_010066.wav,train,0,0,0,0,0,0,1,0
32_010120.wav,train,0,0,0,0,0,0,1,0
32_010128.wav,train,0,0,0,0,1,0,1,0
32_010132.wav,train,0,0,0,0,1,0,1,0
32_010181.wav,train,0,0,0,0,0,0,1,0
32_010203.wav,train,1,0,0,0,0,0,0,0
32_010296.wav,train,0,0,0,0,0,0,1,0
32_010383.wav,train,0,0,0,0,0,0,0,0
32_010418.wav,train,1,0,0,0,0,0,0,0
32_010429.wav,train,0,0,0,0,0,0,0,0
32_010440.wav,train,1,0,0,0,0,1,0,0
32_010449.wav,train,1,0,0,0,0,0,0,0
32_010462.wav,train,1,0,0,0,0,0,1,0
32_010491.wav,train,1,0,1,0,0,0,1,0
32_010505.wav,train,0,0,0,0,0,0,0,0
32_010527.wav,train,0,0,0,0,0,0,1,0
32_010615.wav,train,1,0,0,0,0,0,0,0
32_010642.wav,train,0,0,0,0,0,0,0,0
32_010660.wav,train,0,0,0,0,0,0,1,0
32_010669.wav,train,0,0,0,0,0,0,1,0
32_010672.wav,train,1,1,0,0,0,0,0,0
32_010677.wav,train,0,0,0,0,0,0,0,0
32_010948.wav,train,1,0,0,0,1,0,1,0
32_010977.wav,train,0,0,0,0,0,0,0,0
32_010987.wav,train,0,0,0,0,1,0,1,0
32_011038.wav,train,0,0,0,0,0,0,1,0
32_011066.wav,train,0,0,0,0,0,0,1,0
32_011068.wav,train,0,0,0,0,0,0,0,0
32_011084.wav,train,0,0,0,0,0,0,0,0
32_011134.wav,train,0,0,0,0,0,0,1,0
32_011157.wav,train,0,0,0,0,0,0,0,0
32_011218.wav,train,0,0,0,0,0,1,0,0
32_011275.wav,train,0,0,0,0,0,0,0,0
32_011314.wav,train,0,0,0,0,1,0,1,0
32_011353.wav,train,0,0,0,0,0,0,0,0
32_011454.wav,train,0,0,0,0,0,0,0,0
32_011472.wav,train,0,0,0,0,0,0,0,0
32_011479.wav,train,1,0,0,0,0,0,1,0
32_011489.wav,train,0,0,0,0,0,0,0,0
32_011519.wav,train,0,0,0,0,0,0,0,0
32_011567.wav,train,0,0,0,0,0,0,0,0
32_011608.wav,train,0,0,0,0,0,0,1,0
32_011666.wav,train,0,0,0,0,1,0,1,0
32_011722.wav,train,0,0,0,0,0,0,1,0
32_011765.wav,train,1,0,0,0,0,0,0,0
32_011800.wav,train,1,0,0,0,0,0,0,0
32_011802.wav,train,0,0,0,0,1,0,0,0
32_011871.wav,train,1,0,0,0,0,0,0,0
32_011900.wav,train,0,0,0,0,0,0,1,0
32_011907.wav,train,0,0,0,0,0,0,0,0
32_011910.wav,train,0,0,0,0,0,0,0,0
32_011923.wav,train,0,0,0,0,0,0,0,0
32_011932.wav,train,0,0,0,0,0,0,0,0
32_011943.wav,train,0,0,0,0,0,0,0,0
32_011990.wav,train,0,0,0,0,0,0,1,0
32_012013.wav,train,0,0,0,0,0,0,1,0
32_012109.wav,train,0,0,0,0,1,0,0,0
32_012110.wav,train,0,0,0,0,0,0,1,0
32_012131.wav,train,0,0,0,0,1,0,1,0
32_012137.wav,train,0,0,0,0,1,0,0,0
32_012165.wav,train,0,0,0,0,0,1,0,0
32_012167.wav,train,0,0,0,0,1,0,1,0
32_012187.wav,train,1,0,0,0,1,0,0,0
32_012252.wav,train,0,0,0,0,1,0,0,0
32_012313.wav,train,1,0,0,0,0,0,0,0
32_012335.wav,train,0,0,0,0,0,0,0,0
32_012353.wav,train,0,0,0,0,0,0,1,0
32_012401.wav,train,0,0,0,0,0,0,0,0
32_012427.wav,train,1,0,0,0,0,0,0,0
32_012500.wav,train,0,0,0,0,0,0,0,0
32_012522.wav,train,0,0,0,0,0,0,0,0
32_012524.wav,train,0,0,0,0,0,0,1,0
32_012528.wav,train,0,0,0,0,1,0,0,0
32_012570.wav,train,0,0,0,0,1,0,0,0
32_012574.wav,train,1,0,0,0,0,0,0,0
32_012576.wav,train,1,0,0,0,0,0,0,0
32_012595.wav,train,0,0,0,0,0,0,1,0
32_012605.wav,train,0,0,0,0,1,0,0,0
32_012643.wav,train,0,0,0,0,0,0,0,0
32_012704.wav,train,0,0,0,0,1,0,1,0
32_012712.wav,train,1,0,0,0,0,0,0,0
32_012736.wav,train,0,1,0,0,0,0,0,0
32_012759.wav,train,1,0,0,0,0,0,0,0
32_012762.wav,train,0,0,0,0,1,0,0,0
32_012772.wav,train,0,0,0,0,0,0,0,0
32_012795.wav,train,0,0,0,0,0,0,0,0
32_012823.wav,train,0,0,0,0,1,0,0,0
32_012882.wav,train,0,0,0,0,0,0,0,0
32_012974.wav,train,0,0,0,0,1,0,0,0
32_012975.wav,train,0,0,0,0,1,0,0,0
32_013072.wav,train,0,0,0,1,0,0,1,0
32_013102.wav,train,1,0,0,0,0,0,1,0
32_013128.wav,train,0,0,0,0,0,0,0,0
32_013178.wav,train,1,0,0,0,0,0,0,0
32_013185.wav,train,0,0,0,0,0,0,1,0
32_013243.wav,train,0,0,0,0,0,0,0,0
32_013328.wav,train,0,0,0,0,0,0,0,0
32_013395.wav,train,0,0,0,0,0,0,0,0
32_013401.wav,train,0,0,0,0,0,1,1,0
32_013415.wav,train,0,0,0,0,0,0,0,0
32_013427.wav,train,0,0,0,0,0,0,1,0
32_013445.wav,train,0,0,0,0,0,0,1,0
32_013451.wav,train,0,0,0,0,0,0,1,0
32_013471.wav,train,0,0,0,0,1,0,1,0
32_013480.wav,train,0,0,0,0,0,0,0,0
32_013505.wav,train,0,0,0,0,0,0,0,0
32_013519.wav,train,1,0,0,0,0,0,0,0
32_013579.wav,train,0,0,0,0,0,0,0,0
32_013601.wav,train,0,0,0,0,1,0,0,0
32_013643.wav,train,0,0,0,0,0,0,0,0
32_013665.wav,train,0,0,0,0,0,0,1,0
32_013680.wav,train,0,0,0,0,0,0,0,0
32_013690.wav,train,0,0,0,0,1,0,1,0
32_016336.wav,train,0,0,0,0,0,0,1,0
32_016434.wav,train,1,0,0,0,0,1,1,0
32_016494.wav,train,1,0,0,0,0,0,0,0
32_016511.wav,train,0,0,0,0,0,0,1,0
32_016535.wav,train,0,0,0,0,0,1,0,0
32_016595.wav,train,0,0,0,0,0,0,1,0
32_016615.wav,train,0,0,0,0,1,0,1,0
32_016650.wav,train,1,0,0,0,0,0,0,0
32_016666.wav,train,0,0,0,0,0,0,0,0
32_016679.wav,train,1,0,0,0,0,0,0,0
32_016688.wav,train,0,0,0,0,0,1,1,0
32_016701.wav,train,0,0,0,0,0,0,1,0
32_016767.wav,train,0,0,0,0,0,1,0,0
32_016777.wav,train,0,0,0,0,1,0,1,0
32_016887.wav,train,0,0,0,0,0,1,0,0
32_016899.wav,train,0,0,0,0,0,0,0,0
32_016905.wav,train,1,0,0,0,1,0,0,0
32_016916.wav,train,0,1,0,0,0,0,0,0
32_016928.wav,train,1,0,0,0,0,0,0,0
32_016930.wav,train,0,0,0,0,1,0,1,0
32_016946.wav,train,1,0,0,0,0,0,0,0
32_016959.wav,train,1,0,0,0,0,0,0,0
32_017033.wav,train,0,0,0,0,0,0,0,0
32_017070.wav,train,0,0,0,0,1,0,1,0
32_017072.wav,train,0,0,0,0,0,0,1,0
32_017088.wav,train,0,0,0,0,1,0,0,0
32_017089.wav,train,0,0,0,0,0,0,0,0
32_017090.wav,train,0,0,0,0,0,0,0,0
32_017132.wav,train,0,0,0,0,0,0,0,0
32_017157.wav,train,0,0,1,0,0,0,0,0
32_017162.wav,train,0,0,0,0,1,0,1,0
32_017196.wav,train,0,0,0,0,0,0,1,0
32_017208.wav,train,0,1,0,0,0,0,0,0
32_017219.wav,train,0,0,0,0,0,0,1,0
32_017247.wav,train,0,0,0,0,1,0,1,0
32_017264.wav,train,0,0,0,0,0,0,0,0
32_017305.wav,train,1,0,0,0,0,0,1,0
32_017344.wav,train,1,0,0,0,0,0,1,0
32_017375.wav,train,0,0,0,0,0,0,0,0
32_017390.wav,train,0,0,0,0,0,0,0,0
32_017396.wav,train,0,0,0,0,0,0,1,0
32_017432.wav,train,0,0,0,0,0,0,1,0
32_017444.wav,train,0,0,0,0,0,0,1,0
32_017458.wav,train,1,0,0,0,0,0,1,0
32_017515.wav,train,0,0,0,0,0,0,0,0
32_017552.wav,train,0,0,0,0,0,0,1,0
32_017576.wav,train,1,0,0,0,0,0,0,0
32_017661.wav,train,1,0,0,0,0,0,0,0
32_017703.wav,train,0,0,0,0,0,1,0,0
32_017745.wav,train,0,0,0,0,0,0,1,0
32_017807.wav,train,0,0,0,0,0,0,0,0
32_017846.wav,train,0,0,0,0,1,0,0,0
32_017849.wav,train,1,0,0,0,0,0,0,0
32_017851.wav,train,1,0,0,0,1,0,0,0
32_017864.wav,train,0,0,0,0,0,1,1,0
32_017949.wav,train,0,0,0,0,1,0,1,0
32_017952.wav,train,1,0,0,0,0,0,0,0
32_018011.wav,train,1,0,0,0,0,0,0,0
32_018018.wav,train,0,0,0,0,1,0,0,0
32_018038.wav,train,1,0,0,0,0,0,0,0
32_018045.wav,train,0,0,0,0,0,0,0,0
32_018134.wav,train,0,0,0,0,0,0,0,0
32_018170.wav,train,0,0,0,0,0,0,1,0
32_018258.wav,train,0,0,0,0,0,0,1,0
32_018285.wav,train,0,0,0,0,1,0,0,0
32_018286.wav,train,0,0,1,0,0,0,0,0
32_018309.wav,train,0,0,0,0,0,1,0,0
32_018325.wav,train,0,0,0,0,1,1,1,0
32_018342.wav,train,0,0,0,0,0,0,1,0
32_018371.wav,train,0,0,0,0,0,0,1,0
32_018387.wav,train,0,0,0,0,0,0,0,0
32_018513.wav,train,1,0,0,0,0,0,0,0
32_018599.wav,train,0,0,0,0,0,1,1,0
32_018610.wav,train,0,0,0,0,0,0,0,0
32_018615.wav,train,0,0,0,0,0,0,0,0
32_018619.wav,train,1,0,0,0,0,0,0,0
32_018627.wav,train,0,0,0,0,0,0,1,0
32_018689.wav,train,0,0,0,0,0,0,0,0
32_018712.wav,train,0,0,0,0,1,0,0,0
32_018819.wav,train,0,0,0,0,0,1,1,0
32_018842.wav,train,0,0,0,0,0,1,0,0
32_018847.wav,train,0,0,0,0,1,0,0,0
32_018860.wav,train,1,0,0,0,0,0,1,0
32_018925.wav,train,0,0,0,0,1,1,0,0
32_018996.wav,train,1,0,0,0,0,0,0,0
32_019017.wav,train,0,0,0,0,0,0,1,0
32_019093.wav,train,0,0,0,0,0,0,1,0
32_019132.wav,train,1,0,0,0,0,0,0,0
32_019148.wav,train,0,0,0,0,0,0,1,0
32_019156.wav,train,1,0,0,0,0,0,0,0
32_019197.wav,train,1,0,0,0,0,0,0,0
32_019235.wav,train,1,0,0,0,0,0,0,0
32_019252.wav,train,0,0,0,0,1,0,1,0
32_019263.wav,train,0,0,0,0,0,0,0,0
32_019311.wav,train,0,0,0,0,0,1,0,0
32_019315.wav,train,0,0,0,0,0,0,1,0
32_019406.wav,train,0,0,0,0,0,1,1,0
32_019438.wav,train,0,0,0,0,1,0,1,0
32_019450.wav,train,1,0,0,0,1,0,1,0
32_019470.wav,train,1,0,0,0,0,0,0,0
32_019485.wav,train,0,0,1,0,0,0,0,0
32_019516.wav,train,0,0,0,0,1,0,1,0
32_019563.wav,train,0,0,0,0,0,0,0,0
32_019625.wav,train,1,0,0,0,0,1,0,0
32_019639.wav,train,0,0,0,0,0,0,0,0
32_019640.wav,train,1,0,0,0,1,0,0,0
32_019641.wav,train,0,0,0,0,1,0,1,0
32_019682.wav,train,0,0,0,0,1,0,1,0
32_019706.wav,train,0,0,0,0,1,0,1,0
32_019723.wav,train,0,0,0,0,1,0,1,0
32_019735.wav,train,1,0,0,0,1,0,1,0
32_019760.wav,train,1,0,0,0,0,0,0,0
32_019767.wav,train,1,0,0,0,0,0,1,0
32_019778.wav,train,0,0,1,0,1,0,0,0
32_019791.wav,train,0,0,0,0,1,0,0,0
32_019792.wav,train,0,0,0,0,0,0,1,0
32_019815.wav,train,0,0,0,0,0,0,0,0
32_019865.wav,train,0,0,0,0,0,0,1,0
32_019927.wav,train,0,0,0,0,0,1,1,0
32_019958.wav,train,0,0,0,0,0,0,0,0
32_019984.wav,train,0,1,0,0,0,0,0,0
32_020050.wav,train,1,0,0,0,0,0,1,0
32_020117.wav,train,0,0,0,0,0,0,1,0
32_020120.wav,train,0,0,0,0,0,0,1,0
32_020134.wav,train,0,0,0,0,1,0,1,0
32_020142.wav,train,0,0,0,0,0,0,1,0
32_020224.wav,train,0,0,0,0,0,0,0,0
32_020352.wav,train,0,0,0,0,1,0,1,0
32_020404.wav,train,0,0,0,0,0,1,0,0
32_020409.wav,train,1,0,0,0,0,0,0,0
32_020415.wav,train,0,0,0,0,0,0,1,0
32_020421.wav,train,0,0,0,0,0,0,1,0
32_020450.wav,train,0,0,0,0,1,1,0,0
32_020464.wav,train,0,0,0,0,0,0,0,0
32_020471.wav,train,0,0,0,0,0,1,0,0
32_020548.wav,train,0,0,1,0,0,0,0,0
32_020586.wav,train,0,0,0,0,1,0,0,0
32_020605.wav,train,0,1,0,0,0,0,0,0
32_020611.wav,train,0,0,0,0,0,0,0,0
32_020616.wav,train,0,0,0,0,0,0,1,0
32_020722.wav,train,0,0,0,0,0,1,0,0
32_020781.wav,train,0,0,0,0,1,0,1,0
32_020805.wav,train,1,0,0,0,0,0,0,0
32_020825.wav,train,0,0,0,0,1,0,0,0
32_020847.wav,train,0,0,0,0,0,0,0,0
32_020851.wav,train,0,0,0,0,1,0,0,0
32_020879.wav,train,1,0,0,0,1,0,0,0
32_026966.wav,test,1,0,0,0,0,0,1,0
32_027044.wav,test,1,0,0,0,0,0,1,0
32_027145.wav,test,1,0,1,0,1,0,0,0
32_027206.wav,test,1,0,1,0,1,0,1,0
32_027608.wav,test,1,0,1,0,0,0,1,0
32_027781.wav,test,1,0,1,0,1,0,1,0
33_000001.wav,train,1,0,0,0,0,0,0,0
33_000106.wav,train,0,0,0,0,0,0,0,0
33_000419.wav,train,1,0,0,0,0,0,0,0
33_000430.wav,train,0,0,0,0,0,0,0,0
33_000460.wav,train,0,0,0,0,0,0,0,0
33_000526.wav,train,0,0,0,0,0,0,0,0
33_000560.wav,train,0,0,0,0,0,1,0,0
33_000601.wav,train,1,0,0,0,0,0,0,0
33_000843.wav,train,0,0,0,0,0,0,1,0
33_000974.wav,train,1,0,0,0,0,0,0,0
33_001038.wav,train,0,0,0,0,0,0,0,0
33_001268.wav,train,1,0,0,0,0,0,0,0
33_001356.wav,train,0,0,0,0,0,0,1,0
33_001486.wav,train,0,0,0,0,0,0,1,0
33_001583.wav,train,0,0,0,0,0,0,0,0
33_001598.wav,train,0,0,0,0,1,0,0,0
33_001609.wav,train,0,0,0,0,0,0,0,0
33_001692.wav,train,0,0,0,0,0,0,0,0
33_001724.wav,train,1,0,0,0,0,0,0,0
33_001836.wav,train,0,0,0,0,0,0,0,0
33_001838.wav,train,0,0,0,0,0,0,0,0
33_001886.wav,train,0,0,0,0,0,0,0,0
33_001894.wav,train,0,0,0,0,0,0,0,0
33_001987.wav,train,0,0,0,0,0,0,0,0
33_002127.wav,train,1,0,0,0,0,0,0,0
33_002245.wav,train,1,0,0,0,0,0,0,0
33_002340.wav,train,1,0,0,0,0,0,0,0
33_002395.wav,train,0,0,0,0,1,0,0,0
33_002590.wav,train,0,0,0,0,0,0,0,0
33_002632.wav,train,1,0,0,0,0,0,0,0
33_002663.wav,train,0,0,0,0,0,0,0,0
33_002811.wav,train,0,0,0,0,0,0,1,0
33_002952.wav,train,1,0,0,0,1,0,0,0
33_003120.wav,train,1,0,0,0,0,0,0,0
33_003161.wav,train,0,0,0,0,0,0,0,0
33_003177.wav,train,0,0,0,0,1,0,0,0
33_003211.wav,train,0,0,0,0,1,0,0,0
33_003326.wav,train,0,0,0,0,0,0,0,0
33_003450.wav,train,1,0,0,0,1,0,0,0
33_003490.wav,train,0,0,0,0,0,0,1,0
33_003665.wav,train,0,0,0,0,0,0,0,0
33_003718.wav,train,1,0,0,0,0,0,0,0
33_003851.wav,train,1,0,0,0,0,0,0,0
33_003965.wav,train,1,0,0,0,0,0,0,0
33_003991.wav,train,0,0,0,1,0,0,0,0
33_004079.wav,train,0,0,0,1,0,0,0,0
33_004323.wav,train,1,0,0,0,0,0,0,0
33_004324.wav,train,0,0,0,0,0,0,0,0
33_004666.wav,train,1,0,0,0,1,0,0,0
33_004720.wav,train,1,0,0,0,1,0,0,0
33_005005.wav,train,0,0,0,0,1,0,0,0
33_005097.wav,train,0,0,0,0,1,0,0,0
33_005107.wav,train,1,0,0,0,0,0,0,0
33_005177.wav,train,0,0,0,0,0,0,0,0
33_005202.wav,train,0,0,0,0,0,0,0,0
33_005303.wav,train,0,0,0,1,0,0,0,0
33_005366.wav,train,0,1,0,0,0,0,0,0
33_005485.wav,train,0,0,0,0,0,0,1,0
33_005633.wav,train,1,0,0,0,0,0,0,0
33_005681.wav,train,0,0,0,0,0,0,1,0
33_005689.wav,train,0,0,0,0,0,0,0,0
33_005730.wav,train,1,0,0,0,1,0,0,0
33_005738.wav,train,0,0,0,0,1,0,0,0
33_005962.wav,train,1,0,0,0,0,0,0,0
33_006037.wav,train,0,0,0,0,0,0,1,0
33_006120.wav,train,1,0,0,0,0,0,0,0
33_006375.wav,train,0,0,0,0,0,0,1,0
33_006379.wav,train,0,0,0,0,1,0,0,0
33_006406.wav,train,0,0,0,0,0,0,1,0
33_006517.wav,train,1,0,0,0,0,0,0,0
33_006661.wav,train,1,0,0,0,0,0,0,0
33_006704.wav,train,0,0,0,0,0,0,0,0
33_006753.wav,train,0,0,0,0,1,0,0,0
33_006801.wav,train,0,0,0,0,0,1,0,0
33_006955.wav,train,0,0,0,0,0,0,0,0
33_007096.wav,train,1,0,0,0,0,0,0,0
33_007109.wav,train,1,0,0,0,0,0,0,0
33_007213.wav,train,0,0,0,1,0,0,0,0
33_007215.wav,train,0,0,0,0,0,0,0,0
33_007242.wav,train,1,0,0,0,0,0,0,0
33_007313.wav,train,0,0,0,0,0,0,1,0
33_007343.wav,train,0,0,0,0,0,0,0,0
33_007409.wav,train,1,0,0,0,0,0,0,0
33_007454.wav,train,1,0,0,0,0,0,0,0
33_007534.wav,train,0,0,0,0,0,0,0,0
33_007545.wav,train,0,1,0,0,0,0,0,0
33_007735.wav,train,0,1,0,0,0,0,0,0
33_007756.wav,train,1,0,0,0,0,0,0,0
33_007781.wav,train,1,0,0,0,0,0,0,0
33_007792.wav,train,0,0,0,0,0,0,0,0
33_007849.wav,train,0,0,0,0,0,0,1,0
33_007879.wav,train,0,0,0,0,0,0,0,0
33_007901.wav,train,1,0,0,0,0,0,0,0
33_007911.wav,train,0,0,0,0,0,0,0,0
33_007949.wav,train,1,0,0,0,0,0,1,0
33_008059.wav,train,1,0,0,0,0,0,0,0
33_008097.wav,train,0,1,0,0,0,0,0,0
33_008233.wav,train,1,0,0,0,0,0,0,0
33_008243.wav,train,1,0,0,0,0,0,0,0
33_008265.wav,train,1,0,0,0,0,0,0,0
33_008302.wav,train,0,1,0,0,0,0,0,0
33_008375.wav,train,1,0,0,0,0,0,0,0
33_008395.wav,train,0,0,0,0,1,0,0,0
33_008533.wav,train,1,0,0,0,0,0,0,0
33_008536.wav,train,0,0,0,0,1,0,0,0
33_008668.wav,train,1,0,0,0,0,0,0,0
33_008686.wav,train,0,0,0,0,0,0,0,0
33_008690.wav,train,0,0,0,0,0,0,0,0
33_008801.wav,train,1,0,0,0,1,0,0,0
33_008842.wav,train,0,0,0,0,0,0,0,0
33_008904.wav,train,1,0,0,0,0,0,0,0
33_008917.wav,train,0,0,0,0,0,0,0,0
33_008958.wav,train,0,0,0,0,0,0,0,0
33_009099.wav,train,0,0,0,0,0,0,0,0
33_010258.wav,train,0,0,0,0,1,0,0,0
33_010271.wav,train,1,0,0,0,0,0,0,0
33_010288.wav,train,1,0,0,0,0,0,0,0
33_010306.wav,train,0,0,0,0,0,0,0,0
33_010358.wav,train,0,0,0,0,0,0,0,0
33_010361.wav,train,1,0,0,0,0,0,0,0
33_010419.wav,train,1,0,0,0,0,0,0,0
33_010578.wav,train,1,0,0,0,0,0,0,0
33_010612.wav,train,0,0,0,0,0,0,0,0
33_010682.wav,train,1,0,0,0,0,0,0,0
33_010726.wav,train,1,0,0,0,0,0,0,0
33_010852.wav,train,1,0,0,0,0,0,0,0
33_011025.wav,train,0,0,0,0,0,0,0,0
33_011031.wav,train,1,0,0,0,0,0,0,0
33_011141.wav,train,1,0,0,0,0,0,0,0
33_011142.wav,train,1,0,0,0,0,0,0,0
33_011167.wav,train,1,0,0,0,0,0,0,0
33_011194.wav,train,1,0,0,0,0,0,0,0
33_011202.wav,train,1,0,0,0,0,0,0,0
33_011274.wav,train,1,0,0,0,0,0,0,0
33_011278.wav,train,0,0,0,0,1,0,0,0
33_011334.wav,train,0,0,0,0,0,0,0,0
33_011370.wav,train,1,0,0,0,0,0,0,0
33_011380.wav,train,1,0,0,0,0,0,0,0
33_011487.wav,train,1,0,0,0,0,0,0,0
33_011512.wav,train,0,0,0,0,0,0,0,0
33_011555.wav,train,0,0,0,0,0,0,0,0
33_011615.wav,train,0,0,0,0,0,0,0,0
33_011689.wav,train,0,0,0,0,0,0,0,0
33_011742.wav,train,1,0,0,0,0,0,0,0
33_011807.wav,train,0,0,0,0,0,0,0,0
33_011827.wav,train,0,0,1,0,0,0,0,0
33_011849.wav,train,0,0,0,0,1,0,0,0
33_011858.wav,train,0,0,0,0,0,0,0,0
33_011905.wav,train,0,0,0,0,0,0,0,0
33_011937.wav,train,0,0,0,0,0,0,1,0
33_012019.wav,train,1,0,0,0,0,0,0,0
33_012074.wav,train,0,0,0,0,0,0,0,0
33_012092.wav,train,1,0,0,0,1,0,0,0
33_012178.wav,train,0,0,0,0,0,0,0,0
33_012236.wav,train,0,0,0,0,0,0,0,0
33_012273.wav,train,1,0,0,0,0,0,0,0
33_012277.wav,train,0,0,0,0,0,0,0,0
33_012306.wav,train,1,0,0,0,0,0,0,0
33_012349.wav,train,0,0,0,0,0,0,0,0
33_012351.wav,train,0,0,0,0,0,0,0,0
33_012364.wav,train,1,0,0,0,0,0,0,0
33_012377.wav,train,0,0,0,0,0,0,0,0
33_012414.wav,train,1,0,0,0,0,0,0,0
33_012433.wav,train,1,0,0,0,0,0,0,0
33_012467.wav,train,1,0,0,0,0,0,0,0
33_012530.wav,train,0,0,0,0,0,0,0,0
33_012548.wav,train,1,0,0,0,0,0,0,0
33_012589.wav,train,1,0,0,0,0,0,0,0
33_012690.wav,train,0,0,0,0,1,0,0,0
33_012691.wav,train,0,0,0,0,0,0,0,0
33_012727.wav,train,1,0,0,0,0,0,0,0
33_012745.wav,train,1,0,0,0,0,0,0,0
33_012786.wav,train,0,0,0,0,1,0,0,0
33_012788.wav,train,1,0,0,0,0,0,0,0
33_012813.wav,train,0,0,0,0,0,0,0,0
33_012875.wav,train,1,0,0,0,0,0,0,0
33_012880.wav,train,0,0,0,0,1,0,0,0
33_013002.wav,train,0,0,0,0,0,0,0,0
33_013139.wav,train,1,0,0,0,0,0,0,0
33_013147.wav,train,0,0,0,0,0,0,0,0
33_013365.wav,train,0,0,0,0,0,0,0,0
33_013372.wav,train,0,0,0,0,0,0,0,0
33_013468.wav,train,1,0,0,0,0,0,0,0
33_013485.wav,train,0,0,0,0,0,0,0,0
33_013491.wav,train,1,0,0,0,1,0,0,0
33_016321.wav,train,1,0,0,0,1,0,0,0
33_016464.wav,train,1,0,0,0,1,0,0,0
33_016504.wav,train,0,1,0,0,0,0,0,0
33_016583.wav,train,1,0,0,0,1,0,0,0
33_016619.wav,train,1,0,0,0,1,0,0,0
33_016750.wav,train,0,0,0,0,0,0,0,0
33_016808.wav,train,0,0,0,0,1,0,0,0
33_016838.wav,train,1,0,0,0,0,0,0,0
33_016935.wav,train,1,0,0,0,0,0,0,0
33_016943.wav,train,1,0,0,0,0,0,0,0
33_016957.wav,train,0,0,0,0,0,0,1,0
33_016963.wav,train,1,0,0,0,0,0,0,0
33_017023.wav,train,0,0,0,0,1,0,0,0
33_017056.wav,train,0,0,0,0,0,1,0,0
33_017195.wav,train,0,0,0,0,0,0,0,0
33_017198.wav,train,1,0,0,0,1,0,0,0
33_017287.wav,train,1,0,0,0,0,0,0,0
33_017312.wav,train,0,0,0,0,0,0,0,0
33_017335.wav,train,0,0,0,0,1,0,0,0
33_017456.wav,train,0,0,0,0,0,0,0,0
33_017472.wav,train,1,0,0,0,0,0,0,0
33_017587.wav,train,0,0,0,0,1,0,0,0
33_017606.wav,train,0,0,0,1,0,0,0,0
33_017623.wav,train,1,0,0,0,0,0,0,0
33_017628.wav,train,1,0,0,0,0,0,0,0
33_017683.wav,train,1,0,0,0,0,0,0,0
33_017945.wav,train,0,0,0,0,0,0,0,0
33_018117.wav,train,1,0,0,0,0,0,0,0
33_018135.wav,train,0,1,0,0,0,0,1,0
33_018206.wav,train,0,0,0,0,0,0,0,0
33_018225.wav,train,1,0,0,0,0,0,0,0
33_018270.wav,train,0,0,0,0,0,0,0,0
33_018350.wav,train,0,0,0,0,1,0,0,0
33_018527.wav,train,0,0,0,0,0,0,0,0
33_018560.wav,train,1,0,0,0,1,0,1,0
33_018566.wav,train,1,0,0,0,1,0,0,0
33_018609.wav,train,0,0,0,0,0,0,1,0
33_018683.wav,train,0,0,0,0,1,0,0,0
33_018686.wav,train,1,0,0,0,1,0,0,0
33_018767.wav,train,0,0,0,0,0,0,0,0
33_018859.wav,train,0,0,0,1,0,0,0,0
33_018982.wav,train,1,0,0,0,1,0,0,0
33_019039.wav,train,1,0,0,0,0,0,0,0
33_019042.wav,train,1,0,0,0,0,0,0,0
33_019074.wav,train,1,0,0,0,0,0,1,0
33_019149.wav,train,0,0,0,0,0,0,0,0
33_019200.wav,train,1,0,0,0,0,0,0,0
33_019296.wav,train,0,0,0,0,0,0,0,0
33_019446.wav,train,1,0,0,0,0,0,0,0
33_019700.wav,train,1,0,0,0,0,0,1,0
33_019758.wav,train,1,0,0,0,0,0,0,0
33_019765.wav,train,0,1,1,0,0,0,0,0
33_020032.wav,train,0,1,0,0,0,0,1,0
33_020043.wav,train,0,0,0,0,1,0,0,0
33_020144.wav,train,1,0,0,0,0,0,0,0
33_020501.wav,train,0,0,0,0,1,0,0,0
33_020566.wav,train,1,0,0,0,0,0,0,0
33_020634.wav,train,0,0,0,1,0,0,0,0
33_020676.wav,train,0,0,0,0,0,0,0,0
33_020759.wav,train,0,0,0,0,1,0,0,0
33_020775.wav,train,1,0,0,0,0,0,0,0
33_020889.wav,train,0,0,0,0,0,1,0,0
33_020895.wav,train,0,0,0,0,0,0,0,0
33_027231.wav,test,1,0,1,0,0,0,0,0
33_027399.wav,test,1,0,1,0,0,0,1,0
34_000025.wav,train,0,0,0,0,0,0,1,0
34_000141.wav,train,0,0,0,0,0,0,1,0
34_000270.wav,train,1,0,0,0,0,0,0,0
34_000281.wav,train,1,0,0,0,0,0,1,0
34_000339.wav,train,1,0,0,0,0,0,0,0
34_000355.wav,train,0,0,0,0,0,0,1,0
34_000562.wav,train,0,1,0,0,0,0,0,0
34_000580.wav,train,0,0,0,0,1,0,0,0
34_000590.wav,train,0,1,0,0,0,0,0,0
34_000600.wav,train,0,0,0,0,0,0,1,0
34_000670.wav,train,0,0,0,0,0,0,0,0
34_000675.wav,train,0,0,0,0,0,0,1,0
34_000732.wav,train,0,0,0,0,1,0,0,0
34_000745.wav,train,1,0,0,0,0,0,0,0
34_000793.wav,train,0,0,0,0,1,0,1,0
34_000795.wav,train,0,1,0,0,0,0,0,0
34_000815.wav,train,1,0,0,0,0,0,0,0
34_000850.wav,train,0,0,0,1,0,0,0,0
34_000928.wav,train,0,0,0,0,0,0,0,0
34_000964.wav,train,0,0,0,0,0,0,0,0
34_000993.wav,train,0,0,0,0,1,0,0,0
34_000997.wav,train,0,0,0,0,0,0,0,0
34_001025.wav,train,0,0,0,0,0,0,0,0
34_001034.wav,train,0,0,0,0,0,0,0,0
34_001039.wav,train,0,0,0,0,0,0,0,0
34_001081.wav,train,0,0,0,0,1,0,0,0
34_001087.wav,train,0,0,0,0,0,0,0,0
34_001107.wav,train,0,0,0,0,1,0,0,0
34_001128.wav,train,0,0,0,0,0,0,0,0
34_001156.wav,train,0,0,0,0,0,0,0,0
34_001317.wav,train,0,1,0,0,0,0,0,0
34_001336.wav,train,0,0,0,0,1,0,1,0
34_001386.wav,train,0,0,0,0,0,0,0,0
34_001404.wav,train,1,0,0,0,0,0,0,0
34_001452.wav,train,0,0,0,0,1,0,0,0
34_001539.wav,train,0,0,0,1,0,0,0,0
34_001626.wav,train,1,0,0,0,0,0,0,0
34_001736.wav,train,0,0,0,0,1,0,1,0
34_001965.wav,train,0,0,0,0,0,0,0,0
34_002038.wav,train,1,0,0,0,0,0,0,0
34_002090.wav,train,1,0,0,0,0,0,1,0
34_002169.wav,train,0,0,0,0,1,0,0,0
34_002203.wav,train,0,0,0,0,0,0,0,0
34_002282.wav,train,1,0,0,0,0,0,0,0
34_002331.wav,train,0,0,0,0,1,0,0,0
34_002371.wav,train,0,0,0,0,0,0,0,0
34_002401.wav,train,0,0,0,0,0,0,0,0
34_002404.wav,train,0,1,0,0,0,0,0,0
34_002475.wav,train,0,0,0,0,0,1,0,0
34_002480.wav,train,1,0,0,0,0,0,0,0
34_002674.wav,train,0,0,0,1,0,0,0,0
34_002760.wav,train,0,0,0,0,0,0,1,0
34_002797.wav,train,1,0,0,0,0,0,0,0
34_002833.wav,train,0,0,0,0,0,0,0,0
34_002979.wav,train,0,0,0,0,0,0,0,0
34_003219.wav,train,0,0,0,0,0,0,1,0
34_003263.wav,train,1,0,0,0,0,0,0,0
34_003331.wav,train,0,0,0,0,0,0,0,0
34_003346.wav,train,1,0,0,0,0,0,0,0
34_003361.wav,train,1,0,0,0,0,0,0,0
34_003627.wav,train,1,0,0,0,0,0,0,0
34_003725.wav,train,0,0,0,0,1,0,0,0
34_003781.wav,train,1,0,0,0,0,0,0,0
34_003800.wav,train,1,0,0,0,0,0,0,0
34_003850.wav,train,1,0,0,0,0,0,1,0
34_003874.wav,train,1,0,0,0,0,1,0,0
34_003878.wav,train,0,0,0,0,0,0,1,0
34_003907.wav,train,0,0,0,0,0,0,0,0
34_003959.wav,train,0,0,0,0,1,0,0,0
34_004003.wav,train,1,0,0,0,0,0,1,0
34_004046.wav,train,0,0,0,0,0,0,0,0
34_004058.wav,train,1,0,0,0,0,0,0,0
34_004065.wav,train,1,0,0,0,0,0,0,0
34_004124.wav,train,0,0,0,0,0,0,1,0
34_004126.wav,train,0,0,0,0,0,0,0,0
34_004168.wav,train,0,0,0,0,0,0,1,0
34_004180.wav,train,1,0,0,0,0,0,0,0
34_004227.wav,train,0,0,0,0,1,0,0,0
34_004247.wav,train,1,0,0,0,0,0,1,0
34_004270.wav,train,0,0,0,0,0,0,0,0
34_004278.wav,train,0,0,0,0,1,0,0,0
34_004279.wav,train,0,0,0,0,0,0,0,0
34_004314.wav,train,0,0,0,0,0,0,0,0
34_004387.wav,train,1,0,0,0,1,0,0,0
34_004426.wav,train,0,0,0,0,1,0,0,0
34_004436.wav,train,0,0,0,0,0,0,0,0
34_004482.wav,train,1,0,0,0,1,0,0,0
34_004524.wav,train,0,0,0,0,0,0,1,0
34_004564.wav,train,1,0,0,0,0,0,0,0
34_004569.wav,train,0,0,0,0,1,0,0,0
34_004628.wav,train,0,0,0,0,0,0,0,0
34_004671.wav,train,0,0,0,0,0,0,0,0
34_004793.wav,train,1,0,0,0,0,0,0,0
34_004925.wav,train,0,0,0,0,0,0,1,0
34_004944.wav,train,1,0,0,0,0,0,0,0
34_004946.wav,train,0,0,0,0,1,0,0,0
34_004947.wav,train,0,0,0,0,1,0,0,0
34_004970.wav,train,1,0,0,0,0,0,0,0
34_005014.wav,train,0,0,0,0,0,0,1,0
34_005030.wav,train,0,0,0,0,1,0,0,0
34_005041.wav,train,1,0,0,0,0,0,0,0
34_005248.wav,train,0,0,0,0,1,0,0,0
34_005296.wav,train,0,0,0,0,0,0,0,0
34_005333.wav,train,1,0,0,0,0,0,0,0
34_005340.wav,train,0,0,0,0,1,0,0,0
34_005343.wav,train,1,0,0,0,0,0,0,0
34_005374.wav,train,0,0,0,0,0,0,1,0
34_005383.wav,train,0,0,0,0,1,0,0,0
34_005399.wav,train,1,0,0,0,0,0,0,0
34_005419.wav,train,1,0,0,0,0,0,0,0
34_005454.wav,train,0,0,0,0,0,0,1,0
34_005481.wav,train,1,0,0,0,0,0,0,0
34_005539.wav,train,1,0,0,0,0,0,0,0
34_005561.wav,train,0,0,0,0,0,0,0,0
34_005571.wav,train,0,0,0,0,0,0,0,0
34_005596.wav,train,1,0,0,0,0,0,0,0
34_005605.wav,train,1,0,0,0,0,0,0,0
34_005686.wav,train,1,0,0,0,0,0,0,0
34_005727.wav,train,0,0,0,0,1,0,0,0
34_005757.wav,train,1,0,0,0,0,0,0,0
34_005864.wav,train,1,0,0,0,0,0,0,0
34_005944.wav,train,0,0,0,0,1,0,0,0
34_005956.wav,train,1,0,0,0,0,0,0,0
34_005970.wav,train,0,0,0,0,1,0,1,0
34_005973.wav,train,0,0,0,0,0,0,0,0
34_005978.wav,train,0,0,0,0,0,0,0,0
34_005984.wav,train,1,0,0,0,0,0,0,0
34_006022.wav,train,0,0,0,0,0,0,1,0
34_006062.wav,train,0,0,0,0,1,0,1,0
34_006130.wav,train,0,0,0,0,1,0,0,0
34_006157.wav,train,1,0,0,0,0,0,0,0
34_006188.wav,train,0,0,0,0,0,0,0,0
34_006190.wav,train,1,0,0,0,0,0,1,0
34_006191.wav,train,0,0,0,0,0,0,0,0
34_006298.wav,train,1,0,0,0,0,0,0,0
34_006307.wav,train,1,0,0,0,1,0,1,0
34_006312.wav,train,0,0,0,0,0,0,0,0
34_006341.wav,train,0,0,0,0,1,0,1,0
34_006345.wav,train,0,0,0,0,1,0,0,0
34_006348.wav,train,1,0,0,0,0,0,0,0
34_006484.wav,train,0,0,0,0,1,0,0,0
34_006490.wav,train,0,0,0,0,1,0,0,0
34_006547.wav,train,0,0,0,0,0,0,0,0
34_006559.wav,train,0,0,0,0,0,0,0,0
34_006568.wav,train,1,0,0,0,0,0,0,0
34_006589.wav,train,0,0,0,0,1,0,1,0
34_006641.wav,train,0,0,0,0,0,0,0,0
34_006659.wav,train,1,0,0,0,0,0,0,0
34_006726.wav,train,0,0,0,0,0,0,1,0
34_006742.wav,train,0,0,0,0,1,0,0,0
34_006765.wav,train,0,0,0,0,0,0,1,0
34_006812.wav,train,0,0,0,0,0,0,1,0
34_006872.wav,train,1,0,0,0,0,0,0,0
34_006894.wav,train,1,0,0,0,1,0,0,0
34_006930.wav,train,0,0,1,0,0,0,0,0
34_006987.wav,train,0,0,0,0,0,0,1,0
34_007094.wav,train,1,0,0,0,0,0,0,0
34_007118.wav,train,1,0,0,0,0,0,0,0
34_007125.wav,train,0,0,0,0,1,0,0,0
34_007130.wav,train,0,0,0,0,1,0,0,0
34_007153.wav,train,1,0,0,0,0,0,0,0
34_007157.wav,train,1,0,0,0,0,0,0,0
34_007173.wav,train,0,0,0,0,0,0,1,0
34_007226.wav,train,0,0,0,0,1,0,0,0
34_007266.wav,train,1,0,0,0,1,0,0,0
34_007303.wav,train,0,0,0,0,0,0,1,0
34_007321.wav,train,0,0,0,0,0,0,1,0
34_007407.wav,train,0,0,0,0,0,0,1,0
34_007478.wav,train,1,0,0,0,0,0,0,0
34_007544.wav,train,0,0,0,0,0,0,0,0
34_007596.wav,train,1,0,0,0,1,0,0,0
34_007647.wav,train,0,0,0,0,0,0,1,0
34_007654.wav,train,0,0,0,0,0,0,0,0
34_007658.wav,train,0,0,0,0,0,0,0,0
34_007668.wav,train,0,0,0,0,1,0,0,0
34_007714.wav,train,0,0,0,0,0,0,0,0
34_007724.wav,train,0,0,0,0,0,0,0,0
34_007773.wav,train,0,1,0,0,0,0,0,0
34_007803.wav,train,0,0,0,0,0,0,0,0
34_007810.wav,train,0,0,0,0,0,0,0,0
34_007885.wav,train,1,0,0,0,1,0,0,0
34_007974.wav,train,0,0,0,0,1,0,1,0
34_007984.wav,train,0,1,0,0,0,0,0,0
34_008010.wav,train,1,0,0,0,1,0,0,0
34_008040.wav,train,1,0,0,0,1,0,0,0
34_008081.wav,train,0,0,0,0,1,0,0,0
34_008098.wav,train,1,0,0,0,1,0,0,0
34_008105.wav,train,0,0,0,0,0,0,0,0
34_008112.wav,train,1,0,0,0,0,0,0,0
34_008134.wav,train,0,0,0,0,1,0,0,0
34_008142.wav,train,0,0,0,0,0,0,0,0
34_008156.wav,train,1,0,0,0,0,0,0,0
34_008182.wav,train,0,0,0,0,0,0,0,0
34_008201.wav,train,0,0,0,0,0,0,0,0
34_008279.wav,train,0,0,0,0,0,0,0,0
34_008360.wav,train,0,0,0,0,1,0,0,0
34_008388.wav,train,0,0,0,0,0,0,0,0
34_008392.wav,train,1,0,0,0,0,0,0,0
34_008398.wav,train,0,0,0,0,1,0,0,0
34_008406.wav,train,1,0,0,0,0,0,0,0
34_008408.wav,train,0,0,0,0,1,0,0,0
34_008429.wav,train,0,0,0,0,0,0,0,0
34_008474.wav,train,1,0,0,0,0,0,0,0
34_008515.wav,train,1,0,0,0,1,0,0,0
34_008575.wav,train,1,0,0,0,0,0,0,0
34_008602.wav,train,1,0,0,0,0,0,0,0
34_008622.wav,train,1,0,0,0,0,0,0,0
34_008680.wav,train,1,0,0,0,0,0,1,0
34_008742.wav,train,1,0,0,0,0,0,0,0
34_008809.wav,train,0,0,0,0,0,0,1,0
34_008816.wav,train,0,0,0,0,1,0,0,0
34_008817.wav,train,0,0,0,0,0,0,0,0
34_008839.wav,train,0,0,0,0,0,0,1,0
34_008878.wav,train,0,0,0,0,0,0,1,0
34_008896.wav,train,0,0,0,0,1,0,0,0
34_008908.wav,train,0,0,0,0,1,0,0,0
34_008912.wav,train,1,0,0,0,0,0,0,0
34_008944.wav,train,1,0,0,0,0,0,0,0
34_008949.wav,train,0,0,0,0,0,0,0,0
34_008951.wav,train,0,0,0,0,0,0,1,0
34_008965.wav,train,1,0,0,0,0,0,0,0
34_008970.wav,train,1,0,0,0,0,0,0,0
34_008987.wav,train,1,0,0,0,0,0,0,0
34_008999.wav,train,1,0,0,0,1,0,0,0
34_009049.wav,train,0,1,0,0,0,0,0,0
34_009092.wav,train,0,0,0,0,0,0,0,0
34_009114.wav,train,0,0,0,0,1,0,1,0
34_009148.wav,train,1,0,0,0,1,0,0,0
34_009190.wav,train,1,0,0,0,1,0,0,0
34_009205.wav,train,1,0,0,0,0,0,0,0
34_009207.wav,train,0,0,0,0,1,0,0,0
34_009266.wav,train,0,0,0,0,0,0,0,0
34_009301.wav,train,1,0,0,0,0,0,0,0
34_009319.wav,train,1,0,0,0,0,0,0,0
34_009322.wav,train,1,0,0,0,0,0,0,0
34_009335.wav,train,0,0,0,0,0,0,0,0
34_009342.wav,train,0,0,0,0,1,0,0,0
34_009396.wav,train,0,0,0,0,0,0,0,0
34_009407.wav,train,1,0,0,0,0,0,0,0
34_009414.wav,train,1,0,0,0,1,0,0,0
34_009416.wav,train,0,0,0,0,1,0,1,0
34_009450.wav,train,0,0,0,0,1,0,0,0
34_009465.wav,train,0,0,0,0,1,0,0,0
34_009543.wav,train,1,0,0,0,0,0,0,0
34_009585.wav,train,0,0,0,0,0,0,1,0
34_009662.wav,train,0,0,0,0,0,0,0,0
34_009702.wav,train,1,0,0,0,0,0,0,0
34_009704.wav,train,0,0,0,0,0,0,0,0
34_009769.wav,train,0,0,0,0,0,0,1,0
34_009820.wav,train,1,0,0,0,0,0,0,0
34_009830.wav,train,1,0,0,0,0,0,0,0
34_009909.wav,train,0,0,0,1,0,0,0,0
34_009923.wav,train,1,0,0,0,0,0,0,0
34_009935.wav,train,0,0,0,0,0,0,1,0
34_009955.wav,train,1,0,0,0,0,0,0,0
34_009980.wav,train,0,0,0,0,0,0,0,0
34_010007.wav,train,1,0,0,0,0,0,0,0
34_010034.wav,train,1,0,0,0,0,0,0,0
34_010172.wav,train,1,0,0,0,0,0,0,0
34_010211.wav,train,1,0,0,0,0,0,0,0
34_010268.wav,train,0,1,0,0,0,0,0,0
34_010353.wav,train,1,0,0,0,1,0,0,0
34_010366.wav,train,0,1,0,0,0,0,0,0
34_010382.wav,train,1,0,0,0,0,0,0,0
34_010397.wav,train,0,0,0,0,0,0,0,0
34_010404.wav,train,1,0,0,0,1,0,0,0
34_010417.wav,train,1,0,0,0,1,0,0,0
34_010422.wav,train,1,0,0,0,0,0,0,0
34_010510.wav,train,1,0,0,0,0,0,0,0
34_010550.wav,train,0,1,0,0,0,0,0,0
34_010590.wav,train,1,0,0,0,0,0,1,0
34_010626.wav,train,0,0,0,0,0,0,0,0
34_010649.wav,train,0,0,0,0,0,1,1,0
34_010653.wav,train,1,0,0,0,1,0,1,0
34_010666.wav,train,0,1,0,0,0,0,0,0
34_010674.wav,train,1,0,0,1,0,0,0,0
34_010687.wav,train,0,1,0,0,0,0,0,0
34_010708.wav,train,1,0,0,0,0,0,0,0
34_010770.wav,train,0,0,0,0,1,0,0,0
34_010777.wav,train,1,0,0,0,0,0,0,0
34_010803.wav,train,0,0,0,0,1,0,1,0
34_010812.wav,train,0,0,0,0,0,0,1,0
34_010817.wav,train,1,0,0,0,0,0,0,0
34_010856.wav,train,0,0,0,0,0,0,0,0
34_010861.wav,train,0,0,0,0,0,0,0,0
34_010865.wav,train,0,0,0,0,0,0,1,0
34_011000.wav,train,0,0,0,0,0,0,0,0
34_011040.wav,train,1,0,0,0,0,0,0,0
34_011073.wav,train,0,0,0,0,0,0,0,0
34_011097.wav,train,0,0,0,0,0,0,0,0
34_011122.wav,train,0,1,0,0,0,0,0,0
34_011146.wav,train,1,0,0,0,0,0,0,0
34_011150.wav,train,1,0,0,0,0,0,0,0
34_011169.wav,train,1,0,0,0,0,0,0,0
34_011231.wav,train,0,0,0,0,0,0,0,0
34_011247.wav,train,0,0,0,0,0,0,0,0
34_011258.wav,train,1,0,0,0,0,0,1,0
34_011302.wav,train,1,0,0,0,0,0,0,0
34_011306.wav,train,1,0,0,0,0,0,0,0
34_011400.wav,train,0,0,0,0,0,0,1,0
34_011431.wav,train,1,0,0,0,0,0,0,0
34_011441.wav,train,1,0,0,0,0,0,0,0
34_011459.wav,train,0,0,0,0,1,1,0,0
34_011500.wav,train,0,0,0,0,0,0,1,0
34_011503.wav,train,0,1,0,0,0,0,0,0
34_011526.wav,train,1,0,0,0,0,0,0,0
34_011537.wav,train,0,0,0,0,0,0,0,0
34_011581.wav,train,0,0,0,0,0,0,0,0
34_011588.wav,train,0,0,0,0,0,0,0,0
34_011670.wav,train,1,0,0,0,0,0,0,0
34_011751.wav,train,1,0,0,0,0,0,0,0
34_011760.wav,train,1,0,0,0,0,0,0,0
34_011770.wav,train,0,0,0,0,1,0,0,0
34_011772.wav,train,0,1,0,0,0,0,0,0
34_011786.wav,train,1,0,0,0,0,0,0,0
34_011803.wav,train,0,0,0,0,0,0,0,0
34_011877.wav,train,0,0,0,0,1,0,0,0
34_011884.wav,train,1,0,0,0,0,0,0,0
34_011887.wav,train,0,0,0,0,0,0,0,0
34_011977.wav,train,1,0,0,0,0,0,0,0
34_012014.wav,train,1,0,0,0,0,0,0,0
34_012021.wav,train,0,0,0,0,1,0,0,0
34_012024.wav,train,1,0,0,0,0,0,0,0
34_012047.wav,train,0,0,0,0,1,0,0,0
34_012055.wav,train,0,0,0,0,0,0,1,0
34_012091.wav,train,0,0,0,0,0,0,0,0
34_012100.wav,train,0,0,0,0,1,0,1,0
34_012111.wav,train,1,0,0,0,0,0,0,0
34_012130.wav,train,0,0,0,0,0,0,0,0
34_012168.wav,train,0,0,0,0,0,0,1,0
34_012177.wav,train,1,0,0,0,0,0,1,0
34_012202.wav,train,0,0,0,0,0,0,0,0
34_012218.wav,train,0,0,0,0,0,0,0,0
34_012227.wav,train,0,0,0,0,1,0,0,0
34_012239.wav,train,1,0,0,0,0,0,0,0
34_012278.wav,train,1,0,0,0,0,0,0,0
34_012300.wav,train,0,0,0,0,0,0,0,0
34_012312.wav,train,1,0,0,0,1,0,0,0
34_012323.wav,train,0,0,0,0,0,0,0,0
34_012336.wav,train,0,0,0,0,0,0,0,0
34_012407.wav,train,1,0,0,0,0,0,0,0
34_012459.wav,train,1,0,0,0,0,0,1,0
34_012470.wav,train,0,1,0,0,0,0,0,0
34_012531.wav,train,1,0,0,0,0,0,0,0
34_012563.wav,train,0,0,0,0,1,0,0,0
34_012601.wav,train,0,0,0,0,0,0,0,0
34_012606.wav,train,0,0,0,0,0,0,0,0
34_012627.wav,train,0,0,0,0,0,0,0,0
34_012686.wav,train,0,0,0,0,0,0,1,0
34_012708.wav,train,1,0,0,0,0,0,0,0
34_012741.wav,train,0,1,0,0,0,0,0,0
34_012751.wav,train,0,0,0,1,0,0,0,0
34_012752.wav,train,1,0,0,0,0,0,0,0
34_012776.wav,train,0,0,0,0,0,0,1,0
34_012790.wav,train,0,0,0,0,0,0,0,0
34_012811.wav,train,0,0,0,0,0,0,0,0
34_012816.wav,train,0,0,0,0,0,0,1,0
34_012873.wav,train,0,0,0,0,0,0,0,0
34_012964.wav,train,1,0,0,0,0,0,0,0
34_012999.wav,train,1,0,0,0,0,0,0,0
34_013058.wav,train,1,0,0,0,0,0,0,0
34_013063.wav,train,0,0,0,0,1,0,0,0
34_013082.wav,train,0,0,0,0,1,0,0,0
34_013090.wav,train,0,0,0,0,0,0,0,0
34_013116.wav,train,0,1,0,0,0,0,0,0
34_013118.wav,train,1,0,0,0,0,0,0,0
34_013172.wav,train,0,0,0,0,0,0,1,0
34_013184.wav,train,0,0,0,0,0,0,0,0
34_013210.wav,train,0,1,0,0,0,0,0,0
34_013271.wav,train,0,0,0,0,0,0,0,0
34_013294.wav,train,1,0,0,0,0,0,0,0
34_013317.wav,train,0,0,0,0,0,0,1,0
34_013342.wav,train,0,1,0,0,1,0,0,0
34_013351.wav,train,0,0,0,0,0,0,0,0
34_013363.wav,train,0,0,0,0,0,0,0,0
34_013458.wav,train,0,0,0,0,0,0,1,0
34_013504.wav,train,0,1,0,0,0,0,0,0
34_013510.wav,train,0,0,0,0,1,0,0,0
34_013518.wav,train,1,0,0,0,0,0,0,0
34_013522.wav,train,0,0,0,0,0,0,0,0
34_013534.wav,train,0,0,0,0,0,0,0,0
34_013553.wav,train,1,0,0,0,0,0,0,0
34_013590.wav,train,0,1,0,0,0,0,0,0
34_013596.wav,train,0,0,0,0,1,0,0,0
34_013689.wav,train,0,0,0,0,0,0,0,0
34_016294.wav,train,0,1,0,0,0,0,0,0
34_016353.wav,train,0,0,0,0,0,0,0,0
34_016363.wav,train,0,0,0,0,1,0,0,0
34_016425.wav,train,1,0,0,0,0,0,0,0
34_016474.wav,train,1,0,0,0,0,0,0,0
34_016475.wav,train,0,0,0,0,0,0,0,0
34_016481.wav,train,1,0,0,0,0,0,0,0
34_016533.wav,train,0,0,0,0,0,0,0,0
34_016540.wav,train,0,0,0,0,0,0,1,0
34_016555.wav,train,1,0,0,0,0,0,0,0
34_016558.wav,train,0,0,0,0,1,0,0,0
34_016635.wav,train,0,0,0,0,0,0,0,0
34_016659.wav,train,1,0,0,0,0,0,0,0
34_016674.wav,train,0,0,0,0,0,0,0,0
34_016690.wav,train,0,0,0,0,1,0,0,0
34_016712.wav,train,1,0,0,0,0,0,0,0
34_016857.wav,train,1,0,0,0,0,0,1,0
34_016873.wav,train,0,0,0,0,1,0,0,0
34_016908.wav,train,1,0,0,0,0,0,1,0
34_016973.wav,train,0,0,0,0,1,0,0,0
34_016998.wav,train,1,0,0,0,0,0,0,0
34_017071.wav,train,1,0,0,0,0,0,0,0
34_017086.wav,train,0,1,0,0,0,0,0,0
34_017163.wav,train,0,0,0,0,0,0,1,0
34_017193.wav,train,1,0,0,0,1,0,0,0
34_017202.wav,train,0,0,0,0,1,1,1,0
34_017234.wav,train,0,0,0,0,1,0,0,0
34_017339.wav,train,1,0,0,0,0,0,1,0
34_017366.wav,train,0,0,0,0,0,0,0,0
34_017461.wav,train,1,0,0,0,0,0,0,0
34_017462.wav,train,0,0,0,0,1,0,1,0
34_017491.wav,train,1,0,0,0,0,0,0,0
34_017524.wav,train,1,0,0,0,0,0,0,0
34_017613.wav,train,0,0,0,0,0,0,1,0
34_017649.wav,train,1,0,0,0,0,0,0,0
34_017676.wav,train,1,0,0,0,0,0,0,0
34_017759.wav,train,0,1,0,0,0,0,0,0
34_017809.wav,train,0,0,0,0,0,0,0,0
34_017810.wav,train,0,0,0,0,1,0,0,0
34_017855.wav,train,0,1,0,0,0,0,0,0
34_017862.wav,train,0,0,0,0,0,0,1,0
34_017888.wav,train,0,0,0,0,0,0,0,0
34_017890.wav,train,1,0,0,0,1,0,0,0
34_017900.wav,train,1,0,0,0,0,0,0,0
34_017911.wav,train,0,0,0,0,1,0,0,0
34_017966.wav,train,0,0,0,0,0,0,1,0
34_018001.wav,train,0,0,0,0,0,0,0,0
34_018020.wav,train,0,0,0,0,0,0,0,0
34_018022.wav,train,1,0,0,0,1,0,0,0
34_018024.wav,train,0,1,0,0,0,0,0,0
34_018028.wav,train,0,0,0,0,1,0,0,0
34_018052.wav,train,0,1,0,0,0,0,0,0
34_018167.wav,train,0,0,0,0,0,0,0,0
34_018168.wav,train,0,0,0,0,1,0,0,0
34_018179.wav,train,0,0,0,0,1,0,1,0
34_018187.wav,train,0,1,0,0,0,0,0,0
34_018192.wav,train,1,0,0,0,1,0,0,0
34_018194.wav,train,1,0,0,0,0,0,0,0
34_018242.wav,train,1,0,0,0,0,0,0,0
34_018262.wav,train,0,0,0,0,0,0,0,0
34_018344.wav,train,0,0,0,0,0,0,0,0
34_018355.wav,train,1,0,0,0,0,0,0,0
34_018363.wav,train,0,0,0,0,0,0,0,0
34_018381.wav,train,1,0,0,0,0,0,0,0
34_018393.wav,train,1,0,0,0,0,0,0,0
34_018425.wav,train,0,1,0,0,0,0,0,0
34_018476.wav,train,0,0,0,0,1,0,0,0
34_018561.wav,train,1,0,0,0,0,0,1,0
34_018575.wav,train,0,0,0,0,0,0,0,0
34_018651.wav,train,0,0,0,0,1,0,1,0
34_018665.wav,train,0,0,0,0,0,0,0,0
34_018701.wav,train,1,0,0,0,0,0,0,0
34_018702.wav,train,0,0,0,0,0,0,0,0
34_018784.wav,train,0,0,0,0,0,0,0,0
34_018803.wav,train,0,0,0,0,0,0,1,0
34_018808.wav,train,0,0,0,0,0,0,0,0
34_019033.wav,train,0,0,0,0,1,0,0,0
34_019092.wav,train,1,0,0,0,1,0,0,0
34_019100.wav,train,0,1,0,0,0,0,0,0
34_019102.wav,train,0,0,0,0,0,0,1,0
34_019129.wav,train,0,0,0,0,0,0,1,0
34_019134.wav,train,1,0,0,0,0,0,0,0
34_019139.wav,train,0,1,0,0,0,0,0,0
34_019155.wav,train,0,0,0,0,0,0,1,0
34_019168.wav,train,1,0,0,0,0,0,1,0
34_019189.wav,train,0,0,0,0,1,0,0,0
34_019214.wav,train,0,0,0,0,0,0,0,0
34_019259.wav,train,1,1,0,0,0,0,0,0
34_019262.wav,train,0,0,0,0,1,0,1,0
34_019286.wav,train,0,1,0,0,0,0,0,0
34_019294.wav,train,1,0,0,0,0,0,0,0
34_019298.wav,train,1,0,0,0,1,0,1,0
34_019314.wav,train,0,0,0,1,0,0,0,0
34_019322.wav,train,0,0,0,0,1,0,1,0
34_019328.wav,train,1,0,0,0,0,0,0,0
34_019360.wav,train,1,0,0,0,0,0,0,0
34_019366.wav,train,0,0,0,0,0,0,1,0
34_019376.wav,train,0,0,0,0,0,0,0,0
34_019402.wav,train,0,0,0,0,0,1,0,0
34_019412.wav,train,1,0,0,0,0,0,0,0
34_019416.wav,train,0,0,0,0,0,0,1,0
34_019422.wav,train,1,0,0,0,0,0,1,0
34_019436.wav,train,0,0,0,0,0,0,0,0
34_019468.wav,train,1,0,0,0,0,0,0,0
34_019500.wav,train,1,0,0,0,0,0,0,0
34_019515.wav,train,1,0,0,0,0,0,0,0
34_019570.wav,train,1,0,0,0,0,0,0,0
34_019642.wav,train,0,0,0,0,1,0,0,0
34_019643.wav,train,0,0,0,0,0,0,1,0
34_019678.wav,train,0,0,0,0,0,0,0,0
34_019699.wav,train,0,0,0,0,1,0,0,0
34_019731.wav,train,0,0,0,0,1,0,1,0
34_019764.wav,train,1,0,0,0,0,0,0,0
34_019784.wav,train,1,0,0,0,0,0,0,0
34_019809.wav,train,1,0,0,0,1,0,0,0
34_019831.wav,train,1,0,0,0,1,0,0,0
34_019838.wav,train,1,0,0,0,0,0,1,0
34_019877.wav,train,1,0,0,0,0,0,0,0
34_019889.wav,train,1,0,0,0,1,0,0,0
34_019912.wav,train,1,0,0,0,0,0,0,0
34_019913.wav,train,1,0,0,0,0,0,0,0
34_019960.wav,train,0,1,0,0,0,0,0,0
34_019968.wav,train,1,0,0,0,0,0,0,0
34_020006.wav,train,1,0,0,0,0,0,1,0
34_020027.wav,train,0,0,0,0,1,0,0,0
34_020058.wav,train,1,0,0,0,0,0,0,0
34_020067.wav,train,0,0,0,0,1,0,0,0
34_020125.wav,train,1,0,0,0,0,0,0,0
34_020192.wav,train,1,0,0,0,0,0,1,0
34_020245.wav,train,0,0,0,0,0,0,1,0
34_020274.wav,train,1,0,0,0,0,0,0,0
34_020290.wav,train,1,0,0,0,1,0,0,0
34_020305.wav,train,0,0,0,0,1,0,0,0
34_020307.wav,train,0,0,0,0,0,0,0,0
34_020309.wav,train,0,0,0,0,0,0,0,0
34_020318.wav,train,1,0,0,0,1,0,1,0
34_020319.wav,train,0,0,0,0,0,0,0,0
34_020394.wav,train,0,0,0,0,0,0,1,0
34_020406.wav,train,0,0,0,0,0,0,0,0
34_020408.wav,train,0,0,0,0,0,0,0,0
34_020410.wav,train,0,0,0,0,0,0,1,0
34_020505.wav,train,0,0,0,0,0,0,0,0
34_020591.wav,train,0,0,0,0,1,0,0,0
34_020596.wav,train,1,0,0,0,0,0,1,0
34_020635.wav,train,0,0,0,0,1,0,1,0
34_020655.wav,train,1,0,0,0,0,0,0,0
34_020683.wav,train,0,0,0,0,0,0,0,0
34_020697.wav,train,0,0,0,0,1,0,0,0
34_020724.wav,train,1,0,0,0,0,0,0,0
34_020728.wav,train,0,0,0,0,1,0,0,0
34_020735.wav,train,0,0,0,0,0,0,0,0
34_020766.wav,train,0,0,0,0,0,0,0,0
34_020850.wav,train,0,0,0,0,1,0,0,0
34_020906.wav,train,0,0,0,0,0,0,0,0
34_027105.wav,test,1,0,0,0,0,0,0,0
34_027118.wav,test,1,0,0,0,0,0,0,0
34_027121.wav,test,1,0,1,0,0,0,0,0
34_027441.wav,test,1,0,0,0,1,0,1,0
34_027580.wav,test,1,0,0,0,0,0,0,0
34_027633.wav,test,1,0,0,0,0,0,1,0
34_027636.wav,test,1,0,0,0,0,0,0,0
34_027716.wav,test,0,0,1,0,1,0,1,0
34_027749.wav,test,1,0,1,0,0,0,0,0
34_027759.wav,test,1,0,0,0,1,0,1,0
34_027799.wav,test,1,0,0,0,0,0,0,0
35_000014.wav,train,0,0,0,0,0,0,1,0
35_000195.wav,train,0,0,0,0,0,0,1,0
35_000276.wav,train,0,0,0,0,1,0,0,0
35_000399.wav,train,0,1,0,0,1,0,0,0
35_000505.wav,train,1,0,0,0,0,0,0,0
35_000585.wav,train,0,0,0,0,0,0,0,0
35_000636.wav,train,0,1,0,0,0,0,0,0
35_000666.wav,train,0,0,0,1,0,0,0,0
35_000691.wav,train,0,1,0,0,0,0,0,0
35_000804.wav,train,0,0,0,0,0,0,0,0
35_000957.wav,train,0,0,0,0,0,0,0,0
35_000998.wav,train,0,1,0,0,0,0,0,0
35_001145.wav,train,0,0,0,0,0,0,0,0
35_001225.wav,train,0,0,0,0,0,0,0,0
35_001254.wav,train,0,1,0,1,0,0,0,0
35_001301.wav,train,0,0,0,1,0,0,0,0
35_001352.wav,train,0,0,0,0,0,0,0,0
35_001438.wav,train,0,0,0,0,0,0,0,0
35_001482.wav,train,0,0,0,0,0,0,1,0
35_001543.wav,train,0,0,0,0,0,0,1,0
35_001581.wav,train,0,0,0,0,0,0,0,0
35_001790.wav,train,0,0,0,1,0,0,0,0
35_001847.wav,train,0,0,0,0,0,0,0,0
35_001875.wav,train,0,0,0,0,0,0,1,0
35_001910.wav,train,0,0,0,0,0,0,1,0
35_002153.wav,train,0,0,0,0,0,0,0,0
35_002195.wav,train,0,0,0,0,0,0,1,0
35_002209.wav,train,0,0,0,0,0,0,1,0
35_002243.wav,train,0,0,0,0,0,0,0,0
35_002335.wav,train,0,0,0,0,0,0,0,0
35_002379.wav,train,0,0,0,1,0,0,0,0
35_002382.wav,train,0,0,0,0,1,0,1,0
35_002430.wav,train,0,0,0,0,0,0,0,0
35_002604.wav,train,0,0,0,1,0,0,0,0
35_002648.wav,train,0,0,0,0,0,0,0,0
35_002650.wav,train,0,0,0,0,0,0,0,0
35_002813.wav,train,0,0,0,0,1,0,0,0
35_003228.wav,train,0,0,0,0,1,0,1,0
35_003324.wav,train,1,0,0,0,0,0,0,0
35_003486.wav,train,0,0,0,0,0,0,0,0
35_003495.wav,train,0,1,0,0,0,0,0,0
35_003523.wav,train,0,0,0,1,0,0,0,0
35_003530.wav,train,0,0,0,0,0,0,1,0
35_003541.wav,train,0,1,0,0,0,0,0,0
35_003747.wav,train,0,0,0,1,0,0,0,0
35_004016.wav,train,0,0,0,1,0,0,0,0
35_004036.wav,train,1,0,0,0,0,0,0,0
35_004101.wav,train,0,0,0,0,0,0,1,0
35_004145.wav,train,1,0,0,0,0,0,0,0
35_004171.wav,train,0,0,0,0,0,0,0,0
35_004221.wav,train,1,0,0,0,0,0,0,0
35_004349.wav,train,0,0,0,0,0,0,0,0
35_004363.wav,train,0,0,0,0,0,0,0,0
35_004398.wav,train,0,0,0,0,0,0,1,0
35_004553.wav,train,1,0,0,0,0,0,0,0
35_004600.wav,train,0,0,0,0,1,0,1,0
35_004630.wav,train,0,0,0,0,0,0,1,0
35_005003.wav,train,1,0,0,0,0,0,0,0
35_005024.wav,train,0,0,0,0,0,0,0,0
35_005058.wav,train,0,0,0,1,0,0,0,0
35_005083.wav,train,0,0,0,1,1,0,0,0
35_005093.wav,train,1,0,0,0,1,0,1,0
35_005164.wav,train,0,0,0,0,0,0,0,0
35_005191.wav,train,0,0,0,0,0,0,0,0
35_005213.wav,train,0,0,0,0,0,0,1,0
35_005234.wav,train,0,0,0,0,0,0,1,0
35_005254.wav,train,0,0,0,0,0,0,1,0
35_005277.wav,train,1,0,0,0,0,0,1,0
35_005355.wav,train,0,0,0,0,0,0,0,0
35_005440.wav,train,0,0,0,1,0,0,0,0
35_005648.wav,train,0,0,0,0,0,0,1,0
35_005813.wav,train,0,0,0,0,0,0,1,0
35_005817.wav,train,0,0,0,1,0,0,0,0
35_005833.wav,train,0,0,0,1,0,0,0,0
35_005837.wav,train,0,0,0,0,0,0,1,0
35_005855.wav,train,0,0,0,0,0,0,0,0
35_005992.wav,train,1,0,0,0,0,0,0,0
35_006052.wav,train,0,0,0,0,0,0,1,0
35_006057.wav,train,1,0,0,0,0,0,1,0
35_006098.wav,train,1,0,0,0,0,0,0,0
35_006135.wav,train,0,0,0,0,0,0,0,0
35_006169.wav,train,0,0,0,1,0,0,0,0
35_006225.wav,train,1,0,0,0,0,0,0,0
35_006246.wav,train,0,0,0,0,0,0,0,0
35_006263.wav,train,0,0,0,0,0,1,0,0
35_006284.wav,train,0,0,0,0,0,0,1,0
35_006314.wav,train,0,0,0,0,0,0,0,0
35_006358.wav,train,0,0,0,0,0,0,1,0
35_006405.wav,train,0,0,0,0,0,0,0,0
35_006415.wav,train,0,0,0,0,1,0,0,0
35_006443.wav,train,0,0,0,0,0,0,1,0
35_006553.wav,train,0,0,0,0,0,0,1,0
35_006584.wav,train,0,0,0,0,0,0,0,0
35_006650.wav,train,1,0,0,1,0,0,0,0
35_006678.wav,train,0,0,0,0,0,0,1,0
35_006760.wav,train,0,0,0,0,1,0,1,0
35_006781.wav,train,0,0,0,0,0,0,1,0
35_006911.wav,train,1,0,0,0,0,0,1,0
35_007137.wav,train,0,1,0,0,0,0,0,0
35_007216.wav,train,0,0,0,0,0,0,0,0
35_007258.wav,train,0,1,0,0,0,0,0,0
35_007274.wav,train,0,0,0,0,0,1,1,0
35_007335.wav,train,0,0,0,0,0,0,0,0
35_007342.wav,train,0,0,0,0,0,0,1,0
35_007345.wav,train,0,0,0,0,0,0,0,0
35_007366.wav,train,0,0,0,0,0,0,1,0
35_007394.wav,train,0,0,0,0,0,0,1,0
35_007463.wav,train,0,0,0,0,0,0,0,0
35_007643.wav,train,0,0,0,0,1,0,0,0
35_007785.wav,train,0,0,0,0,0,0,0,0
35_007790.wav,train,0,1,0,0,0,0,0,0
35_007863.wav,train,0,0,0,1,0,0,0,0
35_007915.wav,train,0,0,0,0,0,0,0,0
35_008102.wav,train,0,0,0,0,0,0,1,0
35_008151.wav,train,0,0,0,1,0,0,0,0
35_008157.wav,train,0,0,0,0,0,0,1,0
35_008186.wav,train,1,0,0,0,0,0,0,0
35_008245.wav,train,0,0,0,0,1,0,0,0
35_008259.wav,train,0,0,0,0,0,0,0,0
35_008371.wav,train,0,0,0,0,0,0,1,0
35_008409.wav,train,0,0,0,0,0,0,1,0
35_008480.wav,train,0,0,0,0,0,0,0,0
35_008535.wav,train,1,0,0,0,0,0,0,0
35_008607.wav,train,0,0,0,0,0,0,0,0
35_008756.wav,train,0,0,0,0,0,0,0,0
35_008879.wav,train,0,0,0,0,0,0,1,0
35_008888.wav,train,0,1,0,0,0,0,0,0
35_008907.wav,train,0,1,0,0,0,0,0,0
35_008953.wav,train,0,0,0,0,0,0,0,0
35_008968.wav,train,0,0,0,0,0,0,0,0
35_009022.wav,train,1,0,0,0,0,0,0,0
35_009035.wav,train,0,0,0,0,0,0,1,0
35_009105.wav,train,0,0,0,0,0,0,0,0
35_009134.wav,train,0,0,0,0,0,0,1,0
35_009186.wav,train,0,0,0,0,0,0,1,0
35_009227.wav,train,1,0,0,0,1,0,0,0
35_009256.wav,train,0,0,0,0,1,0,1,0
35_009298.wav,train,0,0,0,0,0,0,1,0
35_009316.wav,train,1,0,0,0,0,0,1,0
35_009345.wav,train,0,0,0,0,0,1,0,0
35_009348.wav,train,0,0,0,0,0,0,0,0
35_009350.wav,train,0,0,0,1,0,0,0,0
35_009365.wav,train,0,1,0,0,0,0,0,0
35_009422.wav,train,0,0,0,1,0,0,0,0
35_009425.wav,train,0,0,0,1,0,0,0,0
35_009442.wav,train,1,0,0,0,0,0,0,0
35_009447.wav,train,0,0,0,0,0,0,0,0
35_009529.wav,train,0,0,0,1,0,0,0,0
35_009531.wav,train,0,0,0,0,0,0,1,0
35_009540.wav,train,0,0,1,0,0,0,0,0
35_009561.wav,train,0,0,0,1,0,0,0,0
35_009569.wav,train,1,0,0,0,0,0,0,0
35_009677.wav,train,0,0,0,1,0,0,0,0
35_009732.wav,train,0,0,0,0,0,0,0,0
35_009776.wav,train,0,0,0,1,0,0,0,0
35_009779.wav,train,0,0,0,0,0,0,0,0
35_009789.wav,train,0,0,0,0,0,0,1,0
35_009792.wav,train,0,0,0,0,0,0,0,0
35_009812.wav,train,0,0,0,0,1,0,0,0
35_009844.wav,train,0,0,0,0,0,0,1,0
35_009880.wav,train,0,0,0,0,1,0,0,0
35_009925.wav,train,0,0,0,0,0,0,1,0
35_009941.wav,train,1,0,0,0,0,0,0,0
35_010059.wav,train,0,0,0,1,0,0,0,0
35_010067.wav,train,0,0,0,0,0,1,0,0
35_010072.wav,train,0,0,0,1,0,0,0,0
35_010076.wav,train,0,0,0,0,0,0,0,0
35_010088.wav,train,0,0,0,1,0,0,0,0
35_010164.wav,train,0,0,0,0,0,0,0,0
35_010171.wav,train,0,0,0,0,0,0,0,0
35_010218.wav,train,0,0,0,0,0,0,0,0
35_010309.wav,train,1,0,0,0,0,0,1,0
35_010311.wav,train,0,0,0,0,0,1,0,0
35_010394.wav,train,0,0,0,0,0,0,1,0
35_010402.wav,train,1,0,0,0,0,0,0,0
35_010463.wav,train,0,0,0,0,1,0,1,0
35_010466.wav,train,0,0,0,0,1,0,1,0
35_010486.wav,train,0,0,0,0,0,0,0,0
35_010532.wav,train,0,0,0,0,1,0,1,0
35_010586.wav,train,0,0,0,0,0,0,0,0
35_010639.wav,train,0,0,0,0,0,0,1,0
35_010681.wav,train,0,0,0,0,0,0,1,0
35_010690.wav,train,0,0,0,0,0,0,0,0
35_010804.wav,train,0,0,0,0,0,0,0,0
35_010824.wav,train,1,0,0,0,0,0,0,0
35_010928.wav,train,0,0,0,0,1,0,1,0
35_010934.wav,train,0,0,0,0,0,0,0,0
35_010990.wav,train,0,0,0,0,0,0,1,0
35_010995.wav,train,0,0,0,0,0,0,0,0
35_011027.wav,train,1,0,0,0,0,0,0,0
35_011052.wav,train,0,0,0,0,0,0,0,0
35_011057.wav,train,0,0,0,0,0,0,0,0
35_011087.wav,train,0,0,0,0,0,0,1,0
35_011090.wav,train,0,0,0,1,0,0,0,0
35_011170.wav,train,0,0,0,0,0,0,0,0
35_011215.wav,train,0,0,0,0,0,0,1,0
35_011222.wav,train,0,0,0,0,0,0,1,0
35_011229.wav,train,1,0,0,0,0,0,0,0
35_011310.wav,train,1,0,0,0,0,0,0,0
35_011393.wav,train,0,0,0,1,0,0,0,0
35_011412.wav,train,0,0,0,0,0,0,1,0
35_011514.wav,train,0,0,0,0,0,0,0,0
35_011596.wav,train,1,0,0,0,0,0,0,0
35_011631.wav,train,0,0,0,0,0,0,1,0
35_011700.wav,train,0,0,0,0,0,0,1,0
35_011709.wav,train,0,0,0,0,1,1,0,0
35_011734.wav,train,0,0,0,0,0,0,1,0
35_011757.wav,train,0,0,0,0,0,0,1,0
35_011761.wav,train,1,0,0,0,0,0,0,0
35_011774.wav,train,1,0,0,0,0,0,0,0
35_011793.wav,train,0,0,0,0,0,0,1,0
35_011970.wav,train,0,0,0,0,1,0,0,0
35_012002.wav,train,0,0,0,0,0,0,1,0
35_012038.wav,train,0,0,0,0,0,0,0,0
35_012120.wav,train,1,0,0,0,0,0,0,0
35_012138.wav,train,1,0,0,0,0,0,0,0
35_012205.wav,train,0,0,0,0,0,0,0,0
35_012207.wav,train,0,0,0,0,0,0,1,0
35_012214.wav,train,0,0,0,0,0,0,0,0
35_012261.wav,train,0,0,0,0,0,0,0,0
35_012379.wav,train,1,0,0,0,0,0,0,0
35_012402.wav,train,0,0,0,0,0,0,0,0
35_012403.wav,train,0,0,0,0,0,0,0,0
35_012412.wav,train,1,0,0,0,0,0,0,0
35_012474.wav,train,0,0,0,1,0,0,0,0
35_012486.wav,train,0,0,0,0,0,0,0,0
35_012521.wav,train,0,0,0,0,0,0,0,0
35_012529.wav,train,0,0,0,0,0,0,0,0
35_012536.wav,train,0,1,0,0,0,0,0,0
35_012571.wav,train,0,0,0,0,0,0,0,0
35_012611.wav,train,0,0,0,0,0,0,1,0
35_012613.wav,train,0,0,0,0,0,0,1,0
35_012631.wav,train,0,0,0,0,0,0,0,0
35_012703.wav,train,0,0,0,0,0,0,0,0
35_012711.wav,train,0,0,0,0,0,0,0,0
35_012757.wav,train,0,0,0,1,0,0,0,0
35_012855.wav,train,0,0,0,0,0,0,1,0
35_012885.wav,train,0,0,0,0,0,0,1,0
35_012903.wav,train,0,0,1,0,0,1,1,0
35_012993.wav,train,1,0,0,0,0,0,0,0
35_013110.wav,train,0,0,0,0,0,0,0,0
35_013168.wav,train,0,0,0,0,0,0,1,0
35_013222.wav,train,0,0,0,0,0,0,0,0
35_013273.wav,train,0,0,0,0,0,0,0,0
35_013274.wav,train,0,0,0,0,0,0,0,0
35_013335.wav,train,0,0,0,0,0,0,0,0
35_013344.wav,train,0,0,0,0,0,0,1,0
35_013388.wav,train,0,0,0,0,0,0,0,0
35_013399.wav,train,0,1,0,0,0,0,0,0
35_013416.wav,train,0,0,0,0,0,0,0,0
35_013466.wav,train,0,0,0,0,1,0,0,0
35_013490.wav,train,0,0,0,0,1,0,0,0
35_013606.wav,train,0,0,0,0,0,0,0,0
35_013617.wav,train,0,0,0,0,0,1,0,0
35_013618.wav,train,0,0,0,0,0,0,0,0
35_013642.wav,train,1,0,0,0,0,0,0,0
35_016302.wav,train,0,0,0,1,1,0,0,0
35_016335.wav,train,1,0,0,0,0,0,0,0
35_016387.wav,train,0,0,0,0,0,1,1,0
35_016392.wav,train,0,0,0,1,0,0,0,0
35_016407.wav,train,0,0,0,0,0,0,0,0
35_016435.wav,train,1,0,1,0,0,0,0,0
35_016449.wav,train,0,0,0,0,0,0,0,0
35_016455.wav,train,0,0,0,0,0,0,0,0
35_016507.wav,train,1,0,0,0,0,0,0,0
35_016512.wav,train,0,0,0,0,0,1,0,0
35_016539.wav,train,0,0,0,0,0,0,1,0
35_016545.wav,train,1,0,0,0,0,0,0,0
35_016564.wav,train,0,0,0,0,0,0,1,0
35_016631.wav,train,1,0,0,0,0,0,0,0
35_016702.wav,train,0,0,1,0,0,0,0,0
35_016716.wav,train,0,0,0,0,0,0,1,0
35_016771.wav,train,1,0,0,0,0,0,0,0
35_016791.wav,train,0,0,0,0,0,0,0,0
35_016841.wav,train,0,0,0,0,0,0,1,0
35_016848.wav,train,0,0,0,0,1,0,0,0
35_016914.wav,train,0,0,0,0,0,0,1,0
35_016922.wav,train,0,0,0,0,0,1,0,0
35_017046.wav,train,0,0,0,0,0,0,1,0
35_017064.wav,train,0,0,1,0,0,0,0,0
35_017083.wav,train,0,0,0,0,0,0,1,0
35_017175.wav,train,0,0,0,0,0,0,1,0
35_017207.wav,train,0,0,0,0,0,0,0,0
35_017243.wav,train,0,0,0,0,0,0,1,0
35_017257.wav,train,0,0,0,0,0,0,1,0
35_017346.wav,train,0,0,0,0,0,0,1,0
35_017510.wav,train,0,0,0,0,0,0,1,0
35_017511.wav,train,0,0,0,0,0,0,1,0
35_017545.wav,train,0,0,0,0,0,1,0,0
35_017550.wav,train,0,1,0,0,0,0,0,0
35_017627.wav,train,0,0,0,0,0,0,1,0
35_017644.wav,train,0,0,0,0,0,0,1,0
35_017673.wav,train,0,0,0,0,0,0,0,0
35_017689.wav,train,0,0,0,0,0,0,0,0
35_017726.wav,train,0,0,0,0,0,0,1,0
35_017811.wav,train,0,0,0,0,0,1,1,0
35_017818.wav,train,0,0,0,0,0,0,0,0
35_017938.wav,train,0,0,0,0,0,1,1,0
35_017946.wav,train,0,0,0,0,0,0,1,0
35_018000.wav,train,0,0,0,0,0,1,1,0
35_018042.wav,train,0,0,0,0,0,0,1,0
35_018127.wav,train,0,0,0,0,0,0,0,0
35_018153.wav,train,0,0,0,0,0,0,1,0
35_018161.wav,train,0,0,0,0,1,0,0,0
35_018175.wav,train,0,0,0,0,0,0,1,0
35_018181.wav,train,0,0,0,0,0,0,1,0
35_018186.wav,train,0,0,0,0,0,0,1,0
35_018283.wav,train,1,0,0,0,0,0,0,0
35_018303.wav,train,1,0,0,0,0,0,0,0
35_018428.wav,train,0,0,0,0,0,0,1,0
35_018433.wav,train,0,0,0,0,1,0,0,0
35_018483.wav,train,0,0,0,0,0,0,0,0
35_018511.wav,train,0,0,0,0,1,0,1,0
35_018597.wav,train,0,1,0,0,0,0,0,0
35_018625.wav,train,0,0,0,0,1,0,0,0
35_018630.wav,train,0,0,0,0,0,0,1,0
35_018634.wav,train,0,0,0,0,0,0,0,0
35_018673.wav,train,0,0,0,0,0,0,0,0
35_018731.wav,train,0,0,0,0,1,0,1,0
35_018921.wav,train,0,0,0,0,1,0,0,0
35_018972.wav,train,0,1,0,0,0,0,0,0
35_019024.wav,train,0,0,0,0,0,0,0,0
35_019026.wav,train,0,0,0,0,1,0,1,0
35_019076.wav,train,0,0,0,1,0,0,0,0
35_019094.wav,train,0,0,0,0,0,1,0,0
35_019119.wav,train,0,0,0,0,0,0,0,0
35_019133.wav,train,0,0,0,0,0,0,0,0
35_019141.wav,train,0,0,0,0,0,0,0,0
35_019154.wav,train,1,0,0,0,1,0,0,0
35_019158.wav,train,0,0,0,0,0,0,1,0
35_019184.wav,train,0,0,0,0,0,0,1,0
35_019239.wav,train,0,0,0,0,1,0,0,0
35_019319.wav,train,0,0,0,0,0,0,1,0
35_019321.wav,train,0,0,0,1,1,0,0,0
35_019333.wav,train,0,0,0,0,0,1,0,0
35_019343.wav,train,0,0,0,0,0,1,1,0
35_019345.wav,train,0,0,1,0,1,0,0,0
35_019387.wav,train,0,0,1,0,0,0,1,0
35_019401.wav,train,1,0,0,0,0,0,0,0
35_019411.wav,train,0,0,0,1,0,0,0,0
35_019441.wav,train,0,0,0,0,0,1,0,0
35_019444.wav,train,0,0,0,0,0,0,1,0
35_019552.wav,train,1,0,0,0,0,0,0,0
35_019553.wav,train,0,0,0,0,0,0,0,0
35_019591.wav,train,0,0,0,0,0,0,1,0
35_019695.wav,train,0,0,0,0,0,0,0,0
35_019713.wav,train,0,0,0,0,1,0,1,0
35_019787.wav,train,0,0,0,1,0,0,0,0
35_019796.wav,train,0,0,0,0,0,1,0,0
35_019799.wav,train,0,0,0,0,0,1,0,0
35_019871.wav,train,0,0,0,0,1,0,0,0
35_020009.wav,train,1,0,0,0,0,0,0,0
35_020044.wav,train,0,0,0,0,0,0,0,0
35_020118.wav,train,0,0,0,0,0,0,1,0
35_020137.wav,train,0,0,0,0,0,0,1,0
35_020313.wav,train,1,0,0,0,0,0,0,0
35_020338.wav,train,0,0,0,0,0,0,1,0
35_020341.wav,train,0,0,0,0,0,0,0,0
35_020343.wav,train,0,0,0,0,0,0,0,0
35_020369.wav,train,0,0,0,0,0,0,0,0
35_020446.wav,train,0,0,0,0,1,0,0,0
35_020496.wav,train,1,0,0,0,0,0,0,0
35_020508.wav,train,0,0,0,0,0,0,0,0
35_020574.wav,train,0,0,0,0,0,0,1,0
35_020588.wav,train,0,0,0,0,0,0,0,0
35_020651.wav,train,0,0,0,0,0,0,0,0
35_020652.wav,train,0,0,0,0,0,0,0,0
35_020739.wav,train,0,0,0,0,0,0,0,0
35_020741.wav,train,0,0,0,0,0,0,1,0
35_020779.wav,train,0,0,0,0,0,0,0,0
35_020829.wav,train,0,0,0,0,0,1,0,0
35_020876.wav,train,0,0,0,0,0,0,1,0
35_026894.wav,test,0,0,1,0,0,0,0,0
35_027114.wav,test,0,0,1,0,0,0,1,0
35_027199.wav,test,0,0,0,0,0,0,1,0
35_027384.wav,test,0,0,0,0,1,0,0,0
35_027409.wav,test,1,0,1,0,0,0,0,0
35_027463.wav,test,0,0,1,0,0,0,1,0
35_027521.wav,test,1,0,0,0,0,0,1,0
35_027594.wav,test,0,0,0,0,0,0,0,0
35_027692.wav,test,1,0,0,0,0,0,0,0
35_027738.wav,test,0,0,1,0,0,0,1,0
36_000226.wav,train,0,0,0,0,0,0,1,0
36_000280.wav,train,0,0,0,0,0,0,1,0
36_000301.wav,train,0,0,0,0,0,0,0,0
36_000434.wav,train,0,0,0,0,0,0,1,0
36_000453.wav,train,0,0,0,0,0,0,1,0
36_000622.wav,train,0,0,0,0,0,0,0,0
36_000669.wav,train,0,1,0,0,0,0,0,0
36_000809.wav,train,0,0,0,0,1,0,1,0
36_000936.wav,train,0,0,0,0,0,0,1,0
36_001234.wav,train,1,0,0,0,0,0,1,0
36_001265.wav,train,0,0,0,0,0,0,1,0
36_001698.wav,train,0,0,0,0,0,0,0,0
36_001754.wav,train,0,0,0,0,0,0,1,0
36_001822.wav,train,0,0,0,0,0,0,0,0
36_001934.wav,train,1,0,0,0,0,0,1,0
36_001939.wav,train,0,0,0,0,0,0,0,0
36_002089.wav,train,0,0,0,0,0,0,1,0
36_002338.wav,train,0,0,0,0,0,0,1,0
36_002358.wav,train,0,0,0,0,0,0,1,0
36_002388.wav,train,1,0,0,0,0,0,0,0
36_002661.wav,train,0,0,0,0,0,0,1,0
36_002828.wav,train,0,0,0,0,1,0,0,0
36_002846.wav,train,0,0,0,0,0,0,0,0
36_002942.wav,train,0,0,0,0,0,0,0,0
36_002958.wav,train,0,0,0,0,0,0,1,0
36_003065.wav,train,0,0,0,1,0,0,0,0
36_003272.wav,train,0,0,0,0,0,0,1,0
36_003313.wav,train,0,0,0,0,0,0,0,0
36_003359.wav,train,1,0,0,0,0,0,0,0
36_003504.wav,train,1,0,0,0,1,0,1,0
36_003552.wav,train,0,0,0,0,0,0,0,0
36_003579.wav,train,0,0,0,0,1,0,0,0
36_003596.wav,train,0,0,0,0,0,0,1,0
36_003721.wav,train,0,0,0,0,0,0,1,0
36_003732.wav,train,0,0,0,0,0,0,1,0
36_003783.wav,train,0,0,1,0,0,0,0,0
36_003969.wav,train,0,0,0,0,0,0,1,0
36_004097.wav,train,0,0,0,0,0,0,0,0
36_004143.wav,train,0,0,0,0,0,0,0,0
36_004623.wav,train,0,0,0,0,0,0,0,0
36_004894.wav,train,0,0,0,0,0,0,0,0
36_004920.wav,train,0,0,0,0,0,0,1,0
36_004977.wav,train,0,0,0,0,0,1,0,0
36_004996.wav,train,1,0,0,0,0,0,0,0
36_005179.wav,train,1,0,0,0,0,0,0,0
36_005221.wav,train,0,0,0,0,0,0,1,0
36_005232.wav,train,1,0,0,0,0,0,0,0
36_005273.wav,train,0,0,0,0,0,0,1,0
36_005276.wav,train,0,0,0,0,0,0,1,0
36_005282.wav,train,0,0,0,0,0,0,1,0
36_005550.wav,train,0,0,0,0,0,0,1,0
36_005607.wav,train,1,0,0,0,0,0,1,0
36_005612.wav,train,0,0,0,0,0,0,0,0
36_005647.wav,train,0,0,0,0,0,0,0,0
36_005717.wav,train,0,0,0,0,1,0,0,0
36_005885.wav,train,0,0,0,0,0,0,1,0
36_005957.wav,train,0,0,0,0,0,0,0,0
36_005981.wav,train,0,0,0,0,0,0,1,0
36_006074.wav,train,0,0,0,0,0,0,0,0
36_006096.wav,train,1,0,0,0,0,0,0,0
36_006306.wav,train,0,0,0,0,0,0,0,0
36_006331.wav,train,0,0,0,0,1,0,1,0
36_006466.wav,train,0,0,0,0,0,0,1,0
36_006604.wav,train,0,0,0,0,0,0,0,0
36_006660.wav,train,0,0,0,0,0,0,1,0
36_006689.wav,train,0,0,0,0,0,0,1,0
36_006740.wav,train,0,0,0,0,0,0,0,0
36_007128.wav,train,0,0,0,0,0,0,1,0
36_007371.wav,train,0,0,0,0,0,0,1,0
36_007418.wav,train,0,0,0,0,1,0,1,0
36_007437.wav,train,0,0,0,0,0,0,0,0
36_007448.wav,train,0,0,0,0,0,0,0,0
36_007499.wav,train,0,0,0,0,0,0,1,0
36_007550.wav,train,0,0,0,0,0,0,1,0
36_007628.wav,train,0,0,0,0,1,0,0,0
36_007667.wav,train,0,0,0,0,0,0,1,0
36_007928.wav,train,1,0,0,0,0,0,0,0
36_008073.wav,train,0,0,0,0,0,0,1,0
36_008116.wav,train,0,0,0,0,0,0,0,0
36_008152.wav,train,0,0,0,0,1,0,1,0
36_008180.wav,train,0,0,0,0,0,0,1,0
36_008192.wav,train,0,0,0,0,0,0,1,0
36_008452.wav,train,0,0,0,0,1,0,0,0
36_008673.wav,train,0,0,0,0,0,0,1,0
36_008807.wav,train,1,0,0,0,0,0,1,0
36_008855.wav,train,0,0,0,0,0,0,0,0
36_008929.wav,train,0,0,0,0,0,0,1,0
36_008995.wav,train,0,0,0,0,1,0,0,0
36_009087.wav,train,0,0,0,0,0,0,0,0
36_011151.wav,train,0,0,1,0,0,0,0,0
36_011492.wav,train,0,0,0,0,1,0,0,0
36_012003.wav,train,0,0,0,0,0,0,0,0
36_012446.wav,train,0,0,0,0,0,0,0,0
36_012932.wav,train,0,0,0,0,0,0,0,0
36_016305.wav,train,1,0,0,0,0,0,0,0
36_016352.wav,train,0,0,0,0,0,0,1,0
36_016393.wav,train,0,0,0,0,0,0,0,0
36_016405.wav,train,0,0,0,0,0,0,1,0
36_016452.wav,train,0,0,0,1,0,0,0,0
36_016692.wav,train,0,0,0,0,0,0,0,0
36_016725.wav,train,0,0,0,0,0,0,1,0
36_016869.wav,train,0,0,0,0,0,1,0,0
36_016921.wav,train,0,0,0,0,0,0,1,0
36_017095.wav,train,0,0,0,0,1,0,0,0
36_017100.wav,train,0,0,0,0,0,0,1,0
36_017112.wav,train,0,0,0,0,0,0,0,0
36_017118.wav,train,0,0,0,0,0,0,1,0
36_017144.wav,train,0,0,0,0,0,0,0,0
36_017166.wav,train,0,0,0,0,0,0,0,0
36_017169.wav,train,0,0,0,0,0,0,0,0
36_017393.wav,train,0,0,0,0,0,0,1,0
36_017470.wav,train,0,0,0,0,0,0,1,0
36_017501.wav,train,0,0,0,0,0,0,1,0
36_017569.wav,train,0,0,0,0,0,0,1,0
36_017574.wav,train,0,0,0,0,0,0,0,0
36_017612.wav,train,0,0,0,0,0,1,1,0
36_017721.wav,train,0,0,0,0,0,0,1,0
36_017829.wav,train,0,0,0,0,0,0,0,0
36_017841.wav,train,1,0,0,0,0,0,0,0
36_017965.wav,train,0,0,0,0,0,0,1,0
36_017970.wav,train,0,0,0,0,0,0,0,0
36_018033.wav,train,0,0,0,0,0,0,0,0
36_018106.wav,train,0,0,0,0,0,0,1,0
36_018197.wav,train,0,0,0,0,0,0,1,0
36_018348.wav,train,1,0,0,0,0,0,0,0
36_018386.wav,train,0,0,0,0,0,0,0,0
36_018429.wav,train,0,0,0,0,1,0,1,0
36_018777.wav,train,0,1,0,0,0,0,0,0
36_018854.wav,train,0,0,0,0,1,0,1,0
36_018869.wav,train,0,0,0,0,0,0,1,0
36_018887.wav,train,0,0,0,0,0,0,1,0
36_018910.wav,train,0,1,0,0,0,0,1,0
36_018940.wav,train,0,0,0,0,0,0,0,0
36_019021.wav,train,0,0,0,0,0,1,1,0
36_019022.wav,train,0,0,0,0,0,0,0,0
36_019032.wav,train,0,0,0,0,0,0,1,0
36_019146.wav,train,0,0,0,0,0,0,0,0
36_019242.wav,train,0,0,0,0,0,0,1,0
36_019289.wav,train,0,0,0,0,1,0,0,0
36_019519.wav,train,0,0,0,0,0,0,0,0
36_019812.wav,train,0,0,0,0,0,0,1,0
36_019858.wav,train,0,0,0,0,0,1,1,0
36_019862.wav,train,0,0,0,0,0,0,1,0
36_019908.wav,train,1,0,0,0,0,0,0,0
36_019939.wav,train,0,0,0,0,0,0,0,0
36_019947.wav,train,0,0,0,0,0,0,1,0
36_019978.wav,train,0,0,0,0,0,0,1,0
36_020051.wav,train,0,0,0,0,0,0,1,0
36_020080.wav,train,1,0,0,0,0,0,1,0
36_020208.wav,train,0,0,0,0,0,0,1,0
36_020217.wav,train,0,0,0,0,0,1,0,0
36_020629.wav,train,0,0,0,0,1,0,1,0
36_020716.wav,train,0,0,0,0,0,1,1,0
36_020815.wav,train,0,0,0,0,0,0,1,0
36_020817.wav,train,0,0,0,0,0,0,1,0
36_020832.wav,train,0,0,0,0,0,0,1,0
37_000129.wav,train,0,0,0,0,0,0,0,0
37_000147.wav,train,0,0,0,0,0,0,0,0
37_000178.wav,train,0,0,0,0,0,0,0,0
37_000189.wav,train,0,0,0,0,0,0,0,0
37_000250.wav,train,0,0,0,0,0,0,1,0
37_000271.wav,train,0,0,0,0,1,0,0,0
37_000286.wav,train,0,0,0,0,0,1,0,0
37_000310.wav,train,0,0,0,1,0,0,0,0
37_000327.wav,train,0,0,0,1,0,0,0,0
37_000331.wav,train,1,0,0,0,0,0,0,0
37_000342.wav,train,0,0,0,1,0,0,0,0
37_000352.wav,train,0,0,0,0,0,0,1,0
37_000403.wav,train,1,0,0,0,0,0,1,0
37_000409.wav,train,0,0,0,0,0,0,0,0
37_000449.wav,train,0,0,0,0,0,0,1,0
37_000456.wav,train,0,0,0,1,0,0,0,0
37_000464.wav,train,0,0,0,0,0,0,1,0
37_000479.wav,train,1,0,0,0,0,0,0,0
37_000491.wav,train,1,0,0,0,0,0,0,0
37_000506.wav,train,0,0,0,0,0,0,0,0
37_000577.wav,train,1,0,0,0,0,0,0,0
37_000602.wav,train,0,0,0,0,0,0,1,0
37_000604.wav,train,1,0,0,0,1,0,0,0
37_000633.wav,train,0,0,0,0,0,0,0,0
37_000639.wav,train,1,0,0,0,0,0,1,0
37_000656.wav,train,0,0,0,1,0,0,0,0
37_000660.wav,train,0,0,0,0,1,0,0,0
37_000706.wav,train,0,0,0,0,1,0,0,0
37_000707.wav,train,0,0,0,0,0,0,0,0
37_000711.wav,train,1,0,0,0,0,0,0,0
37_000712.wav,train,1,0,0,0,0,0,0,0
37_000717.wav,train,0,0,0,0,0,0,0,0
37_000721.wav,train,0,0,0,1,0,0,0,0
37_000764.wav,train,0,1,0,0,0,0,0,0
37_000830.wav,train,0,0,0,0,0,0,0,0
37_000874.wav,train,1,0,0,0,0,0,0,0
37_000921.wav,train,1,0,0,0,0,0,0,0
37_000932.wav,train,0,1,0,0,0,0,0,0
37_001020.wav,train,0,0,0,0,1,0,0,0
37_001026.wav,train,0,0,0,1,0,0,0,0
37_001049.wav,train,0,0,0,0,0,0,0,0
37_001052.wav,train,1,0,0,0,0,0,0,0
37_001101.wav,train,1,0,0,0,0,0,0,0
37_001144.wav,train,0,0,1,0,0,0,0,0
37_001165.wav,train,0,0,0,0,0,0,0,0
37_001173.wav,train,0,0,0,1,0,0,0,0
37_001180.wav,train,0,0,0,0,1,0,0,0
37_001194.wav,train,0,0,0,0,0,0,0,0
37_001199.wav,train,1,0,0,0,0,0,0,0
37_001210.wav,train,0,0,0,0,0,0,0,0
37_001220.wav,train,0,1,0,0,0,0,0,0
37_001279.wav,train,0,0,0,0,0,0,1,0
37_001320.wav,train,0,0,0,0,0,0,1,0
37_001329.wav,train,1,0,0,0,0,0,1,0
37_001331.wav,train,0,0,0,0,0,0,0,0
37_001335.wav,train,0,0,0,1,0,0,0,0
37_001343.wav,train,0,0,0,0,1,0,0,0
37_001375.wav,train,1,0,0,0,1,0,1,0
37_001378.wav,train,0,0,0,0,0,0,0,0
37_001387.wav,train,0,0,0,0,0,0,1,0
37_001434.wav,train,0,0,0,0,0,0,0,0
37_001454.wav,train,0,0,0,0,0,0,0,0
37_001455.wav,train,0,0,0,0,0,0,0,0
37_001471.wav,train,0,0,1,0,0,0,0,0
37_001488.wav,train,0,0,0,1,1,0,0,0
37_001552.wav,train,0,0,0,1,0,0,0,0
37_001639.wav,train,1,0,0,0,0,0,0,0
37_001644.wav,train,0,0,0,0,0,0,1,0
37_001654.wav,train,0,0,0,0,0,0,1,0
37_001671.wav,train,0,1,0,0,0,0,0,0
37_001673.wav,train,0,0,0,0,0,0,0,0
37_001682.wav,train,0,0,0,0,1,0,0,0
37_001694.wav,train,0,0,0,1,0,0,0,0
37_001719.wav,train,0,0,0,1,0,0,0,0
37_001787.wav,train,0,0,0,0,0,0,1,0
37_001797.wav,train,0,0,0,0,1,0,0,0
37_001800.wav,train,0,0,0,0,0,0,0,0
37_001821.wav,train,1,0,0,0,1,0,0,0
37_001827.wav,train,0,0,0,0,0,0,1,0
37_001834.wav,train,0,0,0,0,0,0,0,0
37_001846.wav,train,0,0,0,0,0,0,0,0
37_001850.wav,train,1,0,0,0,0,0,0,0
37_001874.wav,train,0,0,0,0,0,0,0,0
37_001882.wav,train,1,0,0,0,0,0,0,0
37_001883.wav,train,0,0,0,0,1,0,1,0
37_001903.wav,train,0,0,0,0,0,0,0,0
37_001909.wav,train,0,0,0,0,0,0,0,0
37_001915.wav,train,1,0,0,0,0,0,0,0
37_001919.wav,train,1,0,0,0,0,0,0,0
37_001959.wav,train,0,0,0,0,1,0,0,0
37_001978.wav,train,0,0,0,0,0,0,0,0
37_001984.wav,train,0,0,0,0,1,0,0,0
37_001986.wav,train,0,0,0,0,0,0,0,0
37_002015.wav,train,0,0,0,0,0,0,0,0
37_002016.wav,train,0,0,0,0,0,0,0,0
37_002034.wav,train,0,1,0,0,0,0,0,0
37_002037.wav,train,0,1,0,0,0,0,0,0
37_002061.wav,train,0,1,0,0,0,0,0,0
37_002073.wav,train,0,0,0,0,1,0,0,0
37_002101.wav,train,0,0,0,0,0,0,1,0
37_002119.wav,train,0,0,0,0,0,0,0,0
37_002121.wav,train,0,0,0,0,0,0,0,0
37_002137.wav,train,0,0,0,0,0,0,0,0
37_002173.wav,train,1,0,0,0,0,0,0,0
37_002188.wav,train,0,0,0,0,0,0,0,0
37_002213.wav,train,0,0,0,1,0,0,0,0
37_002222.wav,train,0,0,1,0,0,0,0,0
37_002280.wav,train,0,0,0,0,0,0,0,0
37_002319.wav,train,0,0,0,0,0,0,0,0
37_002329.wav,train,0,0,0,0,0,0,1,0
37_002365.wav,train,0,0,0,0,0,0,1,0
37_002377.wav,train,0,0,0,0,0,0,0,0
37_002387.wav,train,0,0,0,0,0,0,0,0
37_002424.wav,train,0,0,0,0,0,0,0,0
37_002441.wav,train,0,0,0,0,1,0,1,0
37_002467.wav,train,0,1,0,0,0,0,0,0
37_002469.wav,train,0,0,0,0,0,0,0,0
37_002490.wav,train,0,0,0,0,0,0,0,0
37_002497.wav,train,0,0,0,0,0,0,0,0
37_002527.wav,train,0,0,0,0,0,0,1,0
37_002574.wav,train,0,0,0,1,0,0,0,0
37_002611.wav,train,1,0,0,0,1,0,0,0
37_002614.wav,train,0,0,0,0,0,0,0,0
37_002620.wav,train,0,0,0,0,1,0,1,0
37_002634.wav,train,1,0,0,0,1,0,0,0
37_002647.wav,train,0,0,0,0,0,0,0,0
37_002656.wav,train,0,0,0,0,0,0,0,0
37_002680.wav,train,0,0,0,0,0,0,0,0
37_002681.wav,train,0,0,0,0,0,0,0,0
37_002685.wav,train,1,0,0,0,0,0,0,0
37_002696.wav,train,0,0,0,0,0,1,0,0
37_002705.wav,train,0,0,0,0,0,0,0,0
37_002707.wav,train,0,0,0,0,0,0,0,0
37_002709.wav,train,0,0,0,0,0,0,0,0
37_002712.wav,train,0,0,0,0,0,0,0,0
37_002743.wav,train,0,1,0,0,0,0,0,0
37_002766.wav,train,0,0,0,0,0,0,0,0
37_002773.wav,train,0,0,0,0,1,0,0,0
37_002778.wav,train,0,0,0,0,0,0,0,0
37_002830.wav,train,0,0,0,0,0,0,0,0
37_002834.wav,train,0,0,0,0,0,0,0,0
37_002870.wav,train,0,1,0,0,0,0,0,0
37_002873.wav,train,0,0,0,0,0,0,0,0
37_002909.wav,train,0,0,0,0,1,0,0,0
37_002910.wav,train,1,0,0,0,0,0,0,0
37_002926.wav,train,0,0,0,0,0,0,0,0
37_002935.wav,train,0,0,0,0,1,0,0,0
37_002965.wav,train,0,0,0,0,0,0,0,0
37_002984.wav,train,0,0,0,0,0,0,0,0
37_003025.wav,train,0,0,0,0,0,0,0,0
37_003059.wav,train,0,0,0,1,0,0,0,0
37_003076.wav,train,0,1,0,1,0,0,0,0
37_003083.wav,train,0,0,0,0,0,0,1,0
37_003089.wav,train,0,0,0,0,0,0,0,0
37_003092.wav,train,0,0,0,0,0,0,0,0
37_003099.wav,train,0,0,0,0,0,0,1,0
37_003128.wav,train,0,0,0,0,0,0,0,0
37_003143.wav,train,1,0,0,0,0,0,0,0
37_003190.wav,train,0,0,0,0,0,0,0,0
37_003200.wav,train,0,0,0,0,0,0,0,0
37_003218.wav,train,0,0,0,0,1,0,0,0
37_003227.wav,train,0,0,0,0,0,0,1,0
37_003247.wav,train,1,0,0,0,0,0,0,0
37_003293.wav,train,0,1,0,0,0,0,0,0
37_003320.wav,train,0,0,0,0,1,0,0,0
37_003334.wav,train,0,0,0,0,1,0,0,0
37_003340.wav,train,1,0,0,0,0,0,1,0
37_003351.wav,train,0,0,0,0,0,0,0,0
37_003389.wav,train,0,1,0,0,0,0,0,0
37_003413.wav,train,0,1,0,0,0,0,1,0
37_003415.wav,train,0,0,0,0,0,0,1,0
37_003439.wav,train,0,0,0,0,1,0,0,0
37_003441.wav,train,0,0,0,0,0,0,0,0
37_003457.wav,train,1,0,0,0,1,0,0,0
37_003475.wav,train,0,0,1,0,0,0,0,0
37_003479.wav,train,0,0,0,0,1,0,0,0
37_003485.wav,train,0,0,0,0,0,0,0,0
37_003505.wav,train,1,0,0,0,0,0,0,0
37_003509.wav,train,1,0,0,0,0,0,0,0
37_003519.wav,train,0,0,0,0,0,1,0,0
37_003525.wav,train,0,0,0,1,0,0,0,0
37_003528.wav,train,0,0,0,0,0,0,0,0
37_003532.wav,train,0,0,0,0,0,0,0,0
37_003535.wav,train,0,0,0,1,0,0,0,0
37_003553.wav,train,0,1,0,0,0,0,0,0
37_003572.wav,train,0,1,0,0,0,0,0,0
37_003591.wav,train,0,0,0,0,0,0,1,0
37_003598.wav,train,0,0,0,0,0,0,0,0
37_003603.wav,train,0,0,0,0,1,0,0,0
37_003610.wav,train,0,0,0,0,0,0,0,0
37_003656.wav,train,0,0,0,0,1,0,1,0
37_003666.wav,train,0,1,0,0,0,0,0,0
37_003669.wav,train,0,0,0,0,0,0,0,0
37_003697.wav,train,0,0,0,0,1,0,0,0
37_003704.wav,train,0,0,0,1,0,0,0,0
37_003712.wav,train,0,0,0,0,0,0,1,0
37_003724.wav,train,1,0,0,0,1,0,0,0
37_003727.wav,train,1,0,0,0,0,0,0,0
37_003746.wav,train,0,0,0,0,0,0,0,0
37_003779.wav,train,1,0,0,0,0,0,0,0
37_003811.wav,train,0,0,0,0,0,0,0,0
37_003917.wav,train,0,0,0,0,0,0,0,0
37_003939.wav,train,0,0,0,0,0,0,0,0
37_004009.wav,train,0,0,0,0,0,0,0,0
37_004022.wav,train,0,0,0,0,0,0,0,0
37_004081.wav,train,0,0,0,0,0,0,0,0
37_004115.wav,train,0,1,0,0,0,0,0,0
37_004116.wav,train,0,0,0,0,0,0,0,0
37_004147.wav,train,0,0,0,0,0,0,0,0
37_004154.wav,train,1,0,0,0,0,0,0,0
37_004267.wav,train,0,0,0,0,1,0,0,0
37_004269.wav,train,0,0,0,0,0,0,0,0
37_004290.wav,train,0,0,0,0,1,0,0,0
37_004306.wav,train,0,0,0,0,0,0,1,0
37_004311.wav,train,0,0,0,0,0,0,1,0
37_004313.wav,train,0,0,0,0,0,0,0,0
37_004333.wav,train,0,0,0,0,0,0,1,0
37_004344.wav,train,0,0,0,0,0,0,0,0
37_004350.wav,train,1,0,0,0,0,0,0,0
37_004370.wav,train,0,0,0,1,0,0,0,0
37_004372.wav,train,0,0,0,0,0,0,0,0
37_004376.wav,train,0,0,0,0,1,0,0,0
37_004381.wav,train,1,0,0,0,0,0,0,0
37_004386.wav,train,0,0,0,0,0,0,0,0
37_004429.wav,train,1,0,0,0,0,0,0,0
37_004440.wav,train,0,0,0,0,0,0,0,0
37_004449.wav,train,0,0,0,0,1,0,0,0
37_004452.wav,train,0,0,0,0,0,0,0,0
37_004499.wav,train,0,0,0,0,0,0,0,0
37_004502.wav,train,0,1,0,0,0,0,0,0
37_004531.wav,train,0,0,0,0,1,0,0,0
37_004566.wav,train,0,0,0,0,0,0,1,0
37_004568.wav,train,0,0,0,0,1,0,0,0
37_004571.wav,train,0,0,0,0,0,0,0,0
37_004587.wav,train,0,0,0,0,0,0,0,0
37_004612.wav,train,0,0,0,0,0,1,0,0
37_004639.wav,train,1,0,0,0,0,0,0,0
37_004661.wav,train,0,0,0,0,0,0,0,0
37_004677.wav,train,0,0,0,0,0,0,1,0
37_004698.wav,train,0,0,0,0,0,0,0,0
37_004760.wav,train,0,0,0,0,0,0,0,0
37_004774.wav,train,0,0,0,0,0,0,0,0
37_004789.wav,train,0,0,0,0,0,0,0,0
37_004800.wav,train,1,0,0,0,0,0,0,0
37_004854.wav,train,0,0,0,0,0,0,0,0
37_004860.wav,train,0,0,0,0,0,0,0,0
37_004863.wav,train,0,0,0,0,0,0,1,0
37_004872.wav,train,0,0,0,0,0,0,0,0
37_004914.wav,train,0,0,0,0,0,0,0,0
37_004945.wav,train,0,0,0,0,0,0,1,0
37_004978.wav,train,0,1,0,0,0,0,0,0
37_005035.wav,train,0,0,0,1,0,0,0,0
37_005055.wav,train,0,0,0,0,0,0,1,0
37_005139.wav,train,0,0,0,0,0,0,0,0
37_005153.wav,train,0,0,0,0,0,0,0,0
37_005185.wav,train,0,0,0,0,0,0,0,0
37_005187.wav,train,0,0,0,0,0,0,1,0
37_005189.wav,train,0,0,0,0,0,0,0,0
37_005212.wav,train,0,0,0,0,0,0,0,0
37_005220.wav,train,0,1,0,0,0,0,0,0
37_005267.wav,train,0,0,0,0,0,0,0,0
37_005283.wav,train,0,0,0,0,0,0,0,0
37_005308.wav,train,1,0,0,0,0,0,0,0
37_005310.wav,train,0,0,0,0,0,0,1,0
37_005348.wav,train,0,1,0,0,0,0,0,0
37_005425.wav,train,0,0,0,1,0,0,0,0
37_005602.wav,train,0,0,0,0,0,0,0,0
37_005698.wav,train,0,0,0,0,0,0,1,0
37_005835.wav,train,0,0,0,0,0,0,0,0
37_005845.wav,train,0,0,0,0,0,0,1,0
37_006032.wav,train,1,0,0,0,0,0,0,0
37_006041.wav,train,0,0,0,0,0,0,0,0
37_006072.wav,train,0,0,0,0,0,0,1,0
37_006078.wav,train,0,0,0,0,0,0,1,0
37_006110.wav,train,0,0,0,0,0,0,1,0
37_006167.wav,train,0,0,0,1,0,0,0,0
37_006202.wav,train,1,0,0,0,0,0,0,0
37_006245.wav,train,0,0,0,0,0,0,0,0
37_006269.wav,train,0,0,0,1,0,0,0,0
37_006330.wav,train,0,0,0,0,0,0,1,0
37_006400.wav,train,0,0,0,0,0,0,1,0
37_006411.wav,train,0,0,0,0,1,0,0,0
37_006419.wav,train,0,0,0,1,0,0,0,0
37_006448.wav,train,0,0,0,0,0,0,0,0
37_006468.wav,train,1,0,0,0,0,0,0,0
37_006478.wav,train,0,0,0,0,0,0,0,0
37_006520.wav,train,0,0,0,1,0,0,0,0
37_006585.wav,train,0,0,0,1,0,0,0,0
37_006599.wav,train,0,0,0,0,0,0,1,0
37_006624.wav,train,0,0,0,0,1,0,0,0
37_006759.wav,train,0,0,0,0,1,0,0,0
37_006782.wav,train,0,0,0,0,1,0,0,0
37_006826.wav,train,0,0,0,0,0,0,1,0
37_006834.wav,train,0,0,0,1,0,0,0,0
37_006838.wav,train,0,1,0,0,0,0,0,0
37_006861.wav,train,0,0,0,0,0,0,1,0
37_006898.wav,train,0,0,0,0,1,0,1,0
37_006988.wav,train,0,0,0,0,0,0,1,0
37_007012.wav,train,1,0,0,0,0,0,0,0
37_007048.wav,train,0,0,0,0,1,0,0,0
37_007088.wav,train,0,0,0,0,0,0,0,0
37_007124.wav,train,0,1,0,0,0,0,0,0
37_007199.wav,train,0,1,0,0,0,0,0,0
37_007244.wav,train,0,0,0,0,1,0,1,0
37_007246.wav,train,0,0,0,0,0,0,1,0
37_007304.wav,train,0,0,0,0,1,0,0,0
37_007329.wav,train,0,0,0,0,0,0,0,0
37_007378.wav,train,0,0,0,0,0,0,1,0
37_007404.wav,train,0,0,1,0,0,0,0,0
37_007480.wav,train,0,0,0,1,0,0,0,0
37_007518.wav,train,0,0,0,0,1,0,0,0
37_007663.wav,train,0,0,0,1,0,0,0,0
37_007708.wav,train,0,1,0,0,1,0,0,0
37_007764.wav,train,0,0,0,0,0,0,0,0
37_007876.wav,train,0,0,0,0,0,0,0,0
37_007937.wav,train,0,1,0,0,0,0,0,0
37_007938.wav,train,0,0,0,0,1,0,0,0
37_007950.wav,train,1,0,0,0,0,0,1,0
37_007954.wav,train,0,0,0,1,0,0,0,0
37_007963.wav,train,0,0,0,0,0,0,0,0
37_007979.wav,train,0,1,0,0,0,0,0,0
37_008062.wav,train,0,1,0,0,0,0,0,0
37_008075.wav,train,0,0,0,0,0,0,0,0
37_008158.wav,train,1,0,0,0,0,0,1,0
37_008251.wav,train,0,0,0,0,0,0,0,1
37_008256.wav,train,0,1,0,0,0,0,0,0
37_008270.wav,train,1,0,0,0,0,0,0,0
37_008292.wav,train,0,0,0,1,0,0,0,0
37_008317.wav,train,0,0,0,0,0,0,0,0
37_008340.wav,train,0,0,0,0,0,0,0,0
37_008342.wav,train,0,0,0,1,0,0,0,0
37_008550.wav,train,0,0,0,1,0,0,0,0
37_008594.wav,train,0,0,0,0,1,0,0,0
37_008941.wav,train,0,1,0,0,0,0,0,0
37_008946.wav,train,1,0,0,0,0,0,0,0
37_008994.wav,train,0,0,0,0,0,0,0,0
37_009021.wav,train,0,0,0,0,0,0,1,0
37_009036.wav,train,0,0,0,0,1,0,0,0
37_009061.wav,train,0,0,0,0,0,0,1,0
37_009112.wav,train,0,0,0,1,0,0,0,0
37_009132.wav,train,1,0,0,0,0,0,0,0
37_009150.wav,train,0,0,0,1,0,0,0,0
37_009152.wav,train,0,0,0,0,1,0,0,0
37_009154.wav,train,0,0,0,0,0,0,1,0
37_009184.wav,train,0,0,0,0,0,0,1,0
37_009210.wav,train,0,0,0,0,0,0,0,0
37_009261.wav,train,0,0,0,0,0,0,1,0
37_009265.wav,train,1,0,0,0,0,0,1,0
37_009296.wav,train,1,0,0,0,1,0,0,0
37_009367.wav,train,0,0,0,0,0,0,1,0
37_009368.wav,train,1,0,0,0,0,0,0,0
37_009375.wav,train,0,0,0,1,0,0,0,0
37_009440.wav,train,0,0,0,1,0,0,0,0
37_009512.wav,train,0,0,0,0,1,0,0,0
37_009542.wav,train,0,0,0,0,1,0,0,0
37_009587.wav,train,0,0,0,0,0,0,1,0
37_009644.wav,train,1,0,0,0,0,0,0,0
37_009699.wav,train,1,0,0,0,1,0,0,0
37_009747.wav,train,1,0,0,0,0,0,1,0
37_009771.wav,train,0,0,0,0,0,0,0,0
37_009787.wav,train,0,0,0,0,0,0,1,0
37_009805.wav,train,0,0,0,0,0,0,0,0
37_009825.wav,train,0,0,0,0,0,0,0,0
37_009876.wav,train,0,0,0,1,0,0,0,0
37_009945.wav,train,0,0,0,0,0,0,1,0
37_009994.wav,train,0,0,0,1,0,0,0,0
37_010045.wav,train,0,0,0,0,0,0,1,0
37_010079.wav,train,0,0,0,1,0,0,0,0
37_010090.wav,train,1,0,0,0,0,0,0,0
37_010122.wav,train,0,0,0,0,0,0,0,0
37_010148.wav,train,0,0,0,0,0,0,0,0
37_010188.wav,train,0,0,0,0,0,0,0,0
37_010230.wav,train,0,0,0,1,0,0,0,0
37_010484.wav,train,0,0,1,1,0,0,0,0
37_010518.wav,train,0,0,0,0,1,0,1,0
37_010628.wav,train,0,1,0,0,0,0,0,0
37_010631.wav,train,0,0,0,0,0,0,1,0
37_010751.wav,train,0,0,0,0,1,0,0,0
37_010790.wav,train,1,0,0,0,0,0,1,0
37_010808.wav,train,0,0,0,1,0,0,0,0
37_010820.wav,train,0,0,0,0,0,0,1,0
37_010879.wav,train,0,0,0,0,0,0,0,0
37_010945.wav,train,0,0,0,0,0,0,0,0
37_010982.wav,train,0,0,0,0,0,0,0,0
37_011024.wav,train,0,1,0,0,0,0,0,0
37_011035.wav,train,1,0,0,0,0,0,0,0
37_011138.wav,train,0,0,0,0,0,0,1,0
37_011280.wav,train,0,1,0,0,0,0,0,0
37_011285.wav,train,0,0,0,0,0,0,0,0
37_011333.wav,train,0,0,0,0,0,0,1,0
37_011438.wav,train,0,0,0,0,0,0,1,0
37_011678.wav,train,0,0,0,0,0,0,0,0
37_011692.wav,train,0,0,0,0,0,0,0,0
37_011818.wav,train,0,0,0,0,0,0,1,0
37_011839.wav,train,0,0,0,0,1,0,0,0
37_011843.wav,train,0,0,0,0,0,0,0,0
37_011949.wav,train,0,0,0,0,0,0,1,0
37_012011.wav,train,0,0,0,0,0,0,0,0
37_012248.wav,train,0,0,0,0,0,0,0,0
37_012283.wav,train,0,0,0,1,0,0,0,0
37_012294.wav,train,0,0,0,0,0,0,1,0
37_012318.wav,train,0,0,0,0,0,0,1,0
37_012447.wav,train,0,1,0,0,0,0,0,0
37_012535.wav,train,0,0,0,0,0,0,0,0
37_012566.wav,train,0,0,0,0,0,0,0,0
37_012692.wav,train,0,1,0,0,0,0,0,0
37_012888.wav,train,0,0,0,0,0,0,0,0
37_012945.wav,train,0,0,0,0,1,0,0,0
37_012953.wav,train,1,1,0,0,0,0,0,0
37_013167.wav,train,0,0,0,0,0,0,0,0
37_013190.wav,train,0,0,0,0,1,0,0,0
37_013394.wav,train,0,0,0,0,0,0,0,0
37_013515.wav,train,0,0,0,0,1,0,0,0
37_013521.wav,train,1,1,0,0,0,0,0,0
37_013528.wav,train,0,0,0,0,0,0,1,0
37_013533.wav,train,0,0,0,0,1,0,0,0
37_016340.wav,train,0,0,0,0,0,0,0,0
37_016418.wav,train,0,0,0,0,0,0,0,0
37_016422.wav,train,0,0,0,0,0,0,0,0
37_016482.wav,train,0,0,0,0,0,0,0,0
37_016510.wav,train,1,0,0,0,0,0,0,0
37_016526.wav,train,1,0,0,0,0,0,1,0
37_016561.wav,train,0,0,0,1,0,0,0,0
37_016637.wav,train,0,0,0,1,0,0,0,0
37_016640.wav,train,1,0,0,0,0,0,0,0
37_016642.wav,train,0,1,0,0,0,0,0,0
37_016668.wav,train,0,0,0,0,0,0,1,0
37_016683.wav,train,0,0,0,1,0,0,0,0
37_016731.wav,train,0,1,0,1,0,0,0,0
37_016748.wav,train,0,0,0,0,0,0,0,0
37_016820.wav,train,0,0,0,1,0,0,0,0
37_016853.wav,train,0,0,0,0,0,0,0,0
37_016871.wav,train,0,0,0,0,1,0,0,0
37_016876.wav,train,0,0,0,0,1,0,0,0
37_017080.wav,train,0,0,0,0,0,0,1,0
37_017081.wav,train,0,0,0,0,1,0,0,0
37_017119.wav,train,0,0,0,0,1,0,0,0
37_017136.wav,train,0,0,0,1,1,0,0,0
37_017170.wav,train,0,0,0,0,0,0,0,0
37_017185.wav,train,1,0,0,0,0,1,0,0
37_017268.wav,train,1,0,0,0,0,0,0,0
37_017319.wav,train,1,0,0,0,1,0,0,0
37_017345.wav,train,1,0,0,0,0,0,0,0
37_017368.wav,train,0,0,0,1,0,0,0,0
37_017435.wav,train,0,0,0,0,1,0,0,0
37_017443.wav,train,0,0,0,0,0,0,0,0
37_017459.wav,train,1,0,0,0,0,0,0,0
37_017460.wav,train,0,0,0,0,1,0,0,0
37_017486.wav,train,0,0,0,0,0,0,0,0
37_017603.wav,train,0,0,0,0,0,0,0,0
37_017632.wav,train,1,0,0,1,0,0,0,0
37_017651.wav,train,0,0,0,0,1,0,0,0
37_017731.wav,train,0,0,0,0,0,0,1,0
37_017747.wav,train,1,0,0,0,1,0,0,0
37_017983.wav,train,1,0,0,1,0,0,0,0
37_018003.wav,train,0,0,0,0,0,0,0,0
37_018014.wav,train,0,0,0,0,1,0,0,0
37_018057.wav,train,0,0,0,0,1,0,0,0
37_018094.wav,train,0,0,0,0,1,0,0,0
37_018160.wav,train,0,0,0,0,0,0,0,0
37_018212.wav,train,0,0,0,0,0,0,0,0
37_018359.wav,train,0,0,0,0,0,0,0,0
37_018372.wav,train,0,0,0,0,0,0,0,0
37_018409.wav,train,1,0,0,0,1,0,0,0
37_018418.wav,train,0,0,0,0,1,0,0,0
37_018764.wav,train,1,0,0,0,0,0,0,0
37_018787.wav,train,1,0,0,0,0,0,1,0
37_018788.wav,train,0,0,0,0,1,0,0,0
37_018823.wav,train,0,0,0,0,0,0,1,0
37_018865.wav,train,0,0,0,0,0,0,0,0
37_018888.wav,train,0,0,0,0,0,0,0,0
37_018911.wav,train,0,0,0,0,0,0,0,0
37_018919.wav,train,0,0,0,0,0,0,0,0
37_018934.wav,train,1,0,0,0,1,0,0,0
37_018955.wav,train,0,0,0,0,0,0,1,0
37_018999.wav,train,0,0,0,0,0,0,1,0
37_019011.wav,train,0,0,0,0,0,0,0,0
37_019027.wav,train,0,0,0,0,1,0,0,0
37_019079.wav,train,1,0,0,0,0,0,0,0
37_019152.wav,train,1,0,0,0,1,0,0,0
37_019172.wav,train,1,0,0,1,0,0,0,0
37_019194.wav,train,0,0,0,0,1,0,0,0
37_019267.wav,train,0,0,0,0,0,0,0,0
37_019421.wav,train,0,0,1,0,0,0,1,0
37_019437.wav,train,0,0,0,0,0,0,1,0
37_019455.wav,train,0,0,0,0,0,0,0,0
37_019466.wav,train,0,0,0,0,0,0,0,0
37_019476.wav,train,0,0,0,0,0,0,1,0
37_019535.wav,train,0,0,0,0,1,0,1,0
37_019560.wav,train,0,0,1,0,0,0,1,0
37_019715.wav,train,1,0,0,0,0,0,0,0
37_019732.wav,train,1,0,0,0,0,0,0,0
37_019817.wav,train,0,0,0,0,1,0,0,0
37_019868.wav,train,1,0,0,0,0,0,0,0
37_019873.wav,train,0,0,0,0,0,0,0,0
37_019973.wav,train,0,0,0,1,0,0,0,0
37_019980.wav,train,0,0,0,0,0,0,1,0
37_020049.wav,train,0,1,0,0,0,0,0,0
37_020099.wav,train,0,0,1,0,0,0,0,0
37_020128.wav,train,1,0,0,0,0,0,0,0
37_020155.wav,train,1,0,0,0,1,0,0,0
37_020286.wav,train,0,0,0,0,0,1,0,0
37_020329.wav,train,0,0,0,0,0,0,0,0
37_020346.wav,train,1,0,0,0,0,0,0,0
37_020371.wav,train,0,0,0,0,0,0,0,0
37_020398.wav,train,0,0,0,0,0,0,0,0
37_020436.wav,train,0,0,0,0,1,0,0,0
37_020473.wav,train,0,0,0,1,1,0,0,0
37_020479.wav,train,0,0,0,1,0,0,0,0
37_020495.wav,train,0,0,0,1,0,0,0,0
37_020534.wav,train,0,0,0,0,0,0,1,0
37_020544.wav,train,0,0,0,1,0,0,0,0
37_020567.wav,train,0,0,0,1,0,0,0,0
37_020620.wav,train,0,0,0,0,0,0,1,0
37_020677.wav,train,0,0,0,0,0,0,0,0
37_020693.wav,train,0,0,0,0,0,0,0,0
37_020709.wav,train,0,0,0,0,1,0,0,0
37_020710.wav,train,0,0,0,0,0,0,0,0
37_020803.wav,train,0,0,0,0,1,0,0,0
37_020808.wav,train,1,0,0,0,1,0,0,0
37_020907.wav,train,0,0,0,1,0,0,0,0
37_027019.wav,test,0,0,1,0,0,0,0,0
37_027023.wav,test,1,0,1,0,0,0,1,0
37_027134.wav,test,0,0,1,0,0,0,0,0
37_027190.wav,test,1,0,1,0,1,0,0,0
37_027215.wav,test,0,0,0,0,0,0,1,0
37_027238.wav,test,1,0,0,0,0,0,1,0
37_027252.wav,test,0,0,0,0,0,0,1,0
37_027308.wav,test,0,0,0,0,0,0,0,0
37_027416.wav,test,0,0,0,0,0,0,1,0
37_027489.wav,test,0,0,0,0,0,0,0,0
37_027491.wav,test,0,0,0,0,0,0,0,0
37_027661.wav,test,0,0,0,0,0,0,1,0
37_027693.wav,test,1,0,0,0,0,0,0,0
37_027850.wav,test,0,0,0,0,0,0,0,0
38_000051.wav,train,0,0,0,0,0,0,1,0
38_000108.wav,train,0,0,0,1,0,0,0,0
38_000161.wav,train,0,1,0,0,0,0,0,0
38_000170.wav,train,1,0,0,0,0,0,0,0
38_000206.wav,train,0,0,0,0,1,0,1,0
38_000267.wav,train,0,0,0,0,0,0,1,0
38_000322.wav,train,0,0,0,0,1,0,0,0
38_000372.wav,train,0,1,0,0,0,0,0,1
38_000384.wav,train,0,1,0,0,0,0,0,0
38_000432.wav,train,0,0,0,0,0,0,1,0
38_000817.wav,train,0,0,0,1,0,0,0,0
38_000943.wav,train,0,0,0,1,0,0,0,0
38_000959.wav,train,0,0,0,0,0,1,1,0
38_000971.wav,train,0,1,0,0,0,0,0,0
38_001067.wav,train,0,0,0,0,0,0,1,0
38_001072.wav,train,0,0,0,0,0,0,1,0
38_001076.wav,train,1,0,0,0,0,0,0,0
38_001137.wav,train,0,0,0,0,0,0,0,0
38_001138.wav,train,0,1,0,0,0,0,0,0
38_001328.wav,train,0,0,0,1,0,0,0,0
38_001339.wav,train,0,0,0,0,1,0,0,0
38_001351.wav,train,0,1,0,1,0,0,0,0
38_001538.wav,train,0,0,0,0,1,0,0,0
38_001560.wav,train,0,0,0,0,1,0,1,0
38_001565.wav,train,0,1,0,0,0,0,0,0
38_001630.wav,train,0,0,0,0,0,0,1,1
38_001650.wav,train,1,0,0,0,1,0,0,0
38_001656.wav,train,1,0,0,0,0,0,0,0
38_001770.wav,train,0,0,0,0,0,0,0,0
38_001873.wav,train,0,0,0,0,0,0,1,0
38_001920.wav,train,0,0,0,0,0,0,0,0
38_001962.wav,train,0,0,0,0,0,0,1,0
38_001964.wav,train,0,0,0,0,0,0,0,0
38_002051.wav,train,0,0,0,0,1,0,1,0
38_002072.wav,train,0,0,0,1,0,0,0,0
38_002100.wav,train,0,0,0,0,0,0,0,0
38_002118.wav,train,0,0,0,0,0,0,0,0
38_002304.wav,train,0,0,0,0,0,1,0,0
38_002322.wav,train,0,1,0,0,0,0,0,0
38_002384.wav,train,0,0,0,0,1,0,1,0
38_002522.wav,train,0,0,0,0,0,0,0,0
38_002539.wav,train,1,0,0,0,0,0,0,0
38_002544.wav,train,0,0,0,0,0,1,1,0
38_002606.wav,train,0,0,0,0,0,0,0,0
38_002646.wav,train,0,0,0,0,0,0,0,0
38_002710.wav,train,0,0,0,0,1,1,0,0
38_002713.wav,train,0,0,0,0,0,0,1,0
38_002786.wav,train,0,0,0,0,1,0,0,0
38_002817.wav,train,0,0,0,1,0,0,0,0
38_002869.wav,train,0,1,0,0,0,0,0,0
38_002876.wav,train,0,0,0,0,1,0,0,0
38_002917.wav,train,0,0,0,0,0,0,1,0
38_002951.wav,train,0,0,0,0,0,0,1,0
38_003004.wav,train,0,0,0,0,0,0,0,0
38_003008.wav,train,0,0,0,1,0,0,0,0
38_003085.wav,train,0,0,0,0,0,0,1,0
38_003087.wav,train,0,1,0,0,0,0,0,0
38_003122.wav,train,0,0,0,0,0,0,0,0
38_003191.wav,train,0,1,0,0,0,0,0,0
38_003195.wav,train,0,1,0,0,0,0,0,0
38_003232.wav,train,0,0,0,0,0,0,0,0
38_003281.wav,train,0,0,0,0,0,0,1,0
38_003289.wav,train,1,0,0,0,0,0,1,0
38_003373.wav,train,1,0,0,0,1,0,0,0
38_003472.wav,train,0,1,0,0,0,0,0,0
38_003592.wav,train,0,0,0,0,0,0,0,0
38_003614.wav,train,0,0,0,0,0,0,0,0
38_003644.wav,train,0,0,0,1,0,0,0,0
38_003648.wav,train,1,0,0,0,0,0,0,0
38_003649.wav,train,0,0,0,0,1,0,1,0
38_003664.wav,train,1,0,0,0,0,0,0,0
38_003676.wav,train,0,0,0,1,0,0,0,0
38_003690.wav,train,1,0,0,0,0,0,0,0
38_003695.wav,train,0,0,0,1,0,0,0,0
38_003743.wav,train,0,1,0,0,1,0,0,0
38_003834.wav,train,0,0,0,0,0,0,0,0
38_003975.wav,train,1,0,0,0,1,0,1,0
38_004029.wav,train,0,0,0,0,0,0,1,0
38_004043.wav,train,0,0,0,0,0,1,0,0
38_004178.wav,train,0,0,0,0,1,0,1,0
38_004224.wav,train,0,0,0,0,1,0,0,0
38_004243.wav,train,0,0,0,0,0,0,1,0
38_004265.wav,train,0,0,0,0,1,0,1,0
38_004277.wav,train,1,0,0,0,0,0,0,0
38_004305.wav,train,0,0,0,0,0,0,1,0
38_004450.wav,train,0,0,0,0,0,0,0,0
38_004456.wav,train,0,1,0,0,0,0,0,0
38_004475.wav,train,1,0,0,0,0,0,0,0
38_004503.wav,train,0,0,0,0,0,0,0,0
38_004511.wav,train,0,0,0,1,0,0,0,0
38_004520.wav,train,0,0,0,0,0,0,0,0
38_004530.wav,train,0,0,0,0,0,0,0,0
38_004603.wav,train,0,0,0,0,1,0,1,0
38_004615.wav,train,0,1,0,0,0,0,0,0
38_004716.wav,train,0,0,0,0,0,0,1,0
38_004717.wav,train,1,0,0,0,0,0,0,0
38_004813.wav,train,0,0,0,0,0,0,0,0
38_004821.wav,train,0,0,0,0,1,0,0,0
38_004829.wav,train,0,0,0,0,0,0,1,0
38_004874.wav,train,0,0,0,1,0,0,0,0
38_004908.wav,train,1,0,0,0,1,0,1,0
38_004961.wav,train,0,0,0,0,0,0,0,0
38_004972.wav,train,0,0,0,0,0,0,0,0
38_004974.wav,train,0,0,0,0,0,1,0,0
38_004990.wav,train,1,0,0,0,0,0,0,0
38_005009.wav,train,1,0,0,0,0,0,1,0
38_005016.wav,train,0,0,0,0,1,0,1,0
38_005048.wav,train,0,1,0,0,0,0,1,0
38_005056.wav,train,0,0,0,0,1,0,1,0
38_005059.wav,train,0,0,0,0,1,0,0,0
38_005076.wav,train,1,0,0,0,0,0,0,0
38_005079.wav,train,0,0,0,0,0,0,1,0
38_005105.wav,train,0,0,0,0,0,0,0,0
38_005116.wav,train,0,0,0,0,0,0,0,0
38_005134.wav,train,1,0,0,0,0,0,0,0
38_005219.wav,train,1,0,0,0,0,0,1,0
38_005313.wav,train,1,0,0,0,0,0,0,0
38_005349.wav,train,0,1,0,0,0,0,0,0
38_005401.wav,train,0,1,0,0,0,0,0,0
38_005452.wav,train,0,0,0,0,0,0,0,0
38_005480.wav,train,0,0,0,0,1,0,0,0
38_005492.wav,train,0,0,0,0,1,0,1,0
38_005541.wav,train,0,0,0,1,0,0,0,0
38_005566.wav,train,0,0,0,0,0,1,1,0
38_005724.wav,train,0,0,0,0,0,0,1,0
38_005726.wav,train,1,0,0,0,0,0,0,0
38_005734.wav,train,0,0,0,0,0,0,1,0
38_005769.wav,train,0,0,0,0,0,0,1,0
38_005847.wav,train,0,1,0,0,0,0,0,0
38_005913.wav,train,0,0,0,0,0,0,1,0
38_005967.wav,train,0,0,0,1,0,0,0,0
38_005972.wav,train,0,0,0,0,0,0,0,0
38_006051.wav,train,0,0,0,0,1,0,0,0
38_006084.wav,train,1,0,0,0,1,0,0,0
38_006095.wav,train,0,0,0,0,0,0,0,0
38_006109.wav,train,0,0,0,0,0,0,0,0
38_006133.wav,train,0,0,0,0,0,0,1,0
38_006139.wav,train,0,0,0,0,0,0,0,0
38_006195.wav,train,0,0,0,0,1,0,1,0
38_006207.wav,train,0,0,0,0,1,0,0,0
38_006208.wav,train,0,0,0,0,0,0,1,0
38_006247.wav,train,0,0,0,0,1,0,0,0
38_006249.wav,train,1,0,0,0,1,0,0,0
38_006279.wav,train,0,0,0,0,0,0,1,0
38_006311.wav,train,0,0,0,1,0,0,0,0
38_006343.wav,train,1,0,0,0,0,0,0,0
38_006380.wav,train,1,0,0,0,0,0,1,0
38_006402.wav,train,0,0,0,0,0,0,1,0
38_006420.wav,train,0,1,0,0,0,0,0,0
38_006467.wav,train,0,0,1,0,0,0,0,0
38_006492.wav,train,0,0,0,0,0,0,1,0
38_006543.wav,train,0,0,0,1,0,0,0,0
38_006581.wav,train,0,0,0,1,0,0,0,0
38_006586.wav,train,0,0,0,0,1,0,0,0
38_006590.wav,train,0,0,0,0,1,0,0,0
38_006605.wav,train,1,0,0,0,0,0,0,0
38_006632.wav,train,0,0,0,0,0,0,1,0
38_006635.wav,train,0,0,0,0,1,0,0,0
38_006656.wav,train,0,0,0,0,0,0,1,0
38_006734.wav,train,0,0,0,1,0,0,0,0
38_006802.wav,train,0,1,0,0,0,0,0,0
38_006845.wav,train,0,0,0,0,1,0,0,0
38_006900.wav,train,0,0,0,0,0,0,0,0
38_006991.wav,train,1,0,0,0,1,0,1,0
38_006995.wav,train,0,0,0,0,0,0,0,0
38_007014.wav,train,0,1,0,0,0,0,0,0
38_007019.wav,train,1,0,0,0,0,0,0,0
38_007079.wav,train,0,0,0,0,1,0,1,0
38_007127.wav,train,0,0,0,0,1,0,0,0
38_007132.wav,train,0,0,0,0,0,0,0,0
38_007136.wav,train,0,0,0,0,1,0,0,0
38_007161.wav,train,0,0,0,0,0,0,1,0
38_007355.wav,train,1,0,0,0,1,0,1,0
38_007391.wav,train,0,0,0,0,0,0,1,0
38_007428.wav,train,0,0,0,0,0,0,0,0
38_007433.wav,train,0,0,0,0,0,0,0,0
38_007460.wav,train,0,0,0,0,0,0,0,0
38_007514.wav,train,0,0,0,0,0,0,1,0
38_007531.wav,train,0,0,0,0,1,0,1,0
38_007566.wav,train,1,0,0,0,0,0,0,0
38_007570.wav,train,0,0,0,0,0,0,0,0
38_007592.wav,train,1,0,0,0,1,0,1,0
38_007779.wav,train,1,0,0,0,0,0,0,0
38_007788.wav,train,0,0,0,0,1,0,0,0
38_007796.wav,train,0,1,0,0,1,0,0,0
38_007835.wav,train,1,0,0,0,0,0,0,0
38_007847.wav,train,0,0,0,0,0,0,1,0
38_007881.wav,train,0,0,0,0,0,0,1,0
38_007921.wav,train,0,1,0,0,0,0,1,0
38_007931.wav,train,0,0,0,0,0,0,1,0
38_007999.wav,train,0,0,0,1,0,0,0,0
38_008030.wav,train,0,0,0,0,0,0,0,0
38_008048.wav,train,0,0,0,0,0,0,1,0
38_008049.wav,train,1,0,0,0,1,0,0,0
38_008063.wav,train,0,0,0,0,0,0,0,0
38_008065.wav,train,0,0,0,1,0,0,0,0
38_008148.wav,train,0,0,0,0,0,0,0,0
38_008193.wav,train,0,0,0,1,0,0,0,0
38_008218.wav,train,0,0,0,0,0,0,1,0
38_008269.wav,train,0,1,0,0,0,0,0,0
38_008276.wav,train,0,0,0,1,0,0,0,0
38_008283.wav,train,0,1,0,0,0,0,0,0
38_008287.wav,train,0,0,0,0,1,0,0,0
38_008313.wav,train,0,0,0,0,1,0,1,0
38_008331.wav,train,0,0,0,0,0,0,1,0
38_008334.wav,train,0,0,0,0,0,0,1,0
38_008414.wav,train,0,0,0,1,0,0,0,0
38_008433.wav,train,0,0,0,0,0,0,0,0
38_008457.wav,train,0,0,0,0,0,0,0,0
38_008476.wav,train,1,0,0,0,0,0,0,0
38_008492.wav,train,0,0,0,0,0,0,1,0
38_008512.wav,train,0,0,0,0,0,0,0,0
38_008555.wav,train,0,0,0,0,0,0,0,0
38_008562.wav,train,0,0,0,0,0,0,0,0
38_008583.wav,train,0,0,0,0,0,0,1,0
38_008621.wav,train,1,0,0,0,0,0,0,0
38_008633.wav,train,0,1,0,0,0,0,0,0
38_008671.wav,train,0,0,0,0,0,0,1,0
38_008682.wav,train,1,0,0,0,1,0,0,0
38_008719.wav,train,0,0,0,0,0,0,1,0
38_008751.wav,train,0,1,0,0,0,0,0,0
38_008761.wav,train,0,0,0,0,0,0,0,0
38_008777.wav,train,0,0,0,0,1,0,0,0
38_008806.wav,train,0,0,0,0,0,0,0,0
38_008848.wav,train,1,0,0,0,0,0,0,0
38_008859.wav,train,0,1,0,0,0,0,0,0
38_008863.wav,train,0,0,0,0,1,0,0,1
38_008892.wav,train,1,0,0,0,0,0,1,0
38_008909.wav,train,0,0,0,0,0,0,0,0
38_008955.wav,train,0,0,0,0,1,0,0,0
38_008960.wav,train,0,0,0,0,0,0,0,0
38_008996.wav,train,1,0,0,0,0,0,0,0
38_009047.wav,train,0,0,0,0,0,0,0,0
38_009063.wav,train,1,0,0,0,0,0,0,0
38_009067.wav,train,0,0,0,0,0,0,0,0
38_009103.wav,train,0,0,0,0,0,0,0,0
38_009107.wav,train,0,0,0,1,0,0,0,0
38_010253.wav,train,0,0,0,0,0,0,0,0
38_010301.wav,train,0,1,0,0,0,0,0,0
38_010559.wav,train,1,0,0,0,0,0,0,0
38_010574.wav,train,0,0,0,0,1,0,1,0
38_010733.wav,train,1,0,0,0,0,0,1,0
38_010737.wav,train,1,0,0,0,0,0,0,0
38_010850.wav,train,0,0,0,0,1,0,0,0
38_010860.wav,train,0,0,0,0,1,0,0,0
38_010872.wav,train,0,0,0,0,1,0,0,0
38_010953.wav,train,0,0,0,0,0,0,0,0
38_010969.wav,train,1,0,0,0,0,0,0,0
38_011045.wav,train,1,0,0,0,1,0,0,0
38_011054.wav,train,1,0,0,0,0,0,0,0
38_011176.wav,train,0,0,0,0,1,0,1,0
38_011201.wav,train,1,1,0,0,0,0,0,0
38_011243.wav,train,1,0,0,0,0,0,0,0
38_011276.wav,train,0,0,0,0,1,0,0,0
38_011493.wav,train,1,1,0,0,0,0,0,0
38_011557.wav,train,0,0,0,0,1,0,0,0
38_011587.wav,train,0,0,0,0,0,0,1,0
38_011607.wav,train,0,0,0,0,0,0,0,0
38_011649.wav,train,0,0,0,0,0,0,1,0
38_011660.wav,train,0,0,0,0,1,0,0,0
38_011679.wav,train,0,0,0,0,0,0,1,0
38_011714.wav,train,1,0,0,0,0,0,0,0
38_011745.wav,train,1,0,0,0,1,0,0,0
38_011746.wav,train,1,0,0,0,0,0,0,0
38_011798.wav,train,0,0,0,0,0,0,0,0
38_011898.wav,train,0,0,0,0,0,0,0,0
38_011899.wav,train,0,0,0,0,0,0,0,0
38_011921.wav,train,0,0,0,0,0,0,0,0
38_011958.wav,train,1,0,0,0,0,0,0,0
38_012026.wav,train,0,0,0,0,0,0,1,0
38_012056.wav,train,0,0,0,0,0,0,1,0
38_012166.wav,train,1,0,0,0,0,0,0,0
38_012232.wav,train,0,0,0,0,0,0,0,0
38_012387.wav,train,1,0,0,0,0,0,1,0
38_012488.wav,train,0,0,0,0,0,0,1,0
38_012637.wav,train,0,0,0,0,0,0,1,0
38_012640.wav,train,0,0,0,0,1,0,1,1
38_012701.wav,train,0,0,0,0,0,0,0,0
38_012820.wav,train,0,0,0,0,0,0,1,0
38_012822.wav,train,0,0,0,0,0,0,0,0
38_012858.wav,train,0,0,0,0,0,0,0,0
38_012864.wav,train,0,0,0,0,0,0,1,0
38_013101.wav,train,0,0,0,0,0,0,0,0
38_013148.wav,train,0,0,0,0,0,0,0,0
38_013204.wav,train,0,0,0,0,1,0,0,0
38_013282.wav,train,0,0,0,0,0,0,1,0
38_013352.wav,train,1,0,0,0,0,0,0,0
38_013366.wav,train,0,0,0,0,0,1,0,0
38_013474.wav,train,0,0,0,0,0,0,0,0
38_013487.wav,train,0,0,0,0,0,0,1,0
38_013702.wav,train,0,0,0,0,0,0,1,0
38_016310.wav,train,0,0,0,0,0,0,1,0
38_016330.wav,train,0,0,0,0,0,0,1,0
38_016355.wav,train,0,0,0,0,0,0,0,0
38_016503.wav,train,0,0,0,0,0,1,1,0
38_016567.wav,train,0,0,0,0,1,0,0,0
38_016614.wav,train,0,1,0,0,0,0,0,0
38_016663.wav,train,0,0,0,0,0,0,1,0
38_016747.wav,train,1,0,0,0,0,0,1,0
38_016751.wav,train,0,0,0,0,0,0,1,0
38_016844.wav,train,0,0,0,0,1,0,1,0
38_016875.wav,train,0,0,0,0,1,0,0,0
38_016909.wav,train,0,0,0,0,0,0,0,0
38_016976.wav,train,0,0,0,0,1,0,1,0
38_017020.wav,train,1,0,0,0,0,0,0,0
38_017030.wav,train,1,0,0,0,1,0,0,0
38_017037.wav,train,0,0,0,0,0,1,0,0
38_017044.wav,train,0,0,0,0,0,0,0,0
38_017101.wav,train,0,0,0,0,0,0,1,0
38_017117.wav,train,0,0,0,0,1,0,1,0
38_017141.wav,train,1,0,0,0,1,1,0,0
38_017154.wav,train,0,0,0,0,1,0,0,0
38_017220.wav,train,0,0,0,0,0,0,1,0
38_017236.wav,train,0,0,0,0,1,0,1,0
38_017238.wav,train,1,0,0,0,0,0,0,0
38_017246.wav,train,1,0,0,0,0,0,0,0
38_017299.wav,train,0,0,0,1,0,0,0,0
38_017433.wav,train,0,0,0,0,0,0,0,0
38_017482.wav,train,0,0,0,0,0,0,0,0
38_017489.wav,train,0,0,0,0,0,0,1,0
38_017534.wav,train,1,0,0,1,0,0,0,0
38_017765.wav,train,0,0,0,0,1,0,1,0
38_017771.wav,train,0,0,0,0,1,0,0,0
38_017835.wav,train,0,0,0,0,1,0,1,0
38_017875.wav,train,0,0,0,0,0,0,0,0
38_017877.wav,train,0,0,0,0,0,0,1,0
38_017883.wav,train,0,0,0,0,0,0,0,0
38_017886.wav,train,0,0,0,0,1,0,1,0
38_017932.wav,train,0,0,0,0,1,0,0,0
38_017955.wav,train,0,0,0,0,1,0,1,0
38_018009.wav,train,0,0,0,0,0,1,0,0
38_018066.wav,train,0,0,0,0,0,0,0,0
38_018128.wav,train,0,0,0,0,1,0,1,0
38_018140.wav,train,1,0,0,0,0,0,1,0
38_018165.wav,train,0,0,0,0,0,0,1,0
38_018211.wav,train,1,0,0,0,0,0,0,0
38_018263.wav,train,0,0,0,0,1,0,0,0
38_018345.wav,train,0,0,0,0,0,0,0,0
38_018354.wav,train,0,0,0,0,0,1,0,0
38_018401.wav,train,0,0,0,0,0,0,0,0
38_018534.wav,train,0,1,0,0,0,0,0,0
38_018537.wav,train,0,0,0,0,0,0,0,0
38_018540.wav,train,0,0,0,0,0,0,0,0
38_018543.wav,train,0,0,0,0,0,0,1,0
38_018639.wav,train,1,0,0,0,0,0,0,0
38_018659.wav,train,0,0,0,0,0,0,0,0
38_018725.wav,train,0,0,0,0,0,0,0,0
38_018814.wav,train,1,0,0,0,0,0,0,0
38_018861.wav,train,0,0,0,0,1,0,0,0
38_018878.wav,train,0,0,0,0,0,0,0,0
38_018894.wav,train,1,0,0,0,0,0,0,0
38_018949.wav,train,0,0,0,0,0,0,0,0
38_018951.wav,train,0,0,0,0,0,0,0,0
38_019110.wav,train,0,0,0,0,0,0,0,0
38_019142.wav,train,0,0,0,0,1,1,0,0
38_019150.wav,train,0,0,0,0,0,0,0,0
38_019164.wav,train,0,0,0,0,1,0,0,0
38_019246.wav,train,0,0,0,0,0,1,0,0
38_019273.wav,train,0,0,0,0,0,0,1,0
38_019277.wav,train,0,0,0,0,0,0,1,0
38_019285.wav,train,0,0,0,0,0,0,0,0
38_019326.wav,train,0,0,0,1,0,0,0,0
38_019344.wav,train,0,0,0,0,1,0,0,0
38_019483.wav,train,0,0,0,0,0,0,1,0
38_019494.wav,train,1,0,0,0,0,1,1,0
38_019522.wav,train,0,0,0,0,1,0,0,0
38_019524.wav,train,0,0,0,0,1,0,1,0
38_019636.wav,train,1,0,0,0,1,0,0,0
38_019663.wav,train,0,0,0,0,0,1,0,0
38_019664.wav,train,0,0,0,0,0,0,1,0
38_019684.wav,train,0,0,0,0,1,0,0,0
38_019708.wav,train,0,0,0,0,0,0,1,0
38_019738.wav,train,0,0,0,0,1,0,1,0
38_019806.wav,train,1,0,0,0,0,0,0,0
38_019841.wav,train,1,0,0,0,0,0,1,0
38_019888.wav,train,1,0,0,0,0,0,0,0
38_020012.wav,train,1,0,0,0,0,0,0,0
38_020035.wav,train,0,0,0,0,1,0,0,0
38_020046.wav,train,0,0,0,1,0,0,0,0
38_020084.wav,train,0,1,0,0,0,0,0,0
38_020092.wav,train,0,0,0,0,1,0,0,0
38_020108.wav,train,1,0,0,0,0,0,0,0
38_020145.wav,train,0,0,0,0,1,0,1,0
38_020216.wav,train,0,0,0,0,1,0,0,0
38_020232.wav,train,0,0,0,1,0,0,0,0
38_020257.wav,train,0,0,0,0,0,0,1,0
38_020372.wav,train,0,0,0,0,1,0,0,0
38_020373.wav,train,0,0,0,0,0,0,1,0
38_020417.wav,train,0,0,0,0,1,0,0,0
38_020511.wav,train,0,0,0,1,0,0,0,0
38_020515.wav,train,0,0,0,0,1,0,0,0
38_020539.wav,train,0,0,0,0,1,0,0,0
38_020556.wav,train,0,0,0,0,1,0,0,0
38_020587.wav,train,0,0,0,0,0,0,0,0
38_020595.wav,train,0,0,0,0,0,1,0,0
38_020654.wav,train,1,0,0,0,0,0,0,0
38_020666.wav,train,0,0,0,0,1,0,0,0
38_020727.wav,train,0,0,0,0,0,0,0,0
38_020730.wav,train,0,0,0,0,0,0,0,0
38_020760.wav,train,0,0,0,0,0,0,0,0
38_020789.wav,train,0,0,0,0,1,0,0,0
38_020797.wav,train,0,0,0,0,0,1,0,0
38_020826.wav,train,0,0,0,0,1,0,1,0
38_020840.wav,train,0,0,0,0,1,0,0,0
38_026934.wav,test,0,0,0,0,0,0,0,0
38_026953.wav,test,0,0,0,0,0,0,1,0
38_026997.wav,test,1,1,0,0,1,0,0,0
38_027002.wav,test,1,0,1,0,0,1,1,0
38_027032.wav,test,1,0,1,0,0,1,0,0
38_027084.wav,test,0,0,1,0,0,0,1,1
38_027092.wav,test,1,0,0,0,0,0,1,0
38_027286.wav,test,0,0,0,0,0,0,1,0
38_027388.wav,test,0,0,0,0,0,0,1,0
38_027395.wav,test,1,0,0,0,0,0,1,0
38_027397.wav,test,1,0,1,0,0,0,1,0
38_027467.wav,test,1,0,0,0,0,0,0,0
38_027516.wav,test,1,0,0,0,1,0,0,0
38_027555.wav,test,0,0,0,0,0,0,1,0
38_027619.wav,test,1,0,1,0,0,0,0,0
38_027626.wav,test,0,0,1,0,0,0,0,0
38_027650.wav,test,1,0,0,0,0,0,0,0
38_027664.wav,test,1,0,1,0,0,0,0,0
38_027743.wav,test,1,0,0,0,0,0,1,0
38_027748.wav,test,1,0,1,0,0,0,1,0
39_000184.wav,train,0,0,0,0,0,0,0,0
39_000411.wav,train,0,1,0,0,0,0,0,0
39_000539.wav,train,0,0,0,0,0,0,0,0
39_000780.wav,train,1,0,0,0,0,0,0,0
39_000796.wav,train,1,0,0,0,0,0,0,0
39_000812.wav,train,0,0,0,0,1,0,0,0
39_000828.wav,train,0,0,0,0,0,0,0,0
39_001097.wav,train,0,1,0,0,0,0,0,0
39_001389.wav,train,0,0,0,0,1,0,0,0
39_001503.wav,train,0,0,0,0,0,0,0,0
39_001571.wav,train,0,1,0,0,0,0,0,0
39_001717.wav,train,0,0,0,0,1,0,0,0
39_001762.wav,train,0,0,0,0,0,0,1,0
39_001913.wav,train,0,1,0,0,1,0,0,0
39_001988.wav,train,0,0,0,0,0,0,0,0
39_002310.wav,train,0,0,0,0,0,0,0,0
39_002421.wav,train,1,0,0,0,0,0,0,0
39_002623.wav,train,1,0,0,0,0,0,0,0
39_002756.wav,train,0,0,0,0,0,0,0,0
39_002977.wav,train,0,0,0,0,0,0,0,0
39_003016.wav,train,0,0,0,0,0,0,0,0
39_003238.wav,train,0,0,0,1,0,0,0,0
39_003321.wav,train,0,0,0,0,1,0,0,0
39_003345.wav,train,0,0,0,0,0,0,1,0
39_003386.wav,train,0,0,0,0,0,0,1,0
39_003632.wav,train,0,0,0,0,0,0,0,0
39_003740.wav,train,0,0,0,0,0,0,1,0
39_004073.wav,train,0,0,0,1,0,0,0,0
39_004188.wav,train,1,0,0,0,0,0,0,0
39_004326.wav,train,0,0,0,0,1,0,0,0
39_004547.wav,train,1,0,0,0,0,0,0,0
39_004578.wav,train,0,0,0,0,0,0,0,0
39_004862.wav,train,0,0,0,0,0,0,1,0
39_005036.wav,train,1,1,0,0,0,0,0,0
39_005078.wav,train,1,0,0,0,0,0,0,0
39_005096.wav,train,0,0,0,0,0,0,0,0
39_005183.wav,train,1,0,0,0,0,0,0,0
39_005195.wav,train,0,0,0,0,1,0,0,0
39_005403.wav,train,1,0,0,0,0,0,1,0
39_005523.wav,train,0,0,0,0,0,0,1,0
39_005558.wav,train,0,0,0,0,0,0,0,0
39_005614.wav,train,0,0,0,0,0,0,1,0
39_005670.wav,train,0,0,0,0,0,0,0,0
39_005714.wav,train,1,0,0,0,0,0,0,0
39_005937.wav,train,1,0,0,0,0,0,0,0
39_005983.wav,train,1,0,0,0,0,0,0,0
39_006001.wav,train,1,0,0,0,0,0,0,0
39_006183.wav,train,0,0,0,0,0,0,1,0
39_006254.wav,train,0,1,0,0,0,0,0,0
39_006309.wav,train,0,0,0,0,0,0,0,0
39_006359.wav,train,0,0,0,0,1,0,0,0
39_006493.wav,train,0,0,0,0,0,0,1,0
39_006509.wav,train,0,0,0,0,1,0,0,0
39_006634.wav,train,0,1,0,0,0,0,0,0
39_006821.wav,train,1,0,0,0,0,0,1,0
39_006931.wav,train,0,0,0,0,0,0,0,0
39_006999.wav,train,0,0,0,0,0,0,0,0
39_007126.wav,train,0,0,0,0,0,0,0,0
39_007287.wav,train,0,0,0,0,0,0,1,0
39_007496.wav,train,0,0,0,0,0,0,0,0
39_007511.wav,train,0,0,0,0,1,0,0,0
39_007556.wav,train,0,1,0,0,0,0,0,0
39_007821.wav,train,0,0,0,0,0,0,0,0
39_008178.wav,train,0,1,0,0,0,0,0,0
39_008215.wav,train,0,0,0,0,0,0,0,0
39_008262.wav,train,0,0,0,0,0,0,0,0
39_008580.wav,train,1,0,0,0,0,0,0,0
39_008651.wav,train,1,0,0,0,0,0,0,0
39_008653.wav,train,1,0,0,0,0,0,0,0
39_008791.wav,train,0,1,0,0,0,0,0,0
39_009086.wav,train,0,0,0,0,0,0,0,0
39_009283.wav,train,1,0,0,0,0,0,0,0
39_009410.wav,train,1,0,0,0,0,0,0,0
39_009427.wav,train,1,0,0,0,0,0,0,0
39_009429.wav,train,0,0,0,0,0,0,0,0
39_009557.wav,train,0,0,0,0,0,0,0,0
39_009671.wav,train,0,0,0,0,1,0,0,0
39_009718.wav,train,1,0,0,0,1,0,0,0
39_009926.wav,train,0,0,0,0,0,0,1,0
39_009990.wav,train,0,0,0,0,1,0,1,0
39_010096.wav,train,0,0,0,0,0,0,1,0
39_010190.wav,train,0,0,0,0,1,0,0,0
39_010236.wav,train,1,0,0,0,0,0,0,0
39_010364.wav,train,1,0,0,0,0,0,0,0
39_010494.wav,train,0,0,0,0,1,0,0,0
39_010738.wav,train,0,0,0,0,0,0,0,0
39_010768.wav,train,1,0,0,0,0,0,0,0
39_011291.wav,train,1,0,0,0,0,0,0,0
39_011301.wav,train,1,0,0,0,0,0,0,0
39_011987.wav,train,1,0,0,0,0,0,0,0
39_012648.wav,train,0,0,0,0,0,0,1,0
39_012881.wav,train,0,1,0,0,0,0,1,0
39_012892.wav,train,0,1,0,0,0,0,0,0
39_013213.wav,train,1,0,0,0,0,0,0,0
39_016351.wav,train,0,0,0,0,0,0,0,0
39_016447.wav,train,1,0,0,0,0,0,0,0
39_016490.wav,train,0,0,0,1,0,0,0,0
39_016616.wav,train,0,0,0,0,1,0,0,0
39_016627.wav,train,0,0,0,0,0,0,1,0
39_016761.wav,train,0,0,0,0,0,0,0,0
39_016938.wav,train,1,0,0,0,1,0,0,0
39_016945.wav,train,1,0,0,0,0,0,1,0
39_016974.wav,train,0,0,0,0,0,0,0,0
39_016977.wav,train,0,0,0,0,0,0,0,0
39_017024.wav,train,0,0,0,0,0,0,0,0
39_017249.wav,train,1,0,0,0,0,0,0,0
39_017442.wav,train,0,0,0,0,0,0,0,0
39_017526.wav,train,1,0,0,0,0,0,0,0
39_017671.wav,train,0,0,0,0,0,0,0,0
39_017684.wav,train,0,0,0,1,0,0,0,0
39_017752.wav,train,0,0,0,0,1,0,0,0
39_018019.wav,train,1,0,0,0,1,0,0,0
39_018113.wav,train,1,0,0,0,1,0,0,0
39_018185.wav,train,0,0,0,0,0,0,0,0
39_018255.wav,train,0,0,0,0,0,0,0,0
39_018338.wav,train,0,0,0,0,0,0,1,0
39_018489.wav,train,0,0,0,0,0,0,0,0
39_018573.wav,train,0,0,0,0,0,0,0,0
39_018862.wav,train,1,0,0,0,0,0,0,0
39_018864.wav,train,0,0,0,0,0,0,0,0
39_018947.wav,train,0,0,0,0,0,0,0,0
39_019071.wav,train,0,0,0,0,1,0,0,0
39_019426.wav,train,1,1,0,0,0,0,0,0
39_019447.wav,train,0,0,1,0,0,0,0,0
39_019482.wav,train,0,0,0,0,0,0,0,0
39_019551.wav,train,0,0,0,0,0,0,0,0
39_019686.wav,train,1,0,0,0,0,0,0,0
39_019785.wav,train,0,0,1,1,0,0,0,0
39_020129.wav,train,0,0,0,0,0,0,0,0
39_020130.wav,train,0,0,0,0,0,0,0,0
39_020325.wav,train,0,0,0,0,0,0,0,0
39_020385.wav,train,0,0,0,0,0,0,0,0
39_020462.wav,train,0,0,0,0,0,0,0,0
39_020543.wav,train,0,0,0,0,1,0,0,0
39_027459.wav,test,0,0,0,0,0,0,0,0
39_027468.wav,test,0,0,0,0,0,0,1,0
39_027631.wav,test,1,0,0,0,0,0,1,0
39_027727.wav,test,1,0,0,0,1,0,1,0
39_027780.wav,test,1,0,1,0,1,0,0,0
39_027807.wav,test,0,0,1,0,0,0,0,0
39_027839.wav,test,1,0,1,0,0,0,0,0
40_000002.wav,train,0,0,0,0,0,0,0,0
40_000003.wav,train,1,0,0,0,0,0,0,0
40_000005.wav,train,0,0,0,0,1,0,0,0
40_000008.wav,train,1,0,0,0,0,0,0,0
40_000009.wav,train,0,1,0,0,0,0,0,0
40_000010.wav,train,1,0,0,0,0,0,0,0
40_000020.wav,train,1,0,0,0,0,0,0,0
40_000029.wav,train,1,0,0,0,0,0,0,0
40_000033.wav,train,1,0,0,0,0,0,0,0
40_000034.wav,train,0,1,0,0,0,0,0,0
40_000035.wav,train,0,0,0,0,0,1,0,0
40_000045.wav,train,1,0,0,0,0,0,0,0
40_000049.wav,train,0,0,0,0,1,0,0,0
40_000054.wav,train,1,0,0,0,0,0,0,0
40_000057.wav,train,0,0,0,0,1,0,0,0
40_000060.wav,train,0,0,0,0,0,0,0,0
40_000065.wav,train,0,0,0,0,0,0,0,0
40_000072.wav,train,0,0,0,0,0,0,0,0
40_000074.wav,train,0,1,0,0,0,0,0,0
40_000077.wav,train,1,0,1,0,0,0,0,0
40_000081.wav,train,1,0,0,0,0,0,0,0
40_000093.wav,train,0,0,0,0,0,0,0,0
40_000095.wav,train,0,0,0,0,0,0,0,0
40_000113.wav,train,1,0,0,0,0,0,0,0
40_000115.wav,train,0,1,0,0,0,0,0,0
40_000116.wav,train,0,0,0,0,0,0,1,0
40_000117.wav,train,1,0,0,0,0,0,0,0
40_000122.wav,train,0,0,0,0,0,0,0,0
40_000130.wav,train,0,0,0,0,0,0,1,0
40_000131.wav,train,0,1,0,0,0,0,0,0
40_000133.wav,train,1,0,0,0,0,0,0,0
40_000135.wav,train,0,0,0,0,0,0,0,0
40_000142.wav,train,0,1,0,1,0,0,0,0
40_000148.wav,train,1,0,0,0,0,0,0,0
40_000149.wav,train,0,0,0,0,0,0,0,0
40_000153.wav,train,1,1,0,0,0,0,0,0
40_000158.wav,train,1,0,0,0,0,0,0,0
40_000165.wav,train,0,0,0,0,0,0,0,0
40_000168.wav,train,1,1,0,0,0,0,0,0
40_000171.wav,train,0,0,0,0,0,0,0,0
40_000173.wav,train,0,0,0,0,1,0,0,0
40_000175.wav,train,1,0,0,0,0,0,0,0
40_000176.wav,train,0,0,0,1,0,0,0,0
40_000180.wav,train,0,1,0,0,0,0,0,0
40_000187.wav,train,0,0,0,0,0,0,0,0
40_000197.wav,train,0,1,0,0,0,0,0,0
40_000204.wav,train,1,0,0,0,0,0,0,0
40_000207.wav,train,0,0,0,0,0,0,1,0
40_000209.wav,train,0,0,0,0,0,1,1,0
40_000216.wav,train,0,1,0,0,0,0,0,0
40_000217.wav,train,1,0,0,0,0,0,0,0
40_000218.wav,train,0,1,0,0,0,0,0,0
40_000220.wav,train,1,0,0,0,1,0,0,0
40_000225.wav,train,1,0,0,0,0,0,0,0
40_000231.wav,train,0,0,0,0,0,0,0,0
40_000232.wav,train,0,1,0,0,0,0,0,0
40_000236.wav,train,0,0,0,0,0,0,0,0
40_000239.wav,train,1,0,0,0,1,0,0,0
40_000243.wav,train,0,0,0,0,0,1,1,0
40_000245.wav,train,1,0,0,0,0,0,0,0
40_000249.wav,train,0,0,0,0,0,0,0,0
40_000253.wav,train,0,0,0,0,0,0,0,0
40_000257.wav,train,0,0,0,0,0,0,0,0
40_000259.wav,train,0,0,0,0,0,0,0,0
40_000261.wav,train,0,1,0,0,0,0,0,0
40_000263.wav,train,0,0,0,0,0,0,1,0
40_000272.wav,train,0,0,0,0,0,0,0,0
40_000291.wav,train,1,0,0,0,0,0,0,0
40_000294.wav,train,0,0,0,0,0,0,0,0
40_000295.wav,train,1,0,0,0,1,0,0,0
40_000298.wav,train,0,0,0,0,0,0,0,0
40_000300.wav,train,0,0,0,0,1,0,0,0
40_000303.wav,train,0,0,0,0,0,0,0,0
40_000304.wav,train,1,0,0,0,0,0,0,0
40_000308.wav,train,1,0,0,0,0,0,0,0
40_000311.wav,train,0,1,0,0,0,0,0,0
40_000312.wav,train,0,0,0,0,0,0,0,0
40_000323.wav,train,0,0,0,0,0,0,1,0
40_000325.wav,train,0,0,0,0,0,0,0,0
40_000329.wav,train,1,1,0,0,0,0,0,0
40_000333.wav,train,0,1,0,0,0,0,0,0
40_000347.wav,train,0,1,0,0,0,0,0,0
40_000350.wav,train,0,0,0,0,0,0,0,0
40_000353.wav,train,0,0,1,0,0,0,0,0
40_000359.wav,train,0,0,0,0,0,0,0,0
40_000360.wav,train,1,1,0,0,0,0,0,0
40_000361.wav,train,0,0,0,0,0,0,0,0
40_000362.wav,train,1,0,0,0,0,0,0,0
40_000366.wav,train,0,0,0,0,0,0,0,0
40_000367.wav,train,0,1,0,0,0,0,1,0
40_000369.wav,train,0,0,0,0,0,1,0,0
40_000370.wav,train,0,0,0,0,1,0,0,0
40_000371.wav,train,0,0,1,0,0,0,0,0
40_000374.wav,train,1,0,1,0,0,0,0,0
40_000375.wav,train,1,0,0,0,0,0,0,0
40_000376.wav,train,0,1,0,0,0,0,0,0
40_000379.wav,train,0,0,1,0,0,0,0,0
40_000387.wav,train,0,0,1,0,0,0,0,0
40_000389.wav,train,1,0,0,0,0,0,0,0
40_000391.wav,train,1,0,0,0,0,0,0,0
40_000393.wav,train,1,0,0,0,0,0,0,0
40_000394.wav,train,0,0,0,0,0,0,0,0
40_000396.wav,train,0,0,0,0,0,0,0,0
40_000398.wav,train,0,0,0,0,1,0,0,0
40_000406.wav,train,0,0,0,0,0,0,0,0
40_000416.wav,train,0,0,0,0,0,0,0,0
40_000422.wav,train,0,0,0,0,0,0,1,0
40_000423.wav,train,1,0,0,0,0,0,0,0
40_000428.wav,train,1,0,0,0,0,0,0,0
40_000429.wav,train,0,1,0,0,0,0,0,0
40_000435.wav,train,0,0,0,1,0,0,0,0
40_000437.wav,train,0,0,0,0,0,0,0,0
40_000442.wav,train,1,0,0,0,0,0,0,0
40_000447.wav,train,0,0,0,0,0,0,0,0
40_000452.wav,train,0,1,0,0,0,0,0,0
40_000454.wav,train,1,0,0,0,0,0,0,0
40_000457.wav,train,1,0,0,0,1,0,0,0
40_000466.wav,train,0,0,0,0,0,0,0,0
40_000469.wav,train,1,0,0,0,0,0,0,0
40_000470.wav,train,1,0,0,0,0,0,0,0
40_000471.wav,train,0,0,0,0,0,0,1,0
40_000475.wav,train,0,0,0,0,0,0,0,0
40_000477.wav,train,0,0,0,0,0,0,0,0
40_000480.wav,train,0,1,0,0,0,0,0,0
40_000481.wav,train,0,0,0,0,0,0,0,0
40_000486.wav,train,0,0,0,0,0,0,0,0
40_000487.wav,train,0,1,0,0,0,0,0,0
40_000488.wav,train,0,1,0,0,1,0,0,0
40_000492.wav,train,1,0,0,0,1,0,0,0
40_000498.wav,train,0,1,0,0,0,0,0,0
40_000499.wav,train,1,0,0,0,0,0,0,0
40_000507.wav,train,1,0,0,0,0,0,0,0
40_000508.wav,train,0,1,0,0,0,0,0,0
40_000512.wav,train,0,1,0,0,0,0,0,0
40_000518.wav,train,0,0,0,0,0,0,0,0
40_000520.wav,train,1,0,0,0,0,0,0,0
40_000521.wav,train,0,0,0,0,0,0,0,0
40_000524.wav,train,1,0,0,0,0,0,0,0
40_000525.wav,train,1,0,1,0,0,0,0,0
40_000527.wav,train,0,0,0,0,1,0,0,0
40_000531.wav,train,0,0,0,0,1,0,0,0
40_000537.wav,train,0,1,0,0,0,0,0,0
40_000540.wav,train,0,0,0,0,1,0,0,0
40_000549.wav,train,0,0,0,0,0,0,0,0
40_000557.wav,train,0,0,0,0,0,0,0,0
40_000568.wav,train,1,0,0,0,0,0,0,0
40_000572.wav,train,1,0,0,0,0,0,0,0
40_000578.wav,train,0,1,0,0,0,0,0,0
40_000581.wav,train,1,0,0,0,0,0,0,0
40_000589.wav,train,0,0,0,0,0,0,0,0
40_000605.wav,train,0,1,0,0,0,0,0,0
40_000606.wav,train,0,1,0,0,0,0,0,0
40_000608.wav,train,0,1,0,0,0,0,0,0
40_000611.wav,train,1,0,0,0,0,0,0,0
40_000614.wav,train,0,0,0,0,1,0,0,0
40_000615.wav,train,0,0,0,0,1,0,0,0
40_000621.wav,train,0,1,0,0,0,0,0,0
40_000623.wav,train,1,0,0,0,0,0,0,0
40_000624.wav,train,1,0,0,0,0,0,0,0
40_000627.wav,train,0,1,0,0,0,0,0,0
40_000631.wav,train,1,0,0,0,1,0,0,0
40_000632.wav,train,0,0,0,0,0,0,0,0
40_000641.wav,train,0,0,0,0,0,0,0,0
40_000644.wav,train,1,0,0,0,0,0,0,0
40_000647.wav,train,0,0,0,0,0,0,0,0
40_000651.wav,train,0,0,0,0,1,0,0,0
40_000655.wav,train,1,0,0,0,0,0,0,0
40_000657.wav,train,0,0,0,0,0,0,0,0
40_000663.wav,train,1,0,0,1,0,0,0,0
40_000664.wav,train,1,0,0,0,0,0,0,0
40_000665.wav,train,0,0,0,0,0,0,0,0
40_000674.wav,train,1,0,0,0,0,0,0,0
40_000677.wav,train,0,0,0,0,0,0,0,0
40_000679.wav,train,1,0,0,0,0,0,0,0
40_000685.wav,train,0,1,0,0,0,0,0,0
40_000686.wav,train,0,0,0,0,0,0,0,0
40_000692.wav,train,1,0,0,0,0,0,0,0
40_000700.wav,train,1,0,0,0,1,0,0,0
40_000708.wav,train,0,0,0,0,0,0,0,0
40_000709.wav,train,1,0,0,0,0,0,0,0
40_000715.wav,train,0,0,0,0,0,0,0,0
40_000718.wav,train,1,0,0,0,0,0,0,0
40_000720.wav,train,0,0,0,0,0,0,0,0
40_000725.wav,train,1,0,0,0,0,0,0,0
40_000730.wav,train,1,0,0,0,0,0,0,0
40_000733.wav,train,0,0,1,0,0,0,0,0
40_000738.wav,train,0,1,0,0,0,0,0,0
40_000740.wav,train,1,0,0,0,0,0,0,0
40_000746.wav,train,0,0,0,0,0,0,0,0
40_000748.wav,train,1,0,0,0,0,0,0,0
40_000750.wav,train,0,0,0,0,0,0,0,0
40_000761.wav,train,1,1,0,0,0,0,0,0
40_000774.wav,train,0,0,0,0,0,0,0,0
40_000776.wav,train,0,0,0,0,0,0,0,0
40_000783.wav,train,1,0,0,0,0,0,0,0
40_000784.wav,train,0,1,0,0,0,0,0,0
40_000786.wav,train,1,0,0,0,0,0,0,0
40_000788.wav,train,1,0,0,0,0,0,0,0
40_000790.wav,train,1,1,0,0,0,0,0,0
40_000811.wav,train,0,0,0,0,0,0,0,0
40_000820.wav,train,0,1,0,0,1,0,0,0
40_000821.wav,train,1,0,0,0,0,0,0,0
40_000824.wav,train,0,0,0,0,0,0,0,0
40_000825.wav,train,0,0,0,0,1,0,0,0
40_000827.wav,train,0,0,0,0,0,0,0,0
40_000833.wav,train,0,0,0,0,0,0,0,0
40_000836.wav,train,0,0,0,0,1,0,0,0
40_000841.wav,train,1,0,0,0,0,0,0,0
40_000847.wav,train,1,0,0,0,0,0,0,0
40_000855.wav,train,0,0,0,0,0,0,0,0
40_000857.wav,train,0,0,0,0,0,0,1,0
40_000860.wav,train,0,0,0,0,0,0,0,0
40_000868.wav,train,0,1,0,0,0,0,0,0
40_000869.wav,train,1,0,0,0,0,0,0,0
40_000879.wav,train,0,0,0,0,0,0,0,0
40_000886.wav,train,0,0,0,0,0,0,0,0
40_000887.wav,train,0,1,0,0,0,0,0,0
40_000888.wav,train,0,0,0,0,0,0,0,0
40_000890.wav,train,0,0,0,0,0,0,0,0
40_000894.wav,train,0,0,0,0,0,0,0,0
40_000902.wav,train,0,0,0,0,0,0,1,0
40_000903.wav,train,1,0,0,0,0,0,0,0
40_000904.wav,train,0,0,0,0,0,0,0,0
40_000916.wav,train,1,0,0,0,0,0,0,0
40_000931.wav,train,0,0,0,0,0,0,1,0
40_000933.wav,train,0,0,0,0,0,0,0,0
40_000935.wav,train,0,1,0,0,0,0,0,0
40_000940.wav,train,0,0,0,0,0,0,0,0
40_000942.wav,train,0,0,0,0,0,0,1,0
40_000944.wav,train,0,0,0,0,0,0,0,0
40_000946.wav,train,0,0,0,0,0,0,0,0
40_000948.wav,train,0,0,0,0,0,0,0,0
40_000949.wav,train,0,0,0,0,0,0,0,0
40_000953.wav,train,0,0,0,0,0,0,0,0
40_000954.wav,train,0,1,0,0,0,0,0,0
40_000958.wav,train,0,0,0,0,0,0,0,0
40_000960.wav,train,1,0,0,0,0,0,0,0
40_000962.wav,train,1,0,0,0,0,0,0,0
40_000966.wav,train,0,0,0,0,1,0,0,0
40_000968.wav,train,0,0,0,0,0,0,0,0
40_000972.wav,train,0,1,0,0,0,0,0,0
40_000973.wav,train,0,0,1,0,1,0,0,0
40_000980.wav,train,0,1,0,0,0,0,0,0
40_000987.wav,train,0,0,0,0,0,0,0,0
40_000995.wav,train,0,0,0,0,0,0,0,0
40_001000.wav,train,0,0,0,0,0,0,0,0
40_001008.wav,train,0,1,0,0,0,0,0,0
40_001014.wav,train,0,0,0,0,0,0,0,0
40_001023.wav,train,0,0,0,0,0,0,0,0
40_001027.wav,train,0,0,0,0,0,0,0,0
40_001031.wav,train,0,0,0,0,0,0,0,0
40_001032.wav,train,0,0,0,0,0,0,0,0
40_001035.wav,train,1,0,0,0,0,0,1,0
40_001037.wav,train,0,0,0,0,0,0,0,0
40_001053.wav,train,0,0,0,0,0,1,0,0
40_001056.wav,train,0,0,0,0,0,0,0,0
40_001057.wav,train,0,0,0,1,0,0,0,0
40_001064.wav,train,1,0,0,0,0,0,0,0
40_001065.wav,train,0,1,0,0,0,0,0,0
40_001068.wav,train,0,0,0,0,0,0,0,0
40_001070.wav,train,0,0,0,0,0,0,0,0
40_001073.wav,train,0,0,0,0,1,0,1,0
40_001079.wav,train,1,0,0,0,0,0,1,0
40_001089.wav,train,1,0,0,0,0,0,0,0
40_001092.wav,train,0,0,0,0,0,0,0,0
40_001098.wav,train,1,0,0,0,0,0,0,0
40_001100.wav,train,0,0,0,0,0,0,0,0
40_001104.wav,train,0,0,0,0,0,0,0,0
40_001112.wav,train,0,1,0,0,0,0,0,0
40_001118.wav,train,1,0,0,0,0,0,0,0
40_001119.wav,train,0,0,1,0,0,0,0,0
40_001121.wav,train,0,1,0,0,0,0,0,0
40_001129.wav,train,0,0,0,0,0,0,0,0
40_001130.wav,train,0,0,1,0,0,0,0,0
40_001131.wav,train,0,1,0,0,0,0,0,0
40_001139.wav,train,0,0,0,0,0,0,0,0
40_001141.wav,train,0,0,1,0,0,0,0,0
40_001146.wav,train,0,1,0,0,0,0,0,0
40_001147.wav,train,1,0,0,0,0,0,0,0
40_001148.wav,train,1,0,0,0,0,0,0,0
40_001152.wav,train,0,1,0,0,1,0,0,0
40_001154.wav,train,0,1,0,0,0,0,0,0
40_001162.wav,train,0,1,0,0,0,0,0,0
40_001166.wav,train,1,0,0,0,1,0,0,0
40_001171.wav,train,0,0,0,0,0,0,0,0
40_001174.wav,train,0,1,0,0,0,0,0,0
40_001178.wav,train,0,0,0,0,0,0,0,0
40_001183.wav,train,0,0,0,0,0,0,0,0
40_001188.wav,train,0,0,0,0,0,0,0,0
40_001193.wav,train,0,0,0,0,1,0,0,0
40_001198.wav,train,1,1,0,0,1,0,0,0
40_001205.wav,train,0,0,0,0,0,0,0,0
40_001206.wav,train,0,1,0,0,0,0,0,0
40_001208.wav,train,0,0,0,0,0,0,0,0
40_001209.wav,train,1,0,0,0,0,0,0,0
40_001211.wav,train,0,1,0,0,0,0,0,0
40_001215.wav,train,0,0,1,0,0,0,0,0
40_001226.wav,train,0,0,0,0,0,0,0,0
40_001228.wav,train,0,1,0,0,0,0,0,0
40_001233.wav,train,1,0,0,0,0,0,0,0
40_001240.wav,train,0,0,0,0,1,0,0,0
40_001243.wav,train,1,0,0,0,0,0,0,0
40_001244.wav,train,0,1,0,0,0,0,0,0
40_001247.wav,train,0,0,0,0,0,0,0,0
40_001248.wav,train,0,0,1,0,0,0,0,0
40_001253.wav,train,0,1,0,0,0,0,0,0
40_001255.wav,train,0,1,0,0,0,0,0,0
40_001256.wav,train,0,0,0,0,0,0,1,0
40_001258.wav,train,0,0,0,0,0,0,0,0
40_001259.wav,train,0,1,0,0,0,0,0,0
40_001264.wav,train,0,0,0,0,0,1,0,0
40_001270.wav,train,1,0,0,0,0,0,0,0
40_001274.wav,train,0,0,0,0,0,0,0,0
40_001281.wav,train,0,0,0,0,0,1,0,0
40_001283.wav,train,1,0,0,0,0,0,0,0
40_001285.wav,train,0,1,0,0,0,0,0,0
40_001286.wav,train,1,0,0,0,0,0,0,0
40_001298.wav,train,0,1,0,0,1,0,0,0
40_001302.wav,train,0,1,0,0,0,0,0,0
40_001306.wav,train,0,0,0,0,0,0,0,0
40_001309.wav,train,0,1,0,0,0,0,0,0
40_001313.wav,train,1,0,0,0,0,0,0,0
40_001322.wav,train,0,0,0,0,0,0,1,0
40_001324.wav,train,1,0,0,0,1,0,0,0
40_001326.wav,train,0,1,0,0,1,0,0,0
40_001330.wav,train,0,0,0,0,0,0,0,0
40_001333.wav,train,0,0,0,0,1,0,0,0
40_001334.wav,train,0,1,0,0,0,0,0,0
40_001338.wav,train,1,1,0,0,0,0,0,0
40_001345.wav,train,1,0,0,0,0,0,0,0
40_001346.wav,train,1,0,0,0,0,0,0,0
40_001354.wav,train,0,0,0,0,1,0,0,0
40_001358.wav,train,0,0,0,0,0,0,0,0
40_001365.wav,train,0,0,0,0,1,0,0,0
40_001366.wav,train,1,0,0,0,1,0,0,0
40_001368.wav,train,0,0,0,0,1,0,0,0
40_001376.wav,train,1,0,0,0,0,0,0,0
40_001382.wav,train,0,0,0,0,0,0,1,0
40_001395.wav,train,0,0,0,0,0,0,0,0
40_001397.wav,train,0,0,0,0,0,0,0,0
40_001400.wav,train,0,0,0,0,0,0,0,0
40_001401.wav,train,0,0,0,0,0,0,0,0
40_001402.wav,train,0,0,1,0,0,0,0,0
40_001409.wav,train,0,0,0,0,0,0,0,0
40_001411.wav,train,0,0,0,0,0,0,0,0
40_001413.wav,train,0,0,0,0,1,0,0,0
40_001417.wav,train,1,1,0,0,0,0,0,0
40_001421.wav,train,0,0,0,0,0,0,0,0
40_001422.wav,train,0,0,0,0,0,0,0,0
40_001423.wav,train,0,0,0,0,0,0,0,0
40_001425.wav,train,0,0,0,0,0,0,0,0
40_001426.wav,train,0,1,0,0,1,0,0,0
40_001431.wav,train,0,0,0,0,0,0,0,0
40_001432.wav,train,0,0,0,0,0,0,0,0
40_001433.wav,train,1,0,0,0,0,0,0,0
40_001437.wav,train,0,0,0,0,0,0,0,0
40_001447.wav,train,0,0,0,0,0,0,0,0
40_001456.wav,train,0,0,0,0,1,0,0,0
40_001465.wav,train,0,1,0,0,0,0,0,0
40_001466.wav,train,0,0,0,0,0,1,0,0
40_001467.wav,train,0,0,0,0,0,0,0,0
40_001468.wav,train,1,0,0,0,0,0,0,0
40_001472.wav,train,0,0,0,0,0,0,0,0
40_001477.wav,train,0,1,0,0,0,0,0,0
40_001479.wav,train,0,1,0,0,0,0,0,0
40_001481.wav,train,0,0,0,0,0,0,0,0
40_001484.wav,train,0,0,0,0,0,0,0,0
40_001485.wav,train,0,0,0,0,0,0,1,0
40_001490.wav,train,0,0,0,0,0,0,0,0
40_001494.wav,train,0,0,1,0,0,0,0,0
40_001497.wav,train,1,0,0,0,0,0,0,0
40_001499.wav,train,0,0,0,0,0,0,0,0
40_001502.wav,train,1,0,0,0,0,0,0,0
40_001505.wav,train,0,0,0,0,0,0,0,0
40_001506.wav,train,0,0,0,0,0,0,0,0
40_001510.wav,train,0,0,0,0,0,0,0,0
40_001517.wav,train,0,1,0,0,0,0,0,0
40_001519.wav,train,0,0,0,0,0,0,0,0
40_001526.wav,train,0,1,0,0,0,0,0,0
40_001529.wav,train,0,0,0,0,0,0,0,0
40_001544.wav,train,0,0,0,0,0,0,0,0
40_001549.wav,train,0,0,0,0,0,0,0,0
40_001551.wav,train,1,0,0,0,0,0,0,0
40_001566.wav,train,1,0,0,0,0,0,0,0
40_001567.wav,train,0,0,0,0,1,0,0,0
40_001569.wav,train,0,0,0,0,0,0,0,0
40_001570.wav,train,1,0,0,0,0,0,0,0
40_001575.wav,train,1,0,0,0,1,0,0,0
40_001579.wav,train,0,1,0,0,0,0,0,0
40_001595.wav,train,0,0,0,0,1,0,0,0
40_001596.wav,train,0,0,0,0,0,0,0,0
40_001600.wav,train,0,0,0,0,0,0,0,0
40_001601.wav,train,0,0,0,0,0,0,0,0
40_001605.wav,train,0,0,0,0,0,0,0,0
40_001608.wav,train,0,0,0,0,0,0,0,0
40_001617.wav,train,0,0,0,0,0,0,0,0
40_001622.wav,train,0,1,0,0,0,0,0,0
40_001636.wav,train,1,1,0,0,0,0,0,0
40_001637.wav,train,0,0,0,0,0,0,0,0
40_001638.wav,train,0,1,0,0,0,0,0,0
40_001645.wav,train,0,0,0,0,0,0,1,0
40_001661.wav,train,0,0,0,0,0,0,0,0
40_001679.wav,train,1,0,0,0,0,0,0,0
40_001683.wav,train,0,0,0,0,0,0,0,0
40_001685.wav,train,1,0,0,0,0,0,0,0
40_001689.wav,train,0,0,0,0,0,0,0,0
40_001693.wav,train,1,0,0,0,1,0,0,0
40_001695.wav,train,0,0,0,0,0,0,0,0
40_001700.wav,train,0,0,0,0,0,0,0,0
40_001703.wav,train,0,0,0,0,1,0,0,0
40_001709.wav,train,0,0,0,0,0,0,0,0
40_001715.wav,train,0,0,0,0,1,0,0,0
40_001716.wav,train,0,0,0,0,0,0,0,0
40_001734.wav,train,0,0,0,0,0,0,0,0
40_001737.wav,train,0,0,0,0,0,0,0,0
40_001741.wav,train,0,0,0,0,0,0,0,0
40_001742.wav,train,0,0,0,0,0,0,0,0
40_001748.wav,train,1,0,0,0,0,0,0,0
40_001753.wav,train,0,0,0,0,1,0,0,0
40_001755.wav,train,0,0,0,0,0,0,0,0
40_001761.wav,train,0,0,0,0,0,0,0,0
40_001768.wav,train,0,0,0,0,0,0,0,0
40_001774.wav,train,0,0,0,0,1,0,0,0
40_001775.wav,train,1,0,0,0,0,0,0,0
40_001776.wav,train,0,0,0,0,0,0,0,0
40_001780.wav,train,0,0,0,0,0,0,0,0
40_001783.wav,train,0,0,0,0,0,0,0,0
40_001784.wav,train,1,0,0,0,0,0,0,0
40_001792.wav,train,0,0,0,0,0,0,0,0
40_001795.wav,train,0,0,1,0,1,0,0,0
40_001798.wav,train,0,1,0,0,0,0,0,0
40_001801.wav,train,1,0,0,0,0,0,0,0
40_001806.wav,train,0,0,0,0,0,0,0,0
40_001816.wav,train,1,0,0,0,0,0,0,0
40_001817.wav,train,0,0,0,0,0,0,0,0
40_001824.wav,train,0,0,0,0,0,0,0,0
40_001825.wav,train,0,0,0,0,0,0,0,0
40_001826.wav,train,1,0,0,0,0,0,0,0
40_001828.wav,train,1,0,0,0,1,0,0,0
40_001829.wav,train,1,1,0,0,0,0,0,0
40_001852.wav,train,0,0,0,0,1,0,0,0
40_001856.wav,train,1,0,0,0,0,0,0,0
40_001861.wav,train,0,0,0,0,0,0,0,0
40_001871.wav,train,1,0,0,0,0,0,0,0
40_001872.wav,train,0,0,0,0,0,0,0,0
40_001878.wav,train,0,0,0,0,1,0,0,0
40_001884.wav,train,0,1,0,0,0,0,0,0
40_001890.wav,train,0,0,0,0,0,0,0,0
40_001891.wav,train,0,0,0,0,0,0,0,0
40_001892.wav,train,0,0,0,0,0,0,0,0
40_001900.wav,train,0,0,0,0,1,0,0,0
40_001908.wav,train,0,0,0,0,0,0,0,0
40_001914.wav,train,0,0,0,0,0,0,0,0
40_001925.wav,train,0,0,0,0,0,0,0,0
40_001931.wav,train,1,0,0,0,0,0,0,0
40_001937.wav,train,0,0,0,0,0,0,0,0
40_001943.wav,train,1,1,0,0,1,0,0,0
40_001947.wav,train,0,0,0,0,0,0,0,0
40_001949.wav,train,0,1,0,0,0,0,0,0
40_001951.wav,train,1,0,0,0,0,0,0,0
40_001958.wav,train,0,0,0,0,0,0,0,0
40_001960.wav,train,0,0,0,0,0,0,0,0
40_001963.wav,train,0,0,0,0,0,0,0,0
40_001975.wav,train,0,0,0,0,0,0,0,0
40_001976.wav,train,0,1,0,0,0,0,0,0
40_001983.wav,train,0,0,0,0,0,0,0,0
40_001990.wav,train,1,0,0,0,0,0,0,0
40_001995.wav,train,1,0,0,0,0,0,0,0
40_001996.wav,train,0,0,0,0,0,0,0,0
40_001998.wav,train,1,0,0,0,0,0,0,0
40_001999.wav,train,0,0,0,0,0,0,0,0
40_002000.wav,train,0,0,0,0,0,0,0,0
40_002003.wav,train,0,1,0,0,0,0,0,0
40_002004.wav,train,0,0,0,0,1,0,0,0
40_002013.wav,train,0,0,0,0,0,0,0,0
40_002017.wav,train,0,0,0,0,0,0,0,0
40_002025.wav,train,0,0,0,0,0,0,0,0
40_002027.wav,train,1,0,0,0,0,0,0,0
40_002032.wav,train,1,0,0,0,0,0,0,0
40_002044.wav,train,0,0,0,0,0,0,0,0
40_002046.wav,train,0,0,0,0,0,0,1,0
40_002050.wav,train,1,0,0,0,0,0,0,0
40_002054.wav,train,1,0,0,0,0,0,0,0
40_002059.wav,train,0,0,0,0,1,0,0,0
40_002062.wav,train,0,0,0,0,0,0,0,0
40_002077.wav,train,0,0,0,0,0,0,0,0
40_002081.wav,train,0,0,0,0,0,0,0,0
40_002095.wav,train,0,0,0,0,0,0,0,0
40_002098.wav,train,0,0,0,0,0,0,0,0
40_002105.wav,train,0,0,0,0,0,0,0,0
40_002113.wav,train,0,0,0,0,0,0,0,0
40_002123.wav,train,0,0,0,0,0,0,0,0
40_002124.wav,train,0,0,0,0,0,0,0,0
40_002125.wav,train,0,0,0,0,0,0,0,0
40_002129.wav,train,0,1,0,0,0,0,0,0
40_002132.wav,train,0,0,0,0,0,0,0,0
40_002133.wav,train,0,0,0,0,0,0,0,0
40_002138.wav,train,1,0,0,0,0,0,0,0
40_002148.wav,train,1,0,0,0,0,0,0,0
40_002151.wav,train,0,0,0,0,1,0,1,0
40_002156.wav,train,0,0,0,0,0,0,0,0
40_002158.wav,train,0,1,0,0,0,0,0,0
40_002159.wav,train,0,1,0,0,0,0,0,0
40_002174.wav,train,0,0,0,0,0,0,0,0
40_002178.wav,train,0,0,0,0,0,0,0,0
40_002179.wav,train,0,0,0,0,0,0,0,0
40_002184.wav,train,0,0,0,0,0,0,0,0
40_002187.wav,train,0,1,0,0,0,0,0,0
40_002191.wav,train,0,0,0,0,0,0,0,0
40_002192.wav,train,0,0,0,0,0,0,0,0
40_002197.wav,train,0,1,0,0,0,0,0,0
40_002198.wav,train,0,1,0,0,0,0,0,0
40_002202.wav,train,0,0,0,0,0,0,0,0
40_002204.wav,train,1,0,0,0,0,0,0,0
40_002205.wav,train,1,0,0,0,0,0,0,0
40_002206.wav,train,1,0,0,0,0,0,0,0
40_002208.wav,train,0,0,0,0,0,0,0,0
40_002210.wav,train,0,0,0,0,0,0,0,0
40_002211.wav,train,0,0,0,0,0,0,0,0
40_002212.wav,train,0,0,0,0,0,0,0,0
40_002216.wav,train,0,1,0,0,0,0,0,0
40_002217.wav,train,0,0,0,0,0,0,0,0
40_002218.wav,train,1,0,0,0,1,0,0,0
40_002220.wav,train,0,0,0,0,1,0,0,0
40_002223.wav,train,0,0,0,0,0,0,0,0
40_002230.wav,train,0,0,0,0,0,0,1,0
40_002231.wav,train,0,0,0,0,0,0,0,0
40_002234.wav,train,0,0,0,0,0,0,0,0
40_002236.wav,train,0,0,0,0,0,0,0,0
40_002250.wav,train,0,0,0,0,1,0,0,0
40_002251.wav,train,0,0,0,0,0,0,0,0
40_002254.wav,train,1,0,0,0,0,0,0,0
40_002260.wav,train,1,0,0,0,0,0,0,0
40_002262.wav,train,1,0,0,0,0,0,0,0
40_002264.wav,train,0,1,0,0,0,0,0,0
40_002267.wav,train,0,0,0,0,0,0,0,0
40_002270.wav,train,0,0,0,0,0,0,0,0
40_002271.wav,train,0,0,0,0,0,0,0,0
40_002281.wav,train,0,0,0,0,0,0,0,0
40_002284.wav,train,0,1,0,0,0,0,0,0
40_002289.wav,train,0,0,0,0,0,0,0,0
40_002291.wav,train,1,0,0,0,0,0,0,0
40_002302.wav,train,0,1,0,0,0,0,0,0
40_002311.wav,train,0,0,0,0,0,0,0,0
40_002314.wav,train,0,0,0,0,0,0,0,0
40_002317.wav,train,1,0,0,0,0,0,0,0
40_002327.wav,train,0,1,0,0,0,0,0,0
40_002328.wav,train,1,0,0,0,0,0,0,0
40_002330.wav,train,0,0,0,0,0,0,0,0
40_002333.wav,train,1,0,0,0,0,0,0,0
40_002336.wav,train,0,0,1,0,0,0,0,0
40_002341.wav,train,0,0,0,0,0,0,0,0
40_002342.wav,train,0,0,0,0,0,0,0,0
40_002344.wav,train,0,0,0,0,0,0,0,0
40_002345.wav,train,1,0,0,0,0,0,0,0
40_002346.wav,train,0,1,0,0,0,0,0,0
40_002359.wav,train,1,0,0,0,0,0,0,0
40_002360.wav,train,0,0,0,0,0,0,0,0
40_002362.wav,train,0,1,0,0,0,0,0,0
40_002366.wav,train,0,0,0,0,0,0,0,0
40_002369.wav,train,0,0,0,0,1,0,0,0
40_002370.wav,train,1,0,0,0,0,0,0,0
40_002376.wav,train,0,0,0,0,0,0,0,0
40_002385.wav,train,0,0,0,0,1,0,0,0
40_002386.wav,train,1,0,0,0,0,0,0,0
40_002393.wav,train,0,0,0,0,0,0,0,0
40_002394.wav,train,0,0,0,0,0,0,0,0
40_002396.wav,train,0,0,0,0,0,0,0,0
40_002397.wav,train,0,1,0,0,0,0,0,0
40_002398.wav,train,0,1,0,0,0,0,0,0
40_002408.wav,train,1,0,0,0,0,0,0,0
40_002414.wav,train,0,0,0,0,0,0,0,0
40_002425.wav,train,0,0,0,0,0,0,0,0
40_002426.wav,train,0,0,0,0,0,0,0,0
40_002428.wav,train,0,0,0,0,1,0,0,0
40_002432.wav,train,0,1,0,0,0,0,0,0
40_002440.wav,train,0,0,0,0,0,0,0,0
40_002443.wav,train,0,0,0,0,0,0,0,0
40_002454.wav,train,0,0,0,0,0,0,0,0
40_002461.wav,train,0,1,0,0,0,0,0,0
40_002462.wav,train,1,0,0,0,0,0,0,0
40_002463.wav,train,0,0,0,0,0,0,0,0
40_002483.wav,train,0,0,0,0,0,0,0,0
40_002493.wav,train,0,0,0,0,0,0,0,0
40_002499.wav,train,0,0,0,0,1,0,0,0
40_002501.wav,train,0,0,0,0,0,0,0,0
40_002504.wav,train,0,0,0,0,0,0,0,0
40_002508.wav,train,0,0,0,0,0,0,0,0
40_002510.wav,train,0,0,0,0,0,0,0,0
40_002511.wav,train,0,1,0,0,0,0,0,0
40_002516.wav,train,0,0,0,0,0,0,0,0
40_002523.wav,train,1,0,0,0,1,0,0,0
40_002528.wav,train,0,0,0,0,0,0,0,0
40_002529.wav,train,0,0,0,0,0,0,0,0
40_002545.wav,train,1,0,0,0,0,0,0,0
40_002546.wav,train,1,0,0,0,0,0,0,0
40_002552.wav,train,0,0,0,0,1,0,0,0
40_002558.wav,train,1,0,0,0,0,0,0,0
40_002560.wav,train,0,0,0,0,0,0,0,0
40_002564.wav,train,0,0,0,0,0,0,0,0
40_002568.wav,train,0,0,0,0,0,0,0,0
40_002575.wav,train,0,0,0,0,0,0,0,0
40_002583.wav,train,0,1,0,0,0,0,0,0
40_002586.wav,train,0,0,0,0,1,0,0,0
40_002589.wav,train,0,0,0,0,0,0,0,0
40_002592.wav,train,1,0,0,0,0,0,0,0
40_002597.wav,train,0,0,0,0,0,0,0,0
40_002598.wav,train,0,0,0,0,0,0,0,0
40_002603.wav,train,0,0,0,0,0,0,0,0
40_002605.wav,train,1,0,0,0,0,0,0,0
40_002610.wav,train,0,0,0,0,0,0,0,0
40_002612.wav,train,1,0,0,0,0,0,0,0
40_002617.wav,train,0,0,0,0,0,0,0,0
40_002619.wav,train,0,0,0,0,0,0,0,0
40_002628.wav,train,0,0,0,0,0,0,0,0
40_002629.wav,train,0,0,0,0,0,0,0,0
40_002630.wav,train,0,0,0,0,0,0,0,0
40_002635.wav,train,0,0,1,0,0,0,0,0
40_002638.wav,train,0,0,0,0,0,0,0,0
40_002639.wav,train,0,0,0,0,0,0,0,0
40_002642.wav,train,0,0,0,0,0,0,0,0
40_002643.wav,train,0,0,0,0,0,0,0,0
40_002660.wav,train,0,0,0,0,1,0,0,0
40_002667.wav,train,0,0,0,0,0,0,0,0
40_002671.wav,train,1,0,0,0,1,0,0,0
40_002678.wav,train,0,0,0,0,0,0,0,0
40_002683.wav,train,0,0,0,0,0,0,0,0
40_002689.wav,train,0,0,0,0,0,0,0,0
40_002692.wav,train,0,0,0,0,0,0,0,0
40_002693.wav,train,1,0,0,0,0,0,0,0
40_002694.wav,train,0,0,0,0,0,0,0,0
40_002699.wav,train,0,0,0,0,0,0,0,0
40_002706.wav,train,1,0,0,0,0,0,0,0
40_002708.wav,train,0,1,0,0,0,0,0,0
40_002720.wav,train,0,0,0,0,0,0,0,0
40_002721.wav,train,0,0,0,0,0,0,0,0
40_002726.wav,train,0,0,0,0,0,0,0,0
40_002734.wav,train,1,0,0,0,0,0,0,0
40_002737.wav,train,0,0,0,0,0,0,0,0
40_002739.wav,train,0,1,0,0,0,0,0,0
40_002741.wav,train,1,0,0,0,0,0,0,0
40_002745.wav,train,0,0,0,0,0,0,0,0
40_002746.wav,train,0,0,0,0,0,0,0,0
40_002750.wav,train,0,0,0,0,0,0,0,0
40_002761.wav,train,0,0,0,0,0,0,0,0
40_002762.wav,train,0,1,0,0,0,0,0,0
40_002771.wav,train,0,0,0,0,0,0,0,0
40_002780.wav,train,0,0,0,0,0,0,0,0
40_002781.wav,train,0,0,0,0,0,0,0,0
40_002782.wav,train,0,0,0,0,1,0,0,0
40_002783.wav,train,1,0,0,0,0,0,0,0
40_002785.wav,train,0,0,0,0,0,0,0,0
40_002787.wav,train,0,0,0,0,0,0,0,0
40_002788.wav,train,0,0,0,0,0,0,0,0
40_002789.wav,train,0,0,0,0,1,0,0,0
40_002801.wav,train,0,0,0,0,0,0,0,0
40_002807.wav,train,1,0,0,0,0,0,0,0
40_002815.wav,train,0,0,0,0,0,0,0,0
40_002818.wav,train,0,0,0,0,0,0,0,0
40_002826.wav,train,1,0,0,0,0,0,0,0
40_002843.wav,train,0,0,0,0,0,0,0,0
40_002854.wav,train,0,0,0,0,0,0,0,0
40_002855.wav,train,0,0,0,0,0,0,0,0
40_002856.wav,train,0,0,0,0,0,0,0,0
40_002859.wav,train,1,0,0,0,0,0,0,0
40_002868.wav,train,0,0,0,0,0,0,0,0
40_002874.wav,train,0,0,0,0,0,0,0,0
40_002878.wav,train,0,1,0,0,0,0,0,0
40_002887.wav,train,0,0,0,0,0,0,0,0
40_002889.wav,train,0,0,0,0,0,0,0,0
40_002895.wav,train,0,0,0,0,0,0,0,0
40_002901.wav,train,1,0,0,0,0,0,0,0
40_002912.wav,train,0,0,0,0,0,0,0,0
40_002913.wav,train,0,0,0,0,0,0,0,0
40_002914.wav,train,1,0,0,0,0,0,0,0
40_002919.wav,train,0,1,0,0,0,0,0,0
40_002920.wav,train,0,0,0,0,0,0,1,0
40_002923.wav,train,1,0,0,0,1,0,0,0
40_002924.wav,train,0,0,0,0,0,0,0,0
40_002928.wav,train,0,0,0,0,0,0,0,0
40_002932.wav,train,0,0,0,0,0,0,0,0
40_002943.wav,train,0,1,0,0,0,0,0,0
40_002948.wav,train,0,0,0,0,0,0,0,0
40_002949.wav,train,0,0,0,0,0,0,0,0
40_002956.wav,train,0,0,0,0,0,0,1,0
40_002967.wav,train,0,0,0,0,0,0,0,0
40_002969.wav,train,1,0,0,0,0,0,0,0
40_002970.wav,train,0,0,0,0,0,0,0,0
40_002973.wav,train,0,1,0,0,0,0,0,0
40_002982.wav,train,1,0,0,0,0,0,0,0
40_002987.wav,train,1,0,0,0,0,0,0,0
40_002988.wav,train,0,0,0,0,0,0,0,0
40_002994.wav,train,0,0,0,0,0,0,0,0
40_002995.wav,train,0,0,0,0,0,0,0,0
40_002998.wav,train,1,0,0,0,0,0,0,0
40_002999.wav,train,1,0,0,0,0,0,0,0
40_003000.wav,train,0,0,0,0,0,0,0,0
40_003002.wav,train,1,0,0,0,1,0,0,0
40_003003.wav,train,1,0,0,0,0,0,0,0
40_003005.wav,train,0,0,0,0,0,0,0,0
40_003006.wav,train,0,0,0,0,0,0,0,0
40_003017.wav,train,0,1,0,0,0,0,0,0
40_003019.wav,train,1,0,0,0,0,0,0,0
40_003021.wav,train,1,0,0,0,1,0,0,0
40_003023.wav,train,1,0,0,0,0,0,0,0
40_003027.wav,train,0,0,0,0,0,0,0,0
40_003029.wav,train,0,0,0,0,0,0,0,0
40_003031.wav,train,0,0,0,0,0,0,0,0
40_003036.wav,train,0,0,0,0,0,0,0,0
40_003038.wav,train,0,0,0,0,0,0,0,0
40_003048.wav,train,0,0,0,0,0,0,1,0
40_003049.wav,train,0,0,0,0,0,0,0,0
40_003051.wav,train,0,0,0,0,1,0,0,0
40_003054.wav,train,0,0,0,0,0,0,0,0
40_003055.wav,train,1,0,0,0,0,0,0,0
40_003067.wav,train,0,0,0,0,0,0,0,0
40_003070.wav,train,0,0,0,0,1,0,0,0
40_003071.wav,train,0,0,0,0,0,0,0,0
40_003074.wav,train,0,0,0,0,0,0,0,0
40_003075.wav,train,0,0,0,0,0,1,0,0
40_003077.wav,train,0,0,0,0,0,0,0,0
40_003080.wav,train,1,0,0,0,0,0,0,0
40_003090.wav,train,0,0,0,0,0,0,0,0
40_003091.wav,train,0,0,0,0,0,0,0,0
40_003097.wav,train,1,0,0,0,0,0,0,0
40_003098.wav,train,0,0,0,0,0,0,0,0
40_003112.wav,train,0,0,0,0,0,0,0,0
40_003119.wav,train,0,0,0,0,0,0,0,0
40_003123.wav,train,1,0,0,0,0,0,0,0
40_003124.wav,train,1,0,0,0,0,0,0,0
40_003137.wav,train,1,1,0,0,0,0,0,0
40_003141.wav,train,1,0,0,0,0,0,0,0
40_003144.wav,train,1,0,0,0,0,0,0,0
40_003145.wav,train,0,0,0,0,0,0,0,0
40_003150.wav,train,0,0,0,0,0,0,0,0
40_003155.wav,train,1,0,0,0,0,0,0,0
40_003156.wav,train,0,0,0,0,1,0,0,0
40_003157.wav,train,0,0,0,0,0,0,0,0
40_003159.wav,train,1,0,0,0,0,0,0,0
40_003160.wav,train,0,1,0,0,0,0,0,0
40_003169.wav,train,1,0,0,0,0,0,0,0
40_003171.wav,train,1,0,0,0,0,0,0,0
40_003172.wav,train,0,1,0,0,0,0,0,0
40_003176.wav,train,0,0,0,0,0,0,0,0
40_003179.wav,train,0,0,0,0,1,0,0,0
40_003183.wav,train,0,0,0,0,0,0,0,0
40_003189.wav,train,0,0,0,0,0,0,0,0
40_003193.wav,train,0,0,0,0,0,0,0,0
40_003197.wav,train,0,0,0,0,0,0,0,0
40_003198.wav,train,1,0,0,0,0,0,0,0
40_003206.wav,train,0,0,0,0,0,0,0,0
40_003209.wav,train,0,0,0,0,0,0,0,0
40_003212.wav,train,0,0,0,0,0,0,0,0
40_003214.wav,train,1,0,0,0,0,0,0,0
40_003217.wav,train,0,0,0,0,0,0,0,0
40_003229.wav,train,1,0,0,1,0,0,0,0
40_003236.wav,train,0,0,0,0,0,0,0,0
40_003249.wav,train,0,0,0,0,0,0,0,0
40_003250.wav,train,1,0,0,0,0,0,0,0
40_003258.wav,train,0,0,0,0,1,0,0,0
40_003260.wav,train,1,0,0,0,0,0,0,0
40_003267.wav,train,0,0,0,0,0,0,0,0
40_003270.wav,train,0,1,0,0,0,0,0,0
40_003282.wav,train,0,1,0,0,0,0,0,0
40_003284.wav,train,1,0,0,0,0,0,0,0
40_003286.wav,train,0,1,0,0,0,0,0,0
40_003310.wav,train,0,0,0,0,0,0,0,0
40_003311.wav,train,0,0,0,0,1,0,1,0
40_003314.wav,train,1,0,0,0,0,0,0,0
40_003330.wav,train,0,0,0,0,0,0,0,0
40_003335.wav,train,0,0,0,0,0,0,0,0
40_003336.wav,train,0,0,0,0,0,0,0,0
40_003339.wav,train,0,0,0,0,0,0,0,0
40_003342.wav,train,1,0,0,0,1,0,0,0
40_003344.wav,train,1,0,0,0,0,0,0,0
40_003347.wav,train,1,0,0,0,0,0,0,0
40_003356.wav,train,0,0,0,0,0,0,0,0
40_003363.wav,train,0,0,0,0,1,0,0,0
40_003369.wav,train,1,0,0,0,1,0,0,0
40_003370.wav,train,0,1,0,0,0,0,0,0
40_003382.wav,train,0,0,0,0,0,0,0,0
40_003383.wav,train,0,1,0,0,0,0,0,0
40_003385.wav,train,0,0,0,0,1,0,0,0
40_003395.wav,train,0,0,0,0,0,0,0,0
40_003397.wav,train,1,0,0,0,1,0,0,0
40_003400.wav,train,0,1,0,0,1,0,0,0
40_003402.wav,train,1,0,0,0,0,0,0,0
40_003412.wav,train,0,0,0,0,0,0,0,0
40_003417.wav,train,1,0,0,0,0,0,0,0
40_003418.wav,train,1,0,0,0,0,0,0,0
40_003419.wav,train,0,0,0,0,0,0,0,0
40_003422.wav,train,0,0,0,0,0,0,0,0
40_003426.wav,train,1,0,0,0,0,0,0,0
40_003427.wav,train,1,0,0,0,1,0,0,0
40_003431.wav,train,0,1,0,0,1,0,0,0
40_003432.wav,train,0,0,0,0,0,0,0,0
40_003434.wav,train,0,0,0,0,0,0,0,0
40_003440.wav,train,0,1,0,0,0,0,0,0
40_003442.wav,train,0,0,0,0,0,0,0,0
40_003447.wav,train,0,0,0,0,0,0,0,0
40_003451.wav,train,1,0,0,0,0,0,0,0
40_003454.wav,train,0,0,0,0,0,0,0,0
40_003462.wav,train,0,0,0,0,0,0,0,0
40_003465.wav,train,0,1,0,0,0,0,0,0
40_003467.wav,train,0,0,0,0,0,0,0,0
40_003469.wav,train,1,0,0,0,0,0,0,0
40_003471.wav,train,1,1,0,0,0,0,0,0
40_003483.wav,train,0,0,0,0,1,0,0,0
40_003491.wav,train,0,0,0,0,0,0,1,0
40_003493.wav,train,1,0,0,0,0,0,0,0
40_003503.wav,train,0,0,0,0,0,0,0,0
40_003506.wav,train,0,0,0,0,1,0,0,0
40_003510.wav,train,0,1,0,0,0,0,0,0
40_003512.wav,train,0,0,0,0,0,0,0,0
40_003514.wav,train,1,0,0,0,0,0,0,0
40_003515.wav,train,0,0,0,0,0,0,0,0
40_003521.wav,train,1,0,0,0,1,0,0,0
40_003527.wav,train,0,0,0,0,0,0,0,0
40_003531.wav,train,0,1,0,0,0,0,0,0
40_003542.wav,train,0,0,0,0,0,0,0,0
40_003545.wav,train,0,0,0,0,0,0,0,0
40_003550.wav,train,0,0,0,0,0,0,0,0
40_003560.wav,train,0,0,0,0,1,0,0,0
40_003563.wav,train,0,0,0,0,0,0,0,0
40_003564.wav,train,0,0,0,0,0,0,0,0
40_003568.wav,train,1,0,0,0,0,0,0,0
40_003575.wav,train,0,0,0,0,0,0,0,0
40_003577.wav,train,1,0,0,0,0,0,0,0
40_003580.wav,train,0,0,0,0,0,0,0,0
40_003590.wav,train,0,0,1,0,0,0,1,0
40_003593.wav,train,1,1,0,0,0,0,0,0
40_003595.wav,train,0,1,0,0,0,0,0,0
40_003602.wav,train,0,0,0,0,0,0,0,0
40_003611.wav,train,0,1,0,0,0,0,0,0
40_003615.wav,train,0,0,0,0,0,0,0,0
40_003616.wav,train,0,0,0,0,0,0,0,0
40_003617.wav,train,0,0,0,0,0,0,0,0
40_003618.wav,train,0,0,0,0,1,0,0,0
40_003619.wav,train,0,0,0,0,0,0,0,0
40_003620.wav,train,1,0,0,0,0,0,0,0
40_003622.wav,train,0,1,0,0,0,0,0,0
40_003623.wav,train,0,0,0,0,1,0,0,0
40_003636.wav,train,1,0,1,0,1,0,0,0
40_003637.wav,train,0,0,0,0,0,0,0,0
40_003651.wav,train,0,0,0,0,0,0,0,0
40_003654.wav,train,0,0,0,0,0,0,0,0
40_003662.wav,train,1,0,0,0,0,0,0,0
40_003674.wav,train,0,0,0,0,0,0,0,0
40_003683.wav,train,1,0,0,0,0,0,0,0
40_003685.wav,train,1,0,0,0,0,0,0,0
40_003686.wav,train,0,0,0,0,1,0,0,0
40_003691.wav,train,0,0,0,0,0,0,0,0
40_003698.wav,train,1,0,0,0,0,0,0,0
40_003702.wav,train,0,1,0,0,0,0,0,0
40_003711.wav,train,0,0,0,0,0,0,0,0
40_003715.wav,train,0,0,0,0,0,0,0,0
40_003717.wav,train,1,0,0,0,0,0,0,0
40_003720.wav,train,0,0,0,0,0,0,0,0
40_003729.wav,train,0,0,0,0,0,0,0,0
40_003730.wav,train,0,0,0,0,0,0,0,0
40_003731.wav,train,0,0,0,0,0,0,0,0
40_003739.wav,train,0,1,0,0,0,0,0,0
40_003744.wav,train,1,0,0,0,1,0,0,0
40_003745.wav,train,1,0,0,0,0,0,0,0
40_003748.wav,train,1,0,0,0,0,0,0,0
40_003752.wav,train,0,0,0,0,0,0,0,0
40_003754.wav,train,1,0,0,0,0,0,0,0
40_003760.wav,train,0,1,0,0,0,0,0,0
40_003764.wav,train,0,0,0,0,0,0,0,0
40_003765.wav,train,0,1,0,0,0,0,0,0
40_003780.wav,train,0,0,0,0,0,0,0,0
40_003786.wav,train,1,0,0,0,0,0,0,0
40_003787.wav,train,1,0,0,0,1,0,0,0
40_003796.wav,train,1,0,0,0,0,0,0,0
40_003810.wav,train,1,0,0,0,0,0,0,0
40_003814.wav,train,1,0,0,0,0,0,0,0
40_003815.wav,train,0,0,0,0,0,0,0,0
40_003821.wav,train,0,0,0,0,0,0,0,0
40_003822.wav,train,1,0,0,0,0,0,0,0
40_003826.wav,train,0,1,0,0,0,0,0,0
40_003827.wav,train,1,0,0,0,0,0,0,0
40_003828.wav,train,1,0,0,0,0,0,0,0
40_003830.wav,train,1,0,0,0,1,0,0,0
40_003831.wav,train,1,0,0,0,0,0,0,0
40_003832.wav,train,1,0,0,0,0,0,0,0
40_003833.wav,train,0,0,0,0,0,0,0,0
40_003838.wav,train,0,1,0,0,0,0,0,0
40_003841.wav,train,1,0,0,0,0,0,0,0
40_003842.wav,train,0,0,0,0,0,0,0,0
40_003843.wav,train,0,0,0,0,1,0,0,0
40_003846.wav,train,1,0,0,0,0,0,0,0
40_003856.wav,train,1,0,0,0,1,0,0,0
40_003863.wav,train,0,0,0,0,0,0,0,0
40_003880.wav,train,0,0,0,0,1,0,0,0
40_003881.wav,train,0,0,0,0,0,0,0,0
40_003883.wav,train,0,0,0,0,0,0,0,0
40_003891.wav,train,1,0,0,0,0,0,0,0
40_003893.wav,train,1,0,1,0,0,0,0,0
40_003894.wav,train,0,0,1,0,1,0,0,0
40_003898.wav,train,0,0,0,0,0,0,0,0
40_003902.wav,train,1,0,0,0,0,0,0,0
40_003903.wav,train,1,0,0,0,0,0,0,0
40_003918.wav,train,0,0,0,0,0,0,0,0
40_003919.wav,train,0,1,0,0,0,0,0,0
40_003926.wav,train,1,0,0,0,1,0,0,0
40_003927.wav,train,1,0,0,0,0,0,0,0
40_003929.wav,train,1,0,0,0,1,0,0,0
40_003930.wav,train,0,0,0,0,0,0,0,0
40_003933.wav,train,0,0,0,0,0,0,0,0
40_003937.wav,train,1,1,0,0,0,0,0,0
40_003938.wav,train,1,0,0,0,0,0,0,0
40_003951.wav,train,1,0,0,0,0,0,0,0
40_003958.wav,train,1,0,0,0,0,0,0,0
40_003960.wav,train,1,0,0,0,0,0,0,0
40_003963.wav,train,0,0,1,0,0,0,0,0
40_003971.wav,train,0,0,0,0,0,0,0,0
40_003973.wav,train,0,0,0,0,0,0,0,0
40_003974.wav,train,1,0,0,0,0,0,0,0
40_003976.wav,train,1,0,0,0,0,0,0,0
40_003977.wav,train,0,1,0,0,0,0,0,0
40_003985.wav,train,0,0,0,0,0,0,0,0
40_003988.wav,train,0,1,0,0,1,0,0,0
40_003989.wav,train,0,1,0,0,0,0,0,0
40_003996.wav,train,0,1,0,0,0,0,0,0
40_004000.wav,train,0,0,0,0,1,0,0,0
40_004001.wav,train,0,0,0,0,0,0,0,0
40_004008.wav,train,0,0,1,0,0,0,0,0
40_004019.wav,train,0,0,0,0,0,0,0,0
40_004020.wav,train,1,0,0,0,0,0,0,0
40_004031.wav,train,1,0,0,0,0,0,0,0
40_004035.wav,train,0,0,0,0,0,0,0,0
40_004037.wav,train,0,0,0,0,0,0,0,0
40_004038.wav,train,0,1,0,0,0,0,0,0
40_004041.wav,train,0,0,0,0,0,0,0,0
40_004056.wav,train,0,0,0,0,0,0,0,0
40_004061.wav,train,0,1,0,0,0,0,1,0
40_004068.wav,train,0,0,1,0,0,0,0,0
40_004074.wav,train,0,0,0,0,0,0,0,0
40_004075.wav,train,0,0,0,0,0,0,0,0
40_004082.wav,train,0,0,0,0,1,0,0,0
40_004085.wav,train,0,0,0,0,0,0,0,0
40_004088.wav,train,1,0,0,0,0,0,0,0
40_004092.wav,train,0,1,0,0,0,0,0,0
40_004100.wav,train,0,0,0,0,0,0,0,0
40_004104.wav,train,1,1,0,0,0,0,0,0
40_004106.wav,train,0,1,0,0,0,0,0,0
40_004134.wav,train,0,0,0,0,0,0,0,0
40_004144.wav,train,1,0,0,0,1,0,0,0
40_004151.wav,train,1,0,0,0,0,0,0,0
40_004156.wav,train,0,1,0,0,0,0,0,0
40_004158.wav,train,0,0,0,0,0,0,0,0
40_004159.wav,train,0,0,0,0,0,0,0,0
40_004162.wav,train,1,0,0,0,1,0,0,0
40_004164.wav,train,0,0,0,0,0,0,0,0
40_004165.wav,train,1,1,0,0,0,0,0,0
40_004166.wav,train,0,0,0,0,0,0,0,0
40_004173.wav,train,0,0,0,0,1,0,0,0
40_004181.wav,train,1,0,0,0,1,0,0,0
40_004184.wav,train,0,0,0,0,1,0,0,0
40_004185.wav,train,0,1,0,0,0,0,0,0
40_004200.wav,train,0,0,0,0,0,0,0,0
40_004201.wav,train,0,0,0,0,0,0,0,0
40_004205.wav,train,0,0,0,1,0,0,0,0
40_004211.wav,train,1,0,0,0,0,0,0,0
40_004213.wav,train,0,0,0,0,0,0,0,0
40_004216.wav,train,0,0,0,0,0,0,0,0
40_004220.wav,train,0,0,0,0,0,0,0,0
40_004229.wav,train,0,1,0,0,0,0,0,0
40_004237.wav,train,0,0,0,0,0,0,0,0
40_004238.wav,train,0,0,0,0,1,0,0,0
40_004239.wav,train,0,0,0,0,0,0,0,0
40_004241.wav,train,0,0,0,0,0,0,0,0
40_004245.wav,train,0,0,0,0,0,0,0,0
40_004246.wav,train,1,0,0,0,0,0,0,0
40_004253.wav,train,0,1,0,0,0,0,0,0
40_004256.wav,train,0,0,0,0,0,0,0,0
40_004261.wav,train,1,0,0,0,1,0,0,0
40_004268.wav,train,0,0,0,0,0,0,0,0
40_004271.wav,train,0,0,0,0,0,0,0,0
40_004272.wav,train,0,0,0,0,0,0,0,0
40_004280.wav,train,0,0,0,0,0,0,0,0
40_004283.wav,train,0,0,0,0,0,0,0,0
40_004294.wav,train,0,0,0,0,0,0,0,0
40_004298.wav,train,0,0,0,0,0,0,0,0
40_004299.wav,train,1,0,0,0,0,0,0,0
40_004302.wav,train,0,0,0,0,0,0,0,0
40_004303.wav,train,0,1,0,0,0,0,0,0
40_004318.wav,train,0,0,0,0,1,0,0,0
40_004332.wav,train,0,0,0,0,0,0,0,0
40_004342.wav,train,0,0,0,0,0,0,0,0
40_004348.wav,train,0,0,0,0,0,0,0,0
40_004352.wav,train,0,1,0,0,0,0,0,0
40_004357.wav,train,0,0,0,0,0,0,0,0
40_004358.wav,train,1,0,0,0,0,0,0,0
40_004359.wav,train,0,0,0,0,1,0,0,0
40_004362.wav,train,0,0,0,0,0,0,1,1
40_004364.wav,train,1,0,0,0,0,0,0,0
40_004371.wav,train,0,0,0,0,0,0,0,0
40_004375.wav,train,0,1,0,0,0,0,0,0
40_004394.wav,train,1,0,0,0,1,0,0,0
40_004395.wav,train,0,1,0,0,0,0,0,0
40_004401.wav,train,0,0,0,0,0,0,0,0
40_004407.wav,train,0,0,0,0,0,0,0,0
40_004411.wav,train,0,0,0,0,0,0,0,0
40_004417.wav,train,0,1,0,0,0,0,0,0
40_004418.wav,train,1,0,0,0,0,0,0,0
40_004424.wav,train,0,0,0,0,0,0,0,0
40_004425.wav,train,0,0,0,0,0,0,0,0
40_004427.wav,train,0,0,0,0,1,0,0,0
40_004435.wav,train,0,1,0,0,0,0,0,0
40_004437.wav,train,0,1,0,0,0,0,0,0
40_004448.wav,train,0,0,0,0,0,0,0,0
40_004454.wav,train,0,1,0,0,0,0,0,0
40_004457.wav,train,1,0,0,0,0,0,0,0
40_004459.wav,train,1,0,0,0,0,0,0,0
40_004461.wav,train,1,0,0,0,1,0,0,0
40_004463.wav,train,0,0,0,0,0,0,0,0
40_004464.wav,train,1,0,0,0,0,0,0,0
40_004465.wav,train,0,1,0,0,0,0,0,0
40_004466.wav,train,1,0,0,0,1,0,0,0
40_004477.wav,train,0,0,0,0,0,0,1,0
40_004479.wav,train,1,0,0,0,0,0,0,0
40_004488.wav,train,1,0,0,0,0,0,0,0
40_004489.wav,train,0,0,0,0,0,0,0,0
40_004497.wav,train,1,0,0,0,0,0,0,0
40_004510.wav,train,0,0,0,0,0,0,0,0
40_004514.wav,train,0,0,0,0,1,0,0,0
40_004517.wav,train,1,0,0,0,0,0,0,0
40_004522.wav,train,0,0,0,0,1,0,0,0
40_004525.wav,train,0,0,0,0,0,0,0,0
40_004532.wav,train,0,0,0,0,0,0,0,0
40_004535.wav,train,0,1,0,0,0,0,0,0
40_004543.wav,train,1,0,0,0,0,0,0,0
40_004545.wav,train,0,1,0,0,0,0,0,0
40_004548.wav,train,0,0,0,0,1,0,1,0
40_004549.wav,train,1,0,0,0,0,0,0,0
40_004558.wav,train,1,0,0,0,0,0,0,0
40_004565.wav,train,0,0,0,0,0,0,0,0
40_004574.wav,train,0,0,0,0,0,0,0,0
40_004575.wav,train,1,0,0,0,0,0,0,0
40_004576.wav,train,1,0,0,0,1,0,0,0
40_004582.wav,train,0,1,0,0,0,0,0,0
40_004585.wav,train,1,0,0,0,1,0,0,0
40_004586.wav,train,0,0,0,1,0,0,0,0
40_004589.wav,train,0,0,0,0,1,0,0,0
40_004596.wav,train,0,0,0,0,0,0,0,0
40_004604.wav,train,0,1,0,0,0,0,0,0
40_004609.wav,train,0,0,0,0,0,0,0,0
40_004610.wav,train,1,0,0,0,0,0,0,0
40_004640.wav,train,0,0,0,0,0,0,0,0
40_004642.wav,train,0,0,0,0,0,0,0,0
40_004644.wav,train,1,1,0,0,0,0,0,0
40_004649.wav,train,1,1,0,0,0,0,0,0
40_004659.wav,train,0,0,0,0,0,0,0,0
40_004662.wav,train,1,0,0,0,0,0,0,0
40_004663.wav,train,0,0,0,0,0,0,0,0
40_004669.wav,train,1,1,1,0,0,0,0,0
40_004670.wav,train,0,0,0,0,0,0,0,0
40_004673.wav,train,0,1,0,0,0,0,0,0
40_004675.wav,train,1,0,0,0,0,0,0,0
40_004676.wav,train,0,0,0,0,0,0,0,0
40_004678.wav,train,1,0,0,0,1,0,0,0
40_004681.wav,train,0,0,0,0,0,0,0,0
40_004683.wav,train,1,0,0,0,0,0,0,0
40_004684.wav,train,0,0,0,0,0,0,0,0
40_004689.wav,train,0,1,0,0,0,0,0,0
40_004692.wav,train,1,0,0,0,0,0,0,0
40_004693.wav,train,0,0,0,0,1,0,0,0
40_004694.wav,train,0,0,0,0,0,0,0,0
40_004699.wav,train,0,0,0,0,0,0,0,0
40_004706.wav,train,0,0,0,0,1,0,0,0
40_004713.wav,train,0,0,0,0,0,0,0,0
40_004714.wav,train,0,0,0,0,0,0,0,0
40_004723.wav,train,0,0,0,0,0,0,0,0
40_004724.wav,train,0,0,0,0,1,0,0,0
40_004727.wav,train,1,0,0,0,0,0,0,0
40_004732.wav,train,0,1,0,0,0,0,0,0
40_004738.wav,train,0,1,0,0,0,0,0,0
40_004740.wav,train,0,0,0,0,0,0,0,0
40_004741.wav,train,0,0,0,0,0,0,0,0
40_004742.wav,train,0,0,0,0,1,0,0,0
40_004745.wav,train,0,0,0,0,0,0,0,0
40_004751.wav,train,1,0,0,0,0,0,0,0
40_004761.wav,train,0,0,0,0,0,0,0,0
40_004762.wav,train,0,1,0,0,0,0,0,0
40_004766.wav,train,1,0,0,0,1,0,0,0
40_004768.wav,train,0,0,0,0,0,0,0,0
40_004776.wav,train,1,0,0,0,0,0,0,0
40_004780.wav,train,0,0,0,0,0,0,0,0
40_004784.wav,train,0,0,0,0,0,0,0,0
40_004787.wav,train,1,0,0,0,0,0,0,0
40_004796.wav,train,1,0,0,0,0,0,0,0
40_004797.wav,train,0,1,0,0,0,0,0,0
40_004804.wav,train,1,0,0,0,0,0,0,0
40_004806.wav,train,1,0,0,0,0,0,0,0
40_004808.wav,train,0,0,1,0,0,0,0,0
40_004811.wav,train,1,0,0,0,0,0,0,0
40_004814.wav,train,0,0,0,0,0,0,0,0
40_004818.wav,train,0,0,0,0,0,0,0,0
40_004822.wav,train,1,0,0,0,0,0,0,0
40_004823.wav,train,0,1,0,0,0,0,0,0
40_004831.wav,train,1,0,0,0,0,0,0,0
40_004837.wav,train,0,1,0,0,1,0,0,0
40_004841.wav,train,1,1,0,0,0,0,0,0
40_004845.wav,train,0,0,0,0,0,0,0,0
40_004848.wav,train,0,0,0,0,0,0,0,0
40_004849.wav,train,0,0,0,0,0,0,0,0
40_004853.wav,train,1,0,0,0,0,0,0,0
40_004858.wav,train,0,0,0,0,0,0,0,0
40_004859.wav,train,1,0,0,0,0,0,0,0
40_004861.wav,train,0,0,0,0,0,0,1,0
40_004864.wav,train,0,1,0,0,0,0,0,0
40_004866.wav,train,0,0,0,0,0,0,0,0
40_004867.wav,train,0,0,0,0,0,0,0,0
40_004868.wav,train,0,1,0,0,0,0,0,0
40_004871.wav,train,0,1,0,0,0,0,0,0
40_004883.wav,train,0,1,0,0,0,0,0,0
40_004889.wav,train,0,0,0,0,0,0,0,0
40_004898.wav,train,0,0,0,0,0,0,0,0
40_004932.wav,train,1,0,0,0,0,0,0,0
40_005156.wav,train,1,0,0,0,0,0,0,0
40_005284.wav,train,0,0,0,0,0,0,0,0
40_005341.wav,train,0,0,0,0,0,0,0,0
40_005350.wav,train,0,1,0,0,0,0,0,0
40_005465.wav,train,1,0,0,0,0,0,1,0
40_005509.wav,train,1,0,0,0,1,0,0,0
40_005754.wav,train,0,1,0,0,0,0,0,0
40_005920.wav,train,1,0,0,0,0,0,0,0
40_006063.wav,train,0,0,0,0,0,0,0,0
40_006376.wav,train,0,0,0,0,0,0,0,0
40_006421.wav,train,1,0,0,0,0,0,0,0
40_006519.wav,train,0,1,0,0,0,0,0,0
40_006551.wav,train,1,0,0,0,0,0,0,0
40_006735.wav,train,0,0,0,0,0,1,0,0
40_007025.wav,train,0,0,0,0,0,0,0,0
40_007119.wav,train,0,0,0,0,0,1,0,0
40_007162.wav,train,1,0,0,0,0,0,0,0
40_007212.wav,train,0,1,0,0,0,0,0,0
40_007310.wav,train,0,0,0,0,0,0,0,0
40_007412.wav,train,0,0,0,0,0,0,0,0
40_007426.wav,train,0,1,0,0,0,0,0,0
40_007548.wav,train,0,0,0,0,0,0,0,0
40_007704.wav,train,0,0,0,0,0,0,0,0
40_007748.wav,train,1,0,0,0,0,0,0,0
40_007848.wav,train,1,0,0,0,0,0,0,0
40_007888.wav,train,0,0,0,0,1,1,0,0
40_008087.wav,train,0,0,0,0,0,0,0,0
40_008094.wav,train,0,1,0,0,0,0,1,0
40_008153.wav,train,0,1,0,0,0,0,0,0
40_008179.wav,train,0,0,0,0,0,0,1,0
40_008370.wav,train,0,0,0,0,0,0,1,0
40_008449.wav,train,1,1,0,0,0,0,0,0
40_008593.wav,train,0,0,0,0,0,0,0,0
40_008600.wav,train,0,0,0,0,0,1,0,0
40_008604.wav,train,1,0,0,0,0,0,0,0
40_008706.wav,train,0,0,0,0,0,0,1,0
40_008796.wav,train,0,1,0,0,0,0,0,0
40_009179.wav,train,0,0,0,0,1,0,0,0
40_009204.wav,train,0,0,0,0,0,0,0,0
40_009241.wav,train,0,1,0,0,0,0,0,0
40_009379.wav,train,0,0,0,0,0,0,0,0
40_009408.wav,train,1,0,0,0,0,0,0,0
40_009458.wav,train,0,0,0,0,1,0,0,0
40_009655.wav,train,1,0,0,0,0,0,0,0
40_009697.wav,train,0,1,0,0,0,0,0,0
40_009706.wav,train,0,0,0,0,0,0,0,0
40_009759.wav,train,1,0,0,0,0,0,0,0
40_009768.wav,train,0,0,0,0,0,0,0,0
40_009798.wav,train,1,0,0,0,0,0,0,0
40_009940.wav,train,0,0,0,0,1,0,0,0
40_010020.wav,train,0,0,0,0,0,0,0,0
40_010029.wav,train,0,0,0,0,0,0,0,0
40_010106.wav,train,0,0,0,0,0,0,0,0
40_010199.wav,train,0,0,0,0,1,0,1,0
40_010262.wav,train,0,1,0,0,0,0,0,0
40_010289.wav,train,1,0,0,0,0,0,0,0
40_010304.wav,train,0,0,0,0,0,0,0,0
40_010318.wav,train,0,0,1,0,1,0,0,0
40_010320.wav,train,0,0,0,0,1,0,0,0
40_010332.wav,train,0,1,0,0,0,0,0,0
40_010338.wav,train,1,0,0,0,0,0,0,0
40_010379.wav,train,1,0,0,0,0,0,0,0
40_010409.wav,train,0,0,0,0,0,0,0,0
40_010434.wav,train,0,0,0,0,1,0,0,0
40_010579.wav,train,0,0,0,0,0,0,0,0
40_010686.wav,train,0,0,0,0,0,0,0,0
40_010718.wav,train,0,0,0,0,0,0,0,0
40_010773.wav,train,1,1,0,0,0,0,0,0
40_010778.wav,train,0,1,0,0,0,0,0,0
40_010787.wav,train,0,1,0,0,0,0,0,0
40_010896.wav,train,1,1,0,0,0,0,0,0
40_010919.wav,train,0,0,0,0,0,0,0,0
40_010970.wav,train,0,0,0,1,0,0,0,0
40_011026.wav,train,0,0,0,0,0,0,0,0
40_011034.wav,train,0,0,0,0,0,0,0,0
40_011037.wav,train,0,0,0,0,0,0,0,0
40_011075.wav,train,0,1,0,0,0,0,0,0
40_011153.wav,train,0,0,0,0,0,0,0,0
40_011244.wav,train,0,1,0,0,0,0,0,0
40_011255.wav,train,0,0,0,0,0,0,0,0
40_011268.wav,train,0,0,0,0,0,0,1,0
40_011323.wav,train,1,0,0,0,0,0,0,0
40_011379.wav,train,0,0,0,0,1,0,0,0
40_011388.wav,train,0,0,0,0,0,0,0,0
40_011404.wav,train,0,0,0,0,0,0,0,0
40_011518.wav,train,0,0,0,0,0,0,0,0
40_011546.wav,train,1,0,0,0,0,0,1,0
40_011550.wav,train,0,0,0,0,0,0,0,0
40_011561.wav,train,0,1,0,0,0,0,0,0
40_011870.wav,train,0,1,0,0,0,0,0,0
40_011956.wav,train,0,0,0,0,0,0,0,0
40_011974.wav,train,0,1,0,0,0,0,0,0
40_011989.wav,train,0,0,0,0,1,0,1,0
40_012005.wav,train,0,0,0,0,0,0,1,0
40_012114.wav,train,0,1,0,0,0,0,0,0
40_012188.wav,train,0,0,1,0,0,0,0,0
40_012270.wav,train,0,0,0,0,0,0,0,0
40_012279.wav,train,0,0,0,0,0,0,0,0
40_012512.wav,train,1,1,0,0,0,0,0,0
40_012604.wav,train,0,0,0,0,0,0,0,0
40_012698.wav,train,1,0,1,0,0,0,1,0
40_012719.wav,train,0,0,0,0,0,0,0,0
40_012765.wav,train,0,1,0,0,0,0,0,0
40_012842.wav,train,0,1,0,0,0,0,0,0
40_012884.wav,train,0,1,0,0,0,0,0,0
40_012908.wav,train,0,0,0,0,0,0,0,0
40_013050.wav,train,0,1,0,0,0,0,0,0
40_013131.wav,train,0,1,0,0,0,0,0,0
40_013194.wav,train,0,1,0,0,0,0,0,0
40_013256.wav,train,0,0,0,0,0,0,0,0
40_013298.wav,train,0,0,0,0,0,0,0,0
40_013300.wav,train,0,0,0,0,0,0,0,0
40_013405.wav,train,0,1,0,0,0,0,0,0
40_013423.wav,train,0,0,0,0,1,0,0,0
40_013492.wav,train,0,1,0,0,0,0,0,0
40_013517.wav,train,0,1,0,0,0,0,0,0
40_013607.wav,train,0,0,0,0,0,0,0,0
40_013611.wav,train,0,1,0,0,0,0,0,0
40_013638.wav,train,1,0,0,0,0,0,0,0
40_013664.wav,train,0,0,0,0,0,0,0,0
40_013666.wav,train,0,0,0,0,0,0,0,0
40_013717.wav,train,0,0,0,1,0,0,0,0
40_016287.wav,train,0,0,0,0,0,0,0,0
40_016423.wav,train,0,1,0,0,0,0,0,0
40_016446.wav,train,0,0,0,0,0,0,0,0
40_016467.wav,train,0,1,0,0,0,0,0,0
40_016489.wav,train,0,1,0,0,0,0,0,0
40_016577.wav,train,0,0,0,0,0,0,1,0
40_016656.wav,train,0,1,0,0,0,0,0,0
40_016697.wav,train,1,0,0,0,1,1,0,0
40_016782.wav,train,0,1,0,0,0,0,0,0
40_016951.wav,train,0,0,0,0,0,0,0,0
40_017038.wav,train,0,0,0,0,0,0,0,0
40_017061.wav,train,0,0,0,0,0,0,0,0
40_017204.wav,train,0,0,0,0,0,0,1,0
40_017292.wav,train,1,0,0,0,0,0,0,0
40_017453.wav,train,0,0,0,0,0,0,0,0
40_017475.wav,train,0,0,0,0,1,0,0,0
40_017505.wav,train,0,0,0,0,0,0,1,0
40_017544.wav,train,0,0,0,0,1,0,0,0
40_017572.wav,train,0,0,0,0,0,1,0,0
40_017595.wav,train,0,0,0,0,0,0,1,0
40_017659.wav,train,0,0,0,0,0,1,1,0
40_017669.wav,train,1,0,0,0,0,0,0,0
40_017700.wav,train,0,0,0,0,0,1,0,0
40_017815.wav,train,1,0,0,0,0,0,0,0
40_017898.wav,train,0,0,0,0,0,0,1,0
40_018025.wav,train,0,0,0,0,0,0,0,0
40_018056.wav,train,0,0,0,0,0,0,0,0
40_018067.wav,train,0,0,0,0,0,0,1,0
40_018072.wav,train,0,0,0,0,0,0,1,0
40_018111.wav,train,0,0,0,0,0,0,0,0
40_018148.wav,train,0,0,0,0,0,0,0,0
40_018152.wav,train,0,1,0,0,0,0,0,0
40_018199.wav,train,1,0,0,0,1,0,0,0
40_018209.wav,train,1,0,0,0,0,0,0,0
40_018274.wav,train,0,0,0,0,0,0,0,0
40_018358.wav,train,1,0,0,0,0,0,0,0
40_018364.wav,train,0,0,0,0,0,0,1,0
40_018385.wav,train,0,0,0,0,0,0,0,0
40_018452.wav,train,0,0,0,0,0,0,0,0
40_018481.wav,train,1,0,0,0,0,0,0,0
40_018563.wav,train,0,0,0,0,0,0,0,0
40_018642.wav,train,1,0,0,0,1,0,0,0
40_018704.wav,train,0,0,0,0,0,0,0,0
40_018705.wav,train,0,0,0,0,0,0,0,0
40_018747.wav,train,0,0,0,0,0,0,0,0
40_018748.wav,train,0,0,0,0,0,1,0,0
40_018817.wav,train,0,0,0,0,0,0,0,0
40_018886.wav,train,0,0,0,0,1,0,1,0
40_019166.wav,train,1,0,0,0,0,0,1,0
40_019183.wav,train,0,0,0,0,0,0,0,0
40_019204.wav,train,0,1,0,0,0,0,0,0
40_019216.wav,train,0,0,0,0,0,0,0,0
40_019250.wav,train,0,0,0,0,1,0,0,0
40_019270.wav,train,1,0,0,0,1,0,1,0
40_019272.wav,train,0,0,0,0,0,0,1,0
40_019340.wav,train,1,0,0,0,0,0,0,0
40_019356.wav,train,0,0,0,0,0,0,1,0
40_019368.wav,train,0,0,1,0,0,0,0,0
40_019431.wav,train,1,0,0,0,1,0,0,0
40_019460.wav,train,0,0,0,0,0,0,1,0
40_019501.wav,train,0,1,0,0,0,0,0,0
40_019596.wav,train,0,0,0,0,0,0,1,0
40_019615.wav,train,0,1,0,0,0,0,0,0
40_019637.wav,train,0,1,0,0,0,0,0,0
40_019665.wav,train,0,0,0,0,1,0,1,0
40_019674.wav,train,0,1,0,0,0,0,0,0
40_019704.wav,train,0,1,0,0,0,0,0,0
40_019742.wav,train,1,0,0,0,1,0,0,0
40_019747.wav,train,1,0,0,0,0,0,0,0
40_019795.wav,train,0,0,0,0,0,0,0,0
40_019821.wav,train,0,0,0,0,0,0,0,0
40_019845.wav,train,0,1,0,0,0,0,0,0
40_020074.wav,train,0,0,0,0,0,0,0,0
40_020100.wav,train,0,0,1,0,0,0,1,0
40_020102.wav,train,1,0,0,0,0,0,0,0
40_020227.wav,train,1,0,0,0,0,0,0,0
40_020240.wav,train,0,0,0,0,0,0,0,0
40_020253.wav,train,1,0,0,0,0,0,0,0
40_020268.wav,train,0,0,0,0,0,0,0,0
40_020447.wav,train,0,0,0,0,1,0,0,0
40_020470.wav,train,0,1,0,0,0,0,0,0
40_020491.wav,train,0,0,0,0,0,0,0,0
40_020540.wav,train,0,1,0,0,0,0,0,0
40_020643.wav,train,0,0,0,0,0,0,0,0
40_020658.wav,train,0,1,0,0,0,0,0,0
40_020688.wav,train,0,0,0,0,0,0,0,0
40_020718.wav,train,0,0,0,0,0,0,0,0
40_020725.wav,train,0,1,0,0,0,0,0,0
40_020742.wav,train,0,0,0,0,0,0,0,0
40_027016.wav,test,1,0,1,0,1,0,0,0
40_027047.wav,test,0,0,0,0,0,0,0,0
40_027093.wav,test,1,0,0,0,0,1,0,0
40_027104.wav,test,1,1,1,0,0,0,0,0
40_027141.wav,test,1,0,0,0,0,0,1,0
40_027301.wav,test,1,0,1,1,0,0,0,0
40_027314.wav,test,1,0,0,0,1,0,1,0
40_027331.wav,test,1,0,1,0,0,0,0,0
40_027340.wav,test,1,0,1,0,0,0,0,0
40_027360.wav,test,1,0,0,0,0,0,0,0
40_027512.wav,test,1,0,0,0,0,0,0,0
40_027566.wav,test,0,0,0,0,0,0,0,0
40_027761.wav,test,1,1,0,0,1,0,0,0
40_027783.wav,test,0,0,0,0,1,0,0,0
40_027791.wav,test,0,0,0,0,0,0,0,0
41_000039.wav,train,0,0,0,0,1,0,0,0
41_000053.wav,train,0,0,0,0,0,0,1,0
41_000059.wav,train,0,0,0,0,1,0,0,0
41_000062.wav,train,1,0,0,0,0,0,0,0
41_000136.wav,train,0,0,1,0,0,0,0,0
41_000221.wav,train,0,1,0,0,0,0,0,0
41_000223.wav,train,0,0,0,0,0,0,0,0
41_000489.wav,train,0,1,0,0,0,0,0,0
41_000569.wav,train,0,0,0,0,0,0,1,0
41_000587.wav,train,0,0,0,0,0,0,1,0
41_000613.wav,train,0,0,0,0,0,0,1,0
41_000649.wav,train,0,0,0,1,0,0,0,0
41_000671.wav,train,0,0,0,0,0,0,0,0
41_000683.wav,train,0,0,0,0,1,0,0,0
41_000693.wav,train,0,0,1,0,0,0,1,0
41_000747.wav,train,0,0,0,0,1,0,1,0
41_000769.wav,train,0,0,0,0,0,0,0,0
41_000803.wav,train,0,1,0,1,0,0,0,0
41_000854.wav,train,0,0,0,0,1,0,1,0
41_000977.wav,train,1,0,0,0,1,0,0,0
41_001080.wav,train,0,0,0,0,1,0,0,0
41_001088.wav,train,1,0,0,0,1,0,0,0
41_001099.wav,train,0,0,0,0,1,0,0,0
41_001120.wav,train,1,0,0,0,0,0,0,0
41_001277.wav,train,0,0,0,0,0,0,1,0
41_001348.wav,train,1,0,0,0,0,0,1,0
41_001374.wav,train,0,0,0,1,0,0,0,0
41_001398.wav,train,0,0,0,0,0,0,1,0
41_001603.wav,train,0,1,0,0,0,0,0,0
41_001604.wav,train,0,0,0,0,0,0,1,0
41_001648.wav,train,0,0,0,0,0,0,0,0
41_001831.wav,train,0,0,0,0,0,0,1,0
41_001930.wav,train,0,0,0,0,0,0,0,0
41_001985.wav,train,1,0,0,0,0,0,0,0
41_002026.wav,train,0,0,0,0,0,0,1,0
41_002042.wav,train,0,0,0,0,0,0,1,0
41_002088.wav,train,0,0,0,0,1,0,1,0
41_002106.wav,train,0,0,0,0,0,0,0,0
41_002147.wav,train,0,0,0,0,0,0,0,0
41_002177.wav,train,0,0,0,0,0,0,0,0
41_002194.wav,train,0,1,0,0,0,0,0,0
41_002257.wav,train,0,0,0,0,0,0,0,0
41_002422.wav,train,0,0,0,0,0,0,0,0
41_002444.wav,train,0,1,0,0,0,0,0,0
41_002479.wav,train,0,1,0,0,0,0,0,0
41_002570.wav,train,0,0,0,0,0,0,1,0
41_002621.wav,train,0,0,0,0,0,0,0,0
41_002687.wav,train,0,1,0,0,0,0,0,0
41_002690.wav,train,0,0,0,0,0,0,1,0
41_002829.wav,train,0,0,0,0,0,0,1,0
41_002838.wav,train,0,1,0,0,0,0,0,0
41_002863.wav,train,0,0,0,0,0,0,0,0
41_003020.wav,train,0,0,0,0,0,0,0,0
41_003078.wav,train,0,0,0,0,1,0,0,0
41_003106.wav,train,0,0,0,0,0,0,1,0
41_003201.wav,train,0,0,0,0,1,0,0,0
41_003253.wav,train,0,0,0,0,0,0,1,0
41_003307.wav,train,0,0,0,0,0,0,1,0
41_003308.wav,train,0,0,0,0,0,0,0,0
41_003393.wav,train,1,0,0,0,1,0,0,0
41_003424.wav,train,1,0,0,0,0,0,0,0
41_003460.wav,train,0,0,0,0,0,0,1,0
41_003507.wav,train,0,0,0,0,1,0,0,0
41_003559.wav,train,1,0,0,0,0,0,0,0
41_003581.wav,train,1,0,0,0,0,0,0,0
41_003646.wav,train,1,0,0,0,0,0,0,0
41_003675.wav,train,0,0,0,0,0,0,0,0
41_003799.wav,train,0,0,0,0,0,0,1,0
41_003861.wav,train,1,0,0,0,0,0,1,0
41_003896.wav,train,0,0,0,0,0,0,1,0
41_003901.wav,train,1,0,0,0,0,0,0,0
41_003944.wav,train,0,0,0,0,1,0,1,0
41_004125.wav,train,0,1,0,0,1,0,0,0
41_004212.wav,train,0,0,0,0,0,0,1,0
41_004263.wav,train,0,0,0,0,0,0,0,0
41_004289.wav,train,0,0,0,0,0,0,1,0
41_004391.wav,train,1,0,0,0,0,0,1,0
41_004446.wav,train,0,0,0,1,0,0,0,0
41_004495.wav,train,0,1,0,0,0,0,0,0
41_004512.wav,train,0,0,0,0,0,0,0,0
41_004523.wav,train,0,0,0,0,0,0,0,1
41_004551.wav,train,1,0,0,0,0,0,0,0
41_004581.wav,train,0,0,0,0,0,0,1,0
41_004778.wav,train,0,0,0,0,0,0,0,0
41_004825.wav,train,1,0,0,0,0,0,0,0
41_004891.wav,train,1,0,0,0,0,0,0,0
41_004919.wav,train,0,0,0,0,0,0,0,0
41_004923.wav,train,1,0,0,0,0,0,1,0
41_004927.wav,train,0,0,0,0,0,0,0,0
41_004967.wav,train,0,0,0,0,0,0,1,0
41_005062.wav,train,0,0,0,0,0,0,0,0
41_005068.wav,train,0,0,0,0,1,0,0,0
41_005073.wav,train,0,0,0,0,1,0,0,0
41_005135.wav,train,0,0,0,0,0,0,1,0
41_005230.wav,train,0,0,0,0,0,0,1,0
41_005274.wav,train,0,0,0,0,0,0,1,0
41_005288.wav,train,0,0,0,0,1,0,0,0
41_005330.wav,train,0,0,0,0,0,0,1,0
41_005342.wav,train,0,0,0,0,1,0,1,0
41_005360.wav,train,0,0,0,0,0,0,1,0
41_005415.wav,train,0,0,0,0,0,0,0,0
41_005460.wav,train,0,0,0,0,1,0,0,0
41_005484.wav,train,0,0,0,0,0,0,1,0
41_005549.wav,train,0,0,0,0,0,0,1,0
41_005569.wav,train,0,0,0,0,0,1,1,0
41_005619.wav,train,0,0,0,0,1,0,0,0
41_005625.wav,train,0,1,0,0,0,0,0,0
41_005653.wav,train,0,0,0,0,0,0,1,0
41_005657.wav,train,0,0,0,0,0,0,1,0
41_005671.wav,train,0,0,0,0,1,0,1,0
41_005762.wav,train,0,1,0,0,0,0,0,0
41_005816.wav,train,0,0,0,0,0,0,1,0
41_005846.wav,train,0,0,0,1,0,0,0,0
41_005880.wav,train,0,0,0,0,0,0,1,0
41_005915.wav,train,0,1,0,0,0,0,0,0
41_005958.wav,train,0,0,0,1,0,0,0,0
41_006024.wav,train,0,0,0,0,0,0,0,0
41_006221.wav,train,0,0,0,0,1,0,0,0
41_006291.wav,train,0,0,0,0,0,0,0,0
41_006355.wav,train,0,1,0,0,0,0,0,0
41_006381.wav,train,0,0,0,0,0,0,1,0
41_006384.wav,train,0,0,0,1,0,0,0,0
41_006386.wav,train,0,0,0,0,0,0,1,0
41_006404.wav,train,1,0,0,0,1,0,0,0
41_006412.wav,train,0,0,0,0,0,0,0,0
41_006437.wav,train,0,0,0,0,0,0,1,0
41_006446.wav,train,0,0,0,0,0,0,1,0
41_006486.wav,train,0,0,0,0,0,0,0,0
41_006502.wav,train,0,0,0,0,0,1,1,0
41_006548.wav,train,0,0,0,0,0,0,0,0
41_006556.wav,train,0,0,0,0,1,0,0,0
41_006557.wav,train,0,0,0,0,0,0,0,0
41_006565.wav,train,0,0,0,0,0,0,0,0
41_006613.wav,train,0,0,0,0,0,0,0,0
41_006643.wav,train,0,1,0,0,0,0,0,0
41_006654.wav,train,0,0,0,0,0,0,1,0
41_006720.wav,train,0,1,0,0,0,0,0,0
41_006724.wav,train,0,0,0,0,0,0,0,0
41_006750.wav,train,0,0,0,0,0,0,1,0
41_006788.wav,train,1,0,0,0,0,0,0,0
41_006823.wav,train,0,0,0,0,1,0,0,0
41_006880.wav,train,0,0,0,1,0,0,0,0
41_006902.wav,train,0,0,0,0,0,0,1,0
41_006913.wav,train,0,0,0,0,1,0,1,0
41_006958.wav,train,0,0,0,0,0,0,1,0
41_007015.wav,train,0,0,0,0,0,0,1,0
41_007133.wav,train,1,0,0,0,0,0,0,0
41_007148.wav,train,0,0,0,0,0,0,0,0
41_007169.wav,train,0,0,0,0,0,0,1,0
41_007187.wav,train,0,0,0,0,0,1,1,0
41_007191.wav,train,0,0,0,0,0,0,0,0
41_007248.wav,train,0,1,0,0,0,0,0,0
41_007279.wav,train,1,0,0,0,1,1,1,0
41_007341.wav,train,0,0,0,0,0,0,0,0
41_007406.wav,train,1,0,0,0,0,0,0,0
41_007411.wav,train,0,0,0,0,0,0,0,0
41_007488.wav,train,0,0,0,1,0,0,0,0
41_007510.wav,train,0,0,0,0,0,0,0,0
41_007555.wav,train,0,0,0,0,0,0,0,1
41_007635.wav,train,0,0,0,0,0,0,0,0
41_007690.wav,train,0,0,0,0,0,0,1,0
41_007710.wav,train,0,0,0,0,1,0,1,0
41_007898.wav,train,0,0,0,0,1,0,1,0
41_007924.wav,train,0,0,0,0,0,0,0,0
41_007934.wav,train,0,0,0,0,0,0,0,0
41_007975.wav,train,0,0,0,0,0,0,1,0
41_007981.wav,train,0,0,0,0,0,0,0,0
41_008046.wav,train,0,1,0,0,0,0,0,0
41_008082.wav,train,0,0,0,0,1,0,0,0
41_008084.wav,train,0,0,0,0,0,0,1,0
41_008114.wav,train,0,0,0,0,0,0,0,0
41_008155.wav,train,0,0,0,0,1,0,0,0
41_008199.wav,train,0,0,0,0,0,0,1,0
41_008277.wav,train,0,1,0,0,0,0,0,0
41_008309.wav,train,0,1,0,0,0,0,0,0
41_008327.wav,train,1,0,0,0,0,0,0,0
41_008359.wav,train,1,0,0,0,0,0,0,0
41_008366.wav,train,0,0,0,0,0,0,1,0
41_008399.wav,train,0,0,0,1,0,0,0,0
41_008525.wav,train,0,0,0,0,1,0,0,0
41_008586.wav,train,0,0,0,0,1,0,0,0
41_008644.wav,train,0,0,0,0,1,0,1,0
41_008674.wav,train,0,0,0,0,0,0,0,0
41_008688.wav,train,1,0,0,0,1,0,1,0
41_008771.wav,train,0,0,0,0,0,0,1,0
41_008799.wav,train,0,0,0,0,0,0,0,0
41_008805.wav,train,1,0,0,0,0,0,0,0
41_008819.wav,train,0,0,0,0,0,0,0,0
41_008825.wav,train,0,0,0,0,0,0,0,0
41_008876.wav,train,0,0,0,0,1,0,1,0
41_008893.wav,train,0,0,0,0,0,0,1,0
41_008940.wav,train,0,0,0,0,0,0,0,0
41_008945.wav,train,0,0,0,0,0,0,1,0
41_008998.wav,train,0,0,0,0,1,0,0,0
41_009033.wav,train,0,0,0,0,0,0,0,0
41_009070.wav,train,0,0,0,0,0,0,0,0
41_009077.wav,train,0,0,0,0,0,0,0,0
41_009177.wav,train,0,0,0,0,0,0,1,0
41_009206.wav,train,0,0,0,0,1,0,0,0
41_010049.wav,train,0,0,0,0,1,0,0,0
41_010243.wav,train,1,0,0,0,0,0,0,0
41_010274.wav,train,1,0,0,0,0,0,0,0
41_010337.wav,train,0,0,0,0,0,0,1,0
41_010350.wav,train,1,0,0,0,0,0,1,0
41_010412.wav,train,0,0,0,0,0,0,1,0
41_010508.wav,train,0,0,0,0,0,0,1,0
41_010548.wav,train,0,0,0,0,0,0,1,0
41_010549.wav,train,1,0,0,0,0,0,0,0
41_010596.wav,train,1,0,1,0,0,0,0,0
41_010600.wav,train,0,0,0,0,1,0,0,0
41_010676.wav,train,1,0,0,0,0,0,1,0
41_010679.wav,train,0,0,0,0,0,0,1,0
41_010695.wav,train,0,0,0,0,0,0,0,0
41_010699.wav,train,0,0,0,0,0,0,1,0
41_010702.wav,train,0,0,0,0,0,0,0,0
41_010727.wav,train,0,0,0,0,1,0,0,0
41_010798.wav,train,1,0,0,0,0,0,1,0
41_010874.wav,train,0,0,0,0,1,0,0,0
41_010906.wav,train,0,0,0,0,0,0,1,0
41_010909.wav,train,0,0,0,0,1,0,1,0
41_010949.wav,train,0,0,0,0,1,0,0,0
41_010965.wav,train,1,0,0,0,0,0,0,0
41_010974.wav,train,1,0,0,0,0,0,1,0
41_011062.wav,train,1,0,0,0,1,0,0,0
41_011092.wav,train,1,0,0,0,0,0,0,0
41_011093.wav,train,1,0,0,0,0,0,0,0
41_011166.wav,train,0,0,0,0,0,0,1,0
41_011208.wav,train,0,0,0,0,1,0,0,0
41_011279.wav,train,0,0,0,0,0,0,1,0
41_011391.wav,train,1,0,0,0,0,0,0,0
41_011427.wav,train,0,0,0,0,0,0,0,0
41_011452.wav,train,1,0,0,0,0,0,0,0
41_011718.wav,train,0,0,0,0,1,0,0,0
41_011753.wav,train,0,0,0,0,0,0,1,0
41_011906.wav,train,0,0,0,0,0,0,0,0
41_011916.wav,train,1,0,1,0,0,0,0,0
41_011975.wav,train,1,0,0,0,0,0,0,0
41_011988.wav,train,1,0,0,0,0,0,1,0
41_012040.wav,train,0,0,1,0,0,0,0,0
41_012048.wav,train,0,0,0,0,0,0,0,0
41_012128.wav,train,0,0,0,0,0,0,0,0
41_012174.wav,train,0,0,0,0,0,0,0,0
41_012260.wav,train,0,0,0,0,1,0,1,0
41_012321.wav,train,1,0,0,0,0,0,0,0
41_012338.wav,train,0,0,0,0,1,0,1,0
41_012352.wav,train,0,0,0,0,0,0,1,0
41_012448.wav,train,1,0,0,0,0,0,0,0
41_012492.wav,train,0,0,0,0,0,0,1,0
41_012547.wav,train,1,0,0,0,0,1,0,0
41_012564.wav,train,0,0,0,0,0,1,0,0
41_012621.wav,train,0,0,0,0,1,0,1,0
41_012724.wav,train,0,0,0,0,0,0,1,0
41_012791.wav,train,1,0,0,0,0,0,0,0
41_012833.wav,train,0,0,0,0,0,1,1,0
41_012922.wav,train,0,0,0,0,0,0,0,0
41_012983.wav,train,0,0,0,0,0,0,0,0
41_013007.wav,train,1,0,0,0,0,0,0,0
41_013022.wav,train,0,0,0,0,0,0,1,0
41_013028.wav,train,0,0,0,0,0,0,0,0
41_013035.wav,train,0,0,0,0,0,0,0,0
41_013097.wav,train,0,0,0,0,0,0,0,0
41_013104.wav,train,1,0,0,0,0,0,0,1
41_013135.wav,train,0,0,0,0,0,0,0,0
41_013144.wav,train,1,0,0,0,0,0,0,0
41_013206.wav,train,0,0,0,0,0,0,0,0
41_013211.wav,train,0,0,0,0,1,0,0,0
41_013314.wav,train,0,0,0,0,0,0,1,0
41_013338.wav,train,1,0,0,0,0,0,1,0
41_013373.wav,train,1,0,0,0,0,0,1,0
41_013408.wav,train,1,0,0,0,0,0,0,0
41_013409.wav,train,0,0,0,0,0,0,1,0
41_013417.wav,train,0,0,0,0,0,0,0,0
41_013449.wav,train,0,0,0,0,0,0,0,0
41_013482.wav,train,1,0,0,0,0,0,1,0
41_013508.wav,train,0,0,0,0,0,0,1,0
41_013552.wav,train,0,0,0,0,0,0,1,0
41_013568.wav,train,0,0,0,0,1,0,0,0
41_013571.wav,train,1,0,0,0,0,0,0,0
41_013577.wav,train,0,0,0,0,0,0,0,0
41_013580.wav,train,0,0,0,0,0,0,1,0
41_016344.wav,train,0,0,0,0,1,0,1,0
41_016359.wav,train,0,0,0,0,1,0,0,0
41_016361.wav,train,0,0,0,0,0,0,0,0
41_016362.wav,train,0,0,0,0,1,0,0,0
41_016444.wav,train,0,0,0,0,0,1,0,0
41_016466.wav,train,1,0,0,0,0,0,0,0
41_016576.wav,train,0,0,0,0,0,0,1,0
41_016590.wav,train,1,0,0,0,1,0,0,0
41_016699.wav,train,0,0,0,0,1,0,0,0
41_016728.wav,train,1,0,0,0,0,0,0,0
41_016740.wav,train,0,0,0,0,0,0,1,0
41_016756.wav,train,0,0,0,0,1,1,0,0
41_016812.wav,train,0,1,0,0,0,0,0,0
41_016845.wav,train,0,0,0,0,0,1,0,0
41_016847.wav,train,0,0,0,0,0,1,1,0
41_016866.wav,train,1,0,0,0,0,0,0,0
41_016902.wav,train,0,0,0,0,0,0,1,0
41_016972.wav,train,1,0,0,0,0,0,0,0
41_016975.wav,train,0,0,0,0,1,0,0,0
41_017003.wav,train,1,0,0,0,0,0,0,0
41_017025.wav,train,0,0,0,0,0,0,1,0
41_017045.wav,train,0,0,0,0,1,0,1,0
41_017048.wav,train,1,0,0,0,0,0,0,0
41_017176.wav,train,1,0,0,0,0,0,1,0
41_017214.wav,train,0,0,0,0,0,0,1,0
41_017244.wav,train,0,0,0,0,0,0,1,0
41_017286.wav,train,0,0,0,0,0,0,0,0
41_017310.wav,train,1,0,0,0,0,0,1,0
41_017327.wav,train,1,0,0,0,1,0,0,0
41_017354.wav,train,0,0,0,0,0,0,0,0
41_017358.wav,train,0,0,0,0,0,0,1,0
41_017397.wav,train,1,0,0,0,0,0,0,0
41_017417.wav,train,0,0,0,0,1,0,0,0
41_017434.wav,train,0,1,0,0,0,0,0,0
41_017467.wav,train,0,0,0,0,0,0,1,0
41_017607.wav,train,0,0,0,0,0,1,0,0
41_017615.wav,train,0,0,0,0,0,0,0,0
41_017642.wav,train,0,0,0,0,0,0,1,0
41_017670.wav,train,0,0,0,0,0,0,0,0
41_017695.wav,train,0,0,0,0,0,1,1,0
41_017743.wav,train,0,0,0,0,0,0,0,0
41_017814.wav,train,0,0,0,0,0,0,0,0
41_017834.wav,train,0,0,0,0,1,0,0,0
41_017838.wav,train,1,0,0,0,0,0,0,0
41_017843.wav,train,0,0,0,0,0,0,1,0
41_017857.wav,train,0,0,0,0,0,0,1,0
41_017861.wav,train,0,0,0,0,0,0,1,0
41_017921.wav,train,1,0,0,0,1,0,0,0
41_017971.wav,train,0,0,0,0,1,0,0,0
41_017991.wav,train,0,0,0,0,0,0,0,0
41_017992.wav,train,0,0,0,0,1,0,0,0
41_018082.wav,train,0,0,0,0,1,0,1,0
41_018178.wav,train,1,0,0,0,1,0,1,0
41_018229.wav,train,0,0,0,0,0,0,1,0
41_018233.wav,train,0,0,0,0,0,0,0,0
41_018268.wav,train,0,0,0,0,0,0,0,0
41_018289.wav,train,0,0,0,0,1,0,0,0
41_018334.wav,train,0,0,0,0,0,0,1,0
41_018510.wav,train,1,0,0,0,1,0,0,0
41_018585.wav,train,0,0,0,1,0,0,0,0
41_018595.wav,train,0,1,0,0,0,0,0,0
41_018616.wav,train,1,0,0,0,0,0,0,0
41_018620.wav,train,0,1,0,0,0,0,0,0
41_018661.wav,train,0,0,0,0,1,0,0,0
41_018666.wav,train,0,0,0,0,0,0,0,0
41_018766.wav,train,0,0,0,0,0,0,0,0
41_018773.wav,train,0,0,0,0,0,0,1,0
41_018818.wav,train,0,0,0,0,0,0,0,0
41_018896.wav,train,0,0,0,0,1,0,0,0
41_018941.wav,train,1,0,0,0,1,0,0,0
41_018959.wav,train,0,0,0,0,0,0,0,0
41_018974.wav,train,1,0,0,0,0,0,1,0
41_019044.wav,train,0,0,0,0,0,1,1,0
41_019050.wav,train,0,0,0,0,0,0,1,0
41_019056.wav,train,1,0,0,0,0,0,1,0
41_019087.wav,train,0,0,0,0,0,0,0,0
41_019103.wav,train,0,0,0,0,1,1,0,0
41_019145.wav,train,1,0,0,1,0,0,0,0
41_019151.wav,train,0,0,0,0,0,0,1,0
41_019161.wav,train,0,0,0,0,0,0,0,0
41_019192.wav,train,0,0,0,0,0,0,1,0
41_019198.wav,train,0,0,0,0,0,0,1,0
41_019212.wav,train,0,0,0,0,0,0,0,0
41_019222.wav,train,0,0,0,0,1,0,1,0
41_019275.wav,train,1,0,0,0,0,0,0,0
41_019307.wav,train,0,0,1,0,1,0,0,0
41_019310.wav,train,0,0,0,0,0,0,1,0
41_019381.wav,train,1,0,0,0,0,0,1,0
41_019383.wav,train,1,0,0,0,0,0,0,0
41_019389.wav,train,1,0,0,0,1,1,1,0
41_019428.wav,train,0,0,0,0,1,0,0,0
41_019430.wav,train,0,0,0,0,0,0,1,0
41_019507.wav,train,0,0,0,0,0,0,0,0
41_019554.wav,train,0,0,0,0,1,0,0,0
41_019569.wav,train,0,0,0,0,0,0,1,0
41_019580.wav,train,0,0,0,0,1,0,1,0
41_019599.wav,train,0,0,0,0,0,0,1,0
41_019600.wav,train,1,0,0,0,0,0,1,0
41_019620.wav,train,1,0,0,0,0,0,0,0
41_019628.wav,train,1,0,0,0,0,0,0,0
41_019688.wav,train,0,0,1,0,0,0,0,0
41_019691.wav,train,0,0,0,0,0,0,1,0
41_019722.wav,train,0,0,0,0,0,0,0,0
41_019766.wav,train,0,0,0,0,0,0,1,0
41_019813.wav,train,0,0,0,0,0,0,1,0
41_019835.wav,train,1,0,0,0,0,0,0,0
41_019861.wav,train,0,0,0,0,0,1,0,0
41_019890.wav,train,1,0,0,0,1,0,0,0
41_019935.wav,train,1,0,0,0,0,1,0,0
41_020096.wav,train,0,0,0,0,0,1,1,0
41_020098.wav,train,0,0,0,0,0,1,0,0
41_020103.wav,train,1,0,0,0,0,0,0,0
41_020260.wav,train,0,0,0,0,0,0,1,0
41_020269.wav,train,0,1,0,0,0,0,0,0
41_020294.wav,train,0,0,0,0,0,0,0,0
41_020299.wav,train,0,0,0,0,0,0,0,0
41_020326.wav,train,0,0,0,0,1,0,0,0
41_020361.wav,train,1,0,0,0,0,0,0,0
41_020368.wav,train,0,0,0,0,0,0,0,0
41_020384.wav,train,0,0,0,0,0,0,1,0
41_020439.wav,train,0,0,0,0,1,0,0,0
41_020454.wav,train,0,0,0,0,1,0,1,0
41_020483.wav,train,0,0,0,0,0,0,1,0
41_020503.wav,train,0,0,0,0,0,0,0,0
41_020549.wav,train,0,0,0,0,0,1,0,0
41_020562.wav,train,0,0,0,0,0,0,0,0
41_020734.wav,train,1,0,0,0,0,0,1,0
41_020748.wav,train,1,0,0,0,0,0,0,0
41_020758.wav,train,1,0,0,0,1,0,1,0
41_020771.wav,train,0,0,0,0,0,0,1,0
41_020809.wav,train,0,0,0,0,1,0,0,0
41_020845.wav,train,0,0,0,0,1,0,0,0
41_020874.wav,train,0,0,0,0,0,0,0,0
41_026996.wav,test,0,0,1,0,1,1,1,0
41_027005.wav,test,1,0,1,0,0,0,1,0
41_027017.wav,test,0,0,0,0,0,0,1,0
41_027090.wav,test,0,0,0,0,0,0,1,0
41_027119.wav,test,1,0,0,0,0,0,1,0
41_027160.wav,test,1,0,0,0,0,0,0,0
41_027214.wav,test,0,0,0,0,0,0,1,0
41_027233.wav,test,1,0,1,0,0,0,1,0
41_027268.wav,test,1,0,1,0,0,0,1,0
41_027370.wav,test,0,0,1,0,0,0,1,0
41_027424.wav,test,1,0,0,0,0,0,1,0
41_027494.wav,test,1,0,0,0,0,0,0,0
41_027522.wav,test,1,0,1,0,0,0,1,0
41_027544.wav,test,1,0,0,0,0,0,0,0
41_027546.wav,test,1,0,0,0,0,0,0,0
41_027645.wav,test,1,0,0,0,1,0,1,0
41_027659.wav,test,0,0,0,0,0,0,1,0
41_027681.wav,test,1,0,1,0,0,0,1,0
41_027695.wav,test,1,0,1,0,1,0,1,0
41_027813.wav,test,1,0,0,0,1,0,1,0
45_006905.wav,train,0,0,0,0,0,0,0,0
45_007578.wav,train,1,0,0,0,1,0,0,0
45_007651.wav,train,1,0,0,0,0,0,0,0
45_009129.wav,train,1,0,0,0,0,0,0,0
45_009285.wav,train,1,0,0,0,1,0,0,0
45_009532.wav,train,1,0,0,0,0,0,0,0
45_009593.wav,train,1,0,0,0,0,0,0,0
45_009956.wav,train,1,0,0,0,1,0,0,0
45_009986.wav,train,0,0,0,0,0,0,0,0
45_013176.wav,train,1,0,0,0,0,0,0,0
45_020822.wav,train,1,0,0,0,0,0,0,0
45_026965.wav,test,1,0,1,0,0,0,0,0
45_026974.wav,test,1,0,0,0,1,0,0,0
45_027039.wav,test,1,0,0,0,1,0,0,0
45_027050.wav,test,0,0,1,0,0,0,0,0
45_027128.wav,test,1,0,1,0,0,0,0,0
45_027159.wav,test,1,0,0,0,0,0,0,0
45_027325.wav,test,1,0,0,0,0,0,0,0
45_027449.wav,test,1,0,1,0,0,0,0,0
45_027553.wav,test,1,0,1,0,0,1,0,0
45_027620.wav,test,1,0,0,0,0,0,0,0
45_027640.wav,test,1,0,0,0,1,0,0,0
45_027724.wav,test,1,0,0,0,0,0,0,0
45_027771.wav,test,1,0,0,0,1,0,0,0
45_027865.wav,test,1,0,1,0,0,0,0,0
46_010254.wav,validate,0,0,0,0,0,0,1,0
46_010269.wav,validate,1,0,0,0,0,0,1,0
46_010317.wav,validate,0,0,0,0,0,0,1,0
46_010436.wav,validate,0,0,0,0,0,0,1,0
46_010454.wav,validate,1,0,0,0,0,0,0,0
46_010474.wav,validate,0,0,0,0,0,0,1,0
46_010489.wav,validate,0,0,0,0,0,0,1,0
46_010520.wav,validate,0,0,0,0,0,0,1,0
46_010572.wav,validate,0,0,0,0,0,0,1,0
46_010583.wav,validate,1,0,0,0,0,0,1,0
46_010609.wav,validate,0,0,0,0,0,0,1,0
46_010620.wav,validate,1,0,0,0,0,0,0,0
46_010629.wav,validate,0,0,0,0,0,0,1,0
46_010638.wav,validate,0,0,0,0,0,0,1,0
46_010647.wav,validate,0,0,0,0,1,0,1,0
46_010661.wav,validate,0,0,0,0,0,0,1,0
46_010665.wav,validate,0,0,0,0,0,0,1,0
46_010735.wav,validate,1,0,0,0,0,0,1,0
46_010747.wav,validate,1,0,0,0,0,0,1,0
46_010827.wav,validate,1,0,0,0,0,0,1,0
46_010845.wav,validate,0,0,0,0,0,0,1,0
46_010846.wav,validate,0,0,0,0,0,0,1,0
46_010880.wav,validate,0,0,0,0,0,0,1,0
46_010902.wav,validate,0,0,0,0,1,1,1,0
46_010903.wav,validate,0,0,0,0,1,0,1,0
46_010968.wav,validate,1,0,0,0,0,0,1,0
46_011013.wav,validate,0,0,0,0,0,0,1,0
46_011021.wav,validate,1,0,0,0,0,0,0,0
46_011023.wav,validate,0,0,0,0,0,0,1,0
46_011067.wav,validate,0,0,0,0,0,0,1,0
46_011098.wav,validate,0,0,0,0,0,0,1,0
46_011105.wav,validate,0,0,0,0,0,0,1,0
46_011126.wav,validate,1,0,0,0,1,0,1,0
46_011163.wav,validate,0,0,0,0,0,0,1,0
46_011216.wav,validate,0,0,0,0,0,0,0,0
46_011392.wav,validate,0,0,0,0,0,0,1,0
46_011394.wav,validate,0,0,0,0,0,0,1,0
46_011401.wav,validate,0,0,0,0,0,0,1,0
46_011409.wav,validate,0,0,0,0,1,0,0,0
46_011416.wav,validate,0,0,0,0,0,0,1,0
46_011428.wav,validate,0,0,0,0,0,0,1,0
46_011473.wav,validate,1,0,0,0,1,0,0,0
46_011511.wav,validate,0,0,0,0,0,0,1,0
46_011516.wav,validate,1,0,0,0,0,0,1,0
46_011543.wav,validate,0,0,0,0,0,0,0,0
46_011556.wav,validate,0,0,0,0,0,0,1,0
46_011558.wav,validate,0,0,0,0,0,0,1,0
46_011599.wav,validate,0,0,0,0,1,0,1,0
46_011603.wav,validate,0,0,0,0,1,0,1,0
46_011658.wav,validate,1,0,0,0,0,0,1,0
46_011662.wav,validate,0,0,0,0,0,0,1,0
46_011663.wav,validate,0,0,0,0,0,0,1,0
46_011676.wav,validate,1,0,0,0,0,0,1,0
46_011720.wav,validate,0,0,0,0,0,0,1,0
46_011730.wav,validate,0,0,0,0,0,0,0,0
46_011773.wav,validate,0,0,0,0,1,0,0,0
46_011794.wav,validate,0,0,0,0,0,0,1,0
46_011829.wav,validate,0,0,0,0,0,0,1,0
46_011834.wav,validate,0,0,0,0,0,0,1,0
46_011842.wav,validate,0,0,0,0,0,0,1,0
46_011902.wav,validate,0,0,0,0,0,0,0,0
46_011908.wav,validate,1,0,0,0,0,0,1,0
46_011948.wav,validate,1,0,0,0,0,0,0,0
46_012020.wav,validate,0,0,0,0,1,0,1,0
46_012129.wav,validate,0,0,0,0,0,0,0,0
46_012146.wav,validate,1,0,0,0,0,0,0,0
46_012237.wav,validate,1,0,0,0,0,0,0,0
46_012263.wav,validate,1,0,0,0,0,0,1,0
46_012386.wav,validate,0,0,0,0,0,0,1,0
46_012405.wav,validate,0,0,0,0,0,0,0,0
46_012481.wav,validate,0,0,0,0,0,0,1,0
46_012496.wav,validate,0,0,0,0,0,0,0,0
46_012508.wav,validate,0,0,0,0,1,0,1,0
46_012526.wav,validate,0,0,0,0,0,0,1,0
46_012607.wav,validate,0,0,0,0,0,0,0,0
46_012666.wav,validate,0,0,0,0,0,0,0,0
46_012781.wav,validate,0,0,0,0,0,0,0,0
46_012832.wav,validate,0,0,0,0,0,0,1,0
46_012853.wav,validate,0,0,0,0,0,0,1,0
46_012913.wav,validate,1,0,0,0,1,0,0,0
46_012934.wav,validate,1,0,0,0,0,0,1,0
46_012947.wav,validate,0,0,0,0,1,0,0,0
46_012950.wav,validate,1,0,0,0,0,0,1,0
46_012988.wav,validate,0,0,0,0,0,0,0,0
46_013044.wav,validate,0,0,0,0,0,0,1,0
46_013048.wav,validate,0,0,0,0,0,0,1,0
46_013119.wav,validate,0,0,0,0,0,0,1,0
46_013126.wav,validate,0,0,0,0,0,0,1,0
46_013151.wav,validate,1,0,0,0,0,0,0,0
46_013231.wav,validate,1,0,0,0,1,0,0,0
46_013247.wav,validate,0,0,0,0,0,0,1,0
46_013311.wav,validate,1,0,0,0,0,0,1,0
46_013377.wav,validate,0,0,0,0,0,0,1,0
46_013396.wav,validate,0,0,0,0,0,0,1,0
46_013431.wav,validate,0,0,0,0,0,0,0,0
46_013441.wav,validate,0,0,0,0,0,0,1,0
46_013502.wav,validate,0,0,0,0,0,0,1,0
46_013559.wav,validate,0,0,0,0,0,0,1,0
46_013584.wav,validate,1,0,0,0,0,0,1,0
46_013615.wav,validate,0,0,0,0,0,0,1,0
46_013619.wav,validate,0,0,0,0,0,0,0,0
46_013634.wav,validate,0,0,0,0,0,0,0,0
46_013652.wav,validate,0,0,0,0,0,0,1,0
46_013673.wav,validate,0,0,0,0,0,0,1,0
46_013692.wav,validate,1,0,0,0,0,0,1,0
46_013718.wav,validate,0,0,0,0,1,0,0,0
46_016322.wav,validate,0,0,0,0,1,0,1,0
46_016382.wav,validate,0,0,0,0,0,0,1,0
46_016384.wav,validate,0,0,0,0,0,0,1,0
46_016491.wav,validate,0,0,0,0,0,0,1,0
46_016505.wav,validate,0,0,0,0,1,0,1,0
46_016689.wav,validate,0,0,0,0,0,0,1,0
46_016784.wav,validate,0,0,0,0,0,0,0,0
46_017085.wav,validate,1,0,0,0,0,0,1,0
46_017284.wav,validate,0,0,0,0,0,0,0,0
46_017507.wav,validate,1,0,0,0,0,0,1,0
46_017681.wav,validate,0,0,0,0,0,0,1,0
46_017697.wav,validate,1,0,0,0,0,0,0,0
46_017708.wav,validate,0,0,0,0,0,0,1,0
46_017717.wav,validate,1,0,0,0,0,0,0,0
46_017725.wav,validate,0,0,0,0,0,0,0,0
46_017769.wav,validate,0,1,0,0,0,0,1,0
46_017773.wav,validate,1,0,0,0,1,0,1,0
46_017778.wav,validate,1,0,0,0,0,0,0,0
46_017871.wav,validate,1,0,0,0,0,0,0,0
46_017956.wav,validate,0,0,0,0,0,0,1,0
46_018163.wav,validate,0,0,0,0,0,0,1,0
46_018235.wav,validate,0,0,0,0,1,0,1,0
46_018421.wav,validate,0,0,0,0,0,0,0,0
46_018541.wav,validate,0,0,0,0,0,0,1,0
46_018758.wav,validate,0,0,0,0,1,0,1,0
46_018827.wav,validate,0,0,0,0,0,0,1,0
46_018880.wav,validate,0,0,0,0,0,0,0,0
46_018923.wav,validate,1,0,0,0,0,0,1,0
46_018953.wav,validate,0,0,0,0,1,0,1,0
46_018973.wav,validate,0,0,0,0,0,0,1,0
46_019574.wav,validate,1,0,0,0,0,1,0,0
46_019582.wav,validate,1,0,0,0,0,0,1,0
46_019660.wav,validate,0,0,0,0,0,0,1,0
46_019671.wav,validate,1,0,0,0,0,0,1,0
46_019748.wav,validate,0,0,0,0,1,0,1,0
46_019818.wav,validate,0,0,0,0,1,0,1,0
46_019987.wav,validate,1,0,0,0,0,0,1,0
46_019999.wav,validate,0,0,0,0,0,0,1,0
46_020163.wav,validate,0,0,0,0,0,0,1,0
46_020187.wav,validate,0,0,0,0,1,0,0,0
46_020303.wav,validate,0,0,1,0,0,0,0,0
46_020351.wav,validate,1,0,0,0,1,0,0,0
46_020426.wav,validate,0,0,0,0,0,0,0,0
46_020573.wav,validate,0,0,0,0,0,0,0,0
46_020723.wav,validate,1,0,0,0,0,0,0,0
46_020807.wav,validate,0,0,0,0,1,0,0,0
46_020853.wav,validate,0,0,0,0,0,0,1,0
48_026909.wav,test,1,0,0,0,0,0,0,0
48_026913.wav,test,1,0,0,0,0,0,0,0
48_026925.wav,test,1,0,0,0,0,0,0,0
48_027067.wav,test,1,0,0,0,0,0,0,0
48_027074.wav,test,0,0,0,0,0,0,0,0
48_027156.wav,test,0,0,0,0,0,0,0,0
48_027280.wav,test,0,1,0,0,0,0,0,0
48_027283.wav,test,0,1,0,0,0,0,0,0
48_027318.wav,test,1,0,0,0,0,0,0,0
48_027329.wav,test,1,0,0,0,0,0,0,0
48_027407.wav,test,1,0,0,0,0,0,0,0
48_027767.wav,test,1,0,0,0,0,0,0,0
49_026910.wav,test,1,0,0,0,1,0,0,0
49_026988.wav,test,1,0,0,0,0,0,0,0
49_026991.wav,test,1,0,0,0,0,0,0,0
49_027208.wav,test,1,0,1,0,0,0,0,0
49_027227.wav,test,0,0,1,0,0,0,0,0
49_027265.wav,test,1,0,0,0,0,0,0,0
49_027344.wav,test,1,0,1,0,0,0,0,0
49_027418.wav,test,0,0,1,0,0,0,0,0
49_027426.wav,test,1,0,0,0,1,0,0,0
49_027429.wav,test,1,0,0,0,1,0,0,0
49_027458.wav,test,1,0,0,0,1,0,1,0
49_027609.wav,test,0,0,1,0,0,0,0,0
49_027721.wav,test,0,0,0,0,1,0,0,0
49_027782.wav,test,1,0,0,0,0,0,1,0
49_027812.wav,test,0,0,1,0,0,0,1,0
49_027833.wav,test,1,0,0,0,0,0,0,0
50_026911.wav,test,0,0,1,0,0,0,1,0
50_026914.wav,test,1,0,0,0,0,0,0,0
50_026927.wav,test,0,0,0,0,0,0,1,0
50_026932.wav,test,1,0,0,0,0,0,1,0
50_026941.wav,test,0,0,0,0,0,0,1,0
50_027187.wav,test,0,0,0,0,1,0,1,0
50_027240.wav,test,0,0,0,0,0,0,0,0
50_027258.wav,test,0,0,0,0,0,0,1,0
50_027266.wav,test,0,0,0,0,0,0,1,0
50_027267.wav,test,0,0,1,0,0,0,1,1
50_027279.wav,test,1,0,0,0,0,1,0,1
50_027290.wav,test,0,0,0,0,0,0,1,0
50_027394.wav,test,1,0,0,0,0,0,1,0
50_027408.wav,test,1,0,0,0,1,0,0,0
50_027534.wav,test,0,0,0,0,0,0,1,0
50_027623.wav,test,0,0,0,0,0,0,0,0
50_027628.wav,test,0,0,0,0,0,0,1,1
50_027667.wav,test,0,0,1,0,0,0,1,0
50_027690.wav,test,0,0,0,0,0,1,1,0
50_027697.wav,test,0,0,0,0,0,0,0,0
50_027701.wav,test,0,0,0,0,0,1,0,0
50_027765.wav,test,1,0,1,0,0,0,1,0
50_027847.wav,test,0,0,0,0,0,0,1,0
51_026917.wav,test,1,0,0,0,0,0,0,0
51_026920.wav,test,1,0,0,0,0,0,0,0
51_027004.wav,test,1,0,1,0,0,0,0,0
51_027122.wav,test,1,0,1,0,0,0,0,0
51_027221.wav,test,0,0,1,0,0,0,0,0
51_027282.wav,test,1,0,0,0,0,0,0,0
51_027291.wav,test,1,0,0,0,0,0,0,0
51_027488.wav,test,1,0,0,0,0,0,0,0
51_027518.wav,test,1,0,0,0,1,0,0,0
51_027612.wav,test,1,0,1,0,0,0,0,0
52_027164.wav,test,1,0,1,0,0,0,1,0
52_027217.wav,test,1,0,0,0,1,0,0,0
52_027479.wav,test,0,0,0,0,0,0,1,0
52_027652.wav,test,1,0,0,0,0,0,0,0
52_027829.wav,test,1,0,0,0,0,0,0,0
53_027034.wav,test,1,0,1,0,0,0,0,0
53_027162.wav,test,1,0,0,0,0,0,0,0
53_027189.wav,test,1,0,0,0,0,0,0,0
53_027257.wav,test,0,0,1,0,0,0,1,0
53_027276.wav,test,0,0,1,0,0,0,0,0
53_027519.wav,test,1,0,0,0,1,0,0,0
53_027550.wav,test,0,0,0,0,0,0,0,0
53_027624.wav,test,1,0,0,0,0,0,0,0
53_027688.wav,test,0,0,0,0,0,0,0,0
53_027699.wav,test,1,0,0,0,0,0,1,0
53_027800.wav,test,1,0,0,0,0,0,0,0
53_027870.wav,test,0,0,0,0,0,0,1,0
54_027254.wav,test,0,0,0,0,1,1,1,0
55_027052.wav,test,1,0,1,0,0,0,0,0
55_027069.wav,test,1,0,1,0,0,0,0,0
55_027077.wav,test,1,0,1,0,0,0,1,0
55_027123.wav,test,0,0,0,0,0,0,1,0
55_027222.wav,test,1,0,1,0,0,1,0,0
55_027228.wav,test,1,0,0,0,0,0,0,0
55_027234.wav,test,1,0,0,0,0,0,0,0
55_027272.wav,test,1,0,0,0,1,0,0,0
55_027393.wav,test,0,0,0,0,0,0,0,0
55_027401.wav,test,0,0,0,0,0,0,0,0
55_027480.wav,test,1,0,0,0,0,0,0,0
55_027517.wav,test,1,0,1,0,0,0,0,0
55_027559.wav,test,1,0,0,0,1,0,0,0
55_027618.wav,test,1,0,0,0,0,0,0,0
55_027733.wav,test,1,0,0,0,0,0,0,0
55_027764.wav,test,1,0,0,0,0,0,1,0
55_027773.wav,test,1,0,0,0,0,0,0,0
55_027779.wav,test,0,0,0,0,1,0,1,0
55_027809.wav,test,1,0,0,0,0,0,0,0
55_027843.wav,test,1,0,0,0,0,0,0,1
55_027855.wav,test,0,0,1,0,0,0,0,0
56_027095.wav,test,1,0,1,0,1,0,0,0
56_027165.wav,test,1,0,0,0,1,0,0,0
56_027236.wav,test,1,0,0,0,1,0,0,0
56_027260.wav,test,1,0,0,0,0,0,0,0
56_027443.wav,test,1,0,0,0,1,0,0,0
56_027455.wav,test,1,0,1,1,0,0,0,0
56_027477.wav,test,0,0,1,0,1,0,0,0
56_027493.wav,test,0,0,1,1,1,0,0,0
56_027507.wav,test,1,0,1,0,1,0,0,0
56_027606.wav,test,1,0,0,0,1,0,0,0
56_027757.wav,test,1,0,1,0,0,0,0,0
56_027758.wav,test,1,1,0,0,1,0,0,0
57_027304.wav,test,1,0,1,0,0,0,0,0
57_027315.wav,test,1,0,1,0,0,0,0,0
57_027374.wav,test,0,0,1,0,0,0,0,0
57_027391.wav,test,1,0,1,1,0,0,0,0
57_027538.wav,test,1,0,1,0,0,0,1,0
57_027665.wav,test,1,0,1,0,0,0,0,0
58_027133.wav,test,0,0,1,0,1,0,1,0
58_027154.wav,test,0,0,1,0,0,0,1,0
58_027515.wav,test,1,0,1,0,1,0,1,0
58_027562.wav,test,1,0,1,0,0,0,1,0
61_027412.wav,test,1,0,0,0,0,0,0,0
61_027621.wav,test,1,0,1,0,0,1,0,0
61_027651.wav,test,1,0,1,0,0,0,0,0
61_027827.wav,test,1,0,0,0,0,1,0,0
